{
  "merged_jsonl": "results/exp18_midlate_token_handoff/full_runpod_20260423_095122/pure_flow/gemma3_4b/it/pure_flow_results.jsonl",
  "n_prompts": 600,
  "n_steps": 134444,
  "windows": {
    "early": {
      "by_token_category": {
        "CONTENT": {
          "count": 124890,
          "fraction_positive": 0.42796060533269276,
          "fraction_top1_displaced": 0.2660613339738853,
          "handoff_rate": 0.42796060533269276,
          "margin_delta": 6.768037130046923,
          "mean_first_top1_layer": 23.944174873889022,
          "mean_first_top20_layer": 19.503467051004883,
          "mean_first_top5_layer": 21.321194651293137,
          "mean_top20_entries": 4.574960365121354,
          "mean_top20_exits": 4.574960365121354,
          "repulsion_top10_delta": -7.3609531348386525,
          "support_target_delta": -0.5929160047916758,
          "teacher_rank_gain": null
        },
        "DISCOURSE": {
          "count": 420,
          "fraction_positive": 0.7357142857142858,
          "fraction_top1_displaced": 0.2945238095238097,
          "handoff_rate": 0.7357142857142858,
          "margin_delta": 5.333736058754529,
          "mean_first_top1_layer": 21.985714285714284,
          "mean_first_top20_layer": 17.15714285714286,
          "mean_first_top5_layer": 19.066666666666666,
          "mean_top20_entries": 5.153571428571425,
          "mean_top20_exits": 5.153571428571425,
          "repulsion_top10_delta": -6.119571365370587,
          "support_target_delta": -0.7858353066160559,
          "teacher_rank_gain": null
        },
        "FORMAT": {
          "count": 39196,
          "fraction_positive": 0.6397081334830085,
          "fraction_top1_displaced": 0.2905449535667051,
          "handoff_rate": 0.6397081334830085,
          "margin_delta": 5.954823265059105,
          "mean_first_top1_layer": 22.451423614654555,
          "mean_first_top20_layer": 17.47226757832432,
          "mean_first_top5_layer": 19.649505051535872,
          "mean_top20_entries": 4.672265027043602,
          "mean_top20_exits": 4.672265027043602,
          "repulsion_top10_delta": -7.68745238670084,
          "support_target_delta": -1.7326291216417526,
          "teacher_rank_gain": null
        },
        "FUNCTION": {
          "count": 30629,
          "fraction_positive": 0.711907016226452,
          "fraction_top1_displaced": 0.26350843971400384,
          "handoff_rate": 0.711907016226452,
          "margin_delta": 6.871505770824822,
          "mean_first_top1_layer": 19.450879885076233,
          "mean_first_top20_layer": 14.132358222599498,
          "mean_first_top5_layer": 16.149335596983253,
          "mean_top20_entries": 4.4452675568905455,
          "mean_top20_exits": 4.4452675568905455,
          "repulsion_top10_delta": -7.622164476176471,
          "support_target_delta": -0.750658705351709,
          "teacher_rank_gain": null
        },
        "FUNCTION_OTHER": {
          "count": 32803,
          "fraction_positive": 0.6963692345212328,
          "fraction_top1_displaced": 0.26537206962778526,
          "handoff_rate": 0.6963692345212328,
          "margin_delta": 6.816833986319527,
          "mean_first_top1_layer": 19.946163460659086,
          "mean_first_top20_layer": 14.542694265768375,
          "mean_first_top5_layer": 16.6122915586989,
          "mean_top20_entries": 4.4495351034966415,
          "mean_top20_exits": 4.4495351034966415,
          "repulsion_top10_delta": -7.628297985455156,
          "support_target_delta": -0.8114639991356587,
          "teacher_rank_gain": null
        },
        "OTHER": {
          "count": 2174,
          "fraction_positive": 0.47746090156393745,
          "fraction_top1_displaced": 0.2916283348666052,
          "handoff_rate": 0.47746090156393745,
          "margin_delta": 6.0465754363597375,
          "mean_first_top1_layer": 26.924103035878566,
          "mean_first_top20_layer": 20.323827046918122,
          "mean_first_top5_layer": 23.13477460901564,
          "mean_top20_entries": 4.509659613615466,
          "mean_top20_exits": 4.509659613615466,
          "repulsion_top10_delta": -7.714711626529725,
          "support_target_delta": -1.6681361901699783,
          "teacher_rank_gain": null
        },
        "PUNCTUATION": {
          "count": 32634,
          "fraction_positive": 0.706379849236992,
          "fraction_top1_displaced": 0.28577863577865237,
          "handoff_rate": 0.706379849236992,
          "margin_delta": 6.065691810848321,
          "mean_first_top1_layer": 22.000858000858003,
          "mean_first_top20_layer": 16.797174725746153,
          "mean_first_top5_layer": 19.089232089232087,
          "mean_top20_entries": 4.625770668627825,
          "mean_top20_exits": 4.625770668627825,
          "repulsion_top10_delta": -7.8793609005134675,
          "support_target_delta": -1.813669089665173,
          "teacher_rank_gain": null
        },
        "STRUCTURAL": {
          "count": 6142,
          "fraction_positive": 0.27889938130901987,
          "fraction_top1_displaced": 0.3155975252360775,
          "handoff_rate": 0.27889938130901987,
          "margin_delta": 5.408221588628487,
          "mean_first_top1_layer": 24.8772386844676,
          "mean_first_top20_layer": 21.08075545424943,
          "mean_first_top5_layer": 22.6662324975578,
          "mean_top20_entries": 4.886388798436982,
          "mean_top20_exits": 4.886388798436982,
          "repulsion_top10_delta": -6.775008164818307,
          "support_target_delta": -1.3667865761898144,
          "teacher_rank_gain": null
        }
      }
    },
    "late_reconciliation": {
      "by_token_category": {
        "CONTENT": {
          "count": 124890,
          "fraction_positive": 0.42796060533269276,
          "fraction_top1_displaced": 0.23348775493866866,
          "handoff_rate": 0.42796060533269276,
          "margin_delta": 2.0559138854969645,
          "mean_first_top1_layer": 23.944174873889022,
          "mean_first_top20_layer": 19.503467051004883,
          "mean_first_top5_layer": 21.321194651293137,
          "mean_top20_entries": 4.63346373380005,
          "mean_top20_exits": 4.63346373380005,
          "repulsion_top10_delta": 1.3874108312500038,
          "support_target_delta": 3.443324716746983,
          "teacher_rank_gain": null
        },
        "DISCOURSE": {
          "count": 420,
          "fraction_positive": 0.7357142857142858,
          "fraction_top1_displaced": 0.21700680272108816,
          "handoff_rate": 0.7357142857142858,
          "margin_delta": 1.370869810478608,
          "mean_first_top1_layer": 21.985714285714284,
          "mean_first_top20_layer": 17.15714285714286,
          "mean_first_top5_layer": 19.066666666666666,
          "mean_top20_entries": 3.9610544217687056,
          "mean_top20_exits": 3.9610544217687056,
          "repulsion_top10_delta": 1.3615887245811724,
          "support_target_delta": 2.732458535059782,
          "teacher_rank_gain": null
        },
        "FORMAT": {
          "count": 39196,
          "fraction_positive": 0.6397081334830085,
          "fraction_top1_displaced": 0.17167021416177375,
          "handoff_rate": 0.6397081334830085,
          "margin_delta": 2.0365192223976383,
          "mean_first_top1_layer": 22.451423614654555,
          "mean_first_top20_layer": 17.47226757832432,
          "mean_first_top5_layer": 19.649505051535872,
          "mean_top20_entries": 4.292887029288682,
          "mean_top20_exits": 4.292887029288682,
          "repulsion_top10_delta": 1.1207730738988113,
          "support_target_delta": 3.1572922962964634,
          "teacher_rank_gain": null
        },
        "FUNCTION": {
          "count": 30629,
          "fraction_positive": 0.711907016226452,
          "fraction_top1_displaced": 0.15667691217007165,
          "handoff_rate": 0.711907016226452,
          "margin_delta": 1.4926426175208019,
          "mean_first_top1_layer": 19.450879885076233,