{
  "n_prompts": 1400,
  "intrinsic_dim": [
    6.637401422189031,
    6.789835288278999,
    7.318694375115801,
    8.052228586816769,
    8.791074443939662,
    8.403323102763903,
    8.156574677798922,
    8.393315582632313,
    8.35849224646622,
    8.609703369386365,
    8.866666902161219,
    9.03675698486935,
    9.077791659728318,
    9.347897770838225,
    9.434226603136294,
    9.721023395276127,
    9.221435552810021,
    9.348475235721184,
    9.471565336296491,
    9.874952753175187,
    9.989957340176025,
    9.94897954971059,
    9.761872732906745,
    9.817309896805027,
    9.80126165862836,
    9.88631326802795,
    9.96437289208405,
    10.124166498428979,
    10.301765090851951,
    10.397068641884252,
    10.56541304158233,
    10.896100776778503
  ],
  "intrinsic_dim_ci_low": [
    5.666469367173346,
    5.964170783171084,
    6.226518560361612,
    6.9441098790945714,
    7.51806963719289,
    7.194344355130233,
    7.143249900494127,
    7.255047648169337,
    7.140920847010328,
    7.3447648993056625,
    7.592499933926113,
    7.723592990416912,
    7.680054029368181,
    7.8476383860398515,
    8.283924249157678,
    8.289272771456423,
    8.01710618159707,
    8.605887188516455,
    8.655242921525383,
    9.164818169689859,
    9.247392432965887,
    9.207937978960677,
    8.890335923051564,
    9.058850207836656,
    9.002108874775667,
    9.0181828676254,
    9.163624318672722,
    9.354028994209681,
    9.395520504448157,
    9.625842125249093,
    9.723035394521155,
    10.01958131905076
  ],
  "intrinsic_dim_ci_high": [
    7.418868223925124,
    7.477566294056914,
    8.125973221927296,
    9.379632610947612,
    9.545591009556833,
    9.375883533035065,
    8.937218746994235,
    9.086449414398002,
    9.341501931647567,
    9.552366334485678,
    9.857405843766475,
    9.847038213172011,
    9.873765005421278,
    10.191378782300797,
    10.228231026675994,
    10.674402862336198,
    10.399222526421578,
    10.12017828288126,
    10.749523765231926,
    10.963329586273858,
    10.838354014490433,
    11.034840247952658,
    10.75707575047648,
    10.721204307428408,
    10.461720500448104,
    10.633709899001097,
    10.651628253467159,
    10.886290524506306,
    10.932326737499851,
    11.3019287939802,
    11.483545543809623,
    11.929421829573746
  ],
  "model": "mistral_7b",
  "variant": "pt",
  "n_layers": 32
}