{
  "residuals_npz": "/root/results/cross_model_runs/l8_eval_20260414_v2_mistral_7b/mistral_7b/pt/L8_residuals.npz",
  "n_prompts_used": 1400,
  "metrics": {
    "participation_ratio": [
      4.397127475201801,
      3.8980823407927727,
      2.479975446882195,
      4.170044398182002,
      4.212448076709785,
      7.019227949210088,
      10.089817665747825,
      13.282699362316801,
      17.241423619051286,
      19.08403966367574,
      19.381253256920534,
      20.37391074484162,
      20.49765852755616,
      20.109638814732335,
      20.647703142173242,
      20.555292575448416,
      21.088788575333457,
      20.576592272987778,
      21.977815414888955,
      23.173905312160688,
      22.919334111779243,
      24.148685733861186,
      24.870557593449334,
      26.21202895663524,
      27.643008473737087,
      27.880960673967994,
      27.895518493856418,
      27.38790169503586,
      27.506639083909242,
      27.27412309951033,
      27.332079105056174,
      24.080030314976526
    ],
    "effective_rank": [
      14.002626183743226,
      13.258433155860018,
      7.915962730021805,
      15.659688546656675,
      17.94946064845039,
      36.01874592008223,
      49.710288403473484,
      62.42296540099732,
      80.27517911548436,
      85.94692506257232,
      87.6896740218932,
      91.81706502904754,
      91.4650376123972,
      91.25705519552429,
      94.70859913826244,
      98.02950727906445,
      99.90370936968792,
      98.75237667153615,
      103.94296071952535,
      112.284625356038,
      113.39746123682464,
      121.8713890215453,
      126.99238109457565,
      132.9670956842281,
      141.50061637203058,
      144.51772410351424,
      148.58518606206525,
      149.16131500224924,
      152.25188784355518,
      152.21347163852383,
      152.85103483604217,
      136.60311746855774
    ],
    "pc1_ratio": [
      0.45402492166904934,
      0.4855767504404037,
      0.626639381911139,
      0.461752104723484,
      0.46613138732193526,
      0.3522696988275772,
      0.28172176981353975,
      0.23190139301771884,
      0.19329313448782393,
      0.17193046448257804,
      0.16530603420463588,
      0.15794676513616246,
      0.1496456823509266,
      0.1539936815095178,
      0.15293116770150808,
      0.15343567309632983,
      0.1451325951891974,
      0.1480003810496929,
      0.13590231627757687,
      0.13595059981658786,
      0.1441835749864494,
      0.14182385897877528,
      0.14046431003271387,
      0.1359479665817834,
      0.1316903801645516,
      0.13085883938948395,
      0.13382699964967484,
      0.13763535758880352,
      0.1366581265252331,
      0.13652862074794944,
      0.13555185264844047,
      0.1556078250714702
    ],
    "pc5_ratio": [
      0.7074227948489568,
      0.7349889074192649,
      0.805101171926485,
      0.7358328578949123,
      0.7068088362756215,
      0.5873643371616223,
      0.5258672959477583,
      0.4896260256258329,
      0.4426426630493279,
      0.4357038012371141,
      0.4376762032832265,
      0.42966810879135725,
      0.4321688070993521,
      0.43341982045433863,
      0.427938914544423,
      0.4253581791255602,
      0.4192023651009062,
      0.4221678833072474,
      0.4112128350571909,
      0.39826673538771085,
      0.39743032700169556,
      0.38608110247840227,
      0.37990986927689635,
      0.3708394181276366,
      0.3613046232075217,
      0.3605995727417837,
      0.3589170853697883,
      0.360123528511134,
      0.35808794812926464,
      0.35945605482073956,
      0.3603032934516139,
      0.3749286580336247
    ],
    "pc10_ratio": [
      0.8018571947360142,
      0.805642124517401,
      0.8552612367325148,
      0.7920221520957019,
      0.7674774165574505,
      0.6731687779915847,
      0.6267677558162401,
      0.5935101355517981,
      0.5458988237449343,
      0.5384045002047668,
      0.5374664518015703,
      0.5299943514994438,
      0.5334131785973926,
      0.5364702599697404,
      0.5301549049905545,
      0.5243561736969816,
      0.521479012029305,
      0.5232182459394273,
      0.5098542243277338,
      0.49230082257277125,
      0.4900490765855858,
      0.47496692932458334,
      0.46746577386296734,
      0.4585784652778491,
      0.44734643621257164,
      0.44412420796454777,
      0.4392328337116948,
      0.43879276618647356,
      0.4366123945396286,
      0.4392827914023611,
      0.4412411322739765,
      0.464535762078581
    ]
  },
  "summary": {
    "late_start_layer": 25,
    "participation_ratio_last": 24.080030314976526,
    "participation_ratio_late_mean": 27.05103606661608,
    "effective_rank_last": 136.60311746855774,
    "effective_rank_late_mean": 148.02624813635822,
    "pc1_ratio_last": 0.1556078250714702,
    "pc1_ratio_late_mean": 0.13809537451729365,
    "pc5_ratio_last": 0.3749286580336247,
    "pc5_ratio_late_mean": 0.3617737344368498,
    "pc10_ratio_last": 0.464535762078581,
    "pc10_ratio_late_mean": 0.44340312687960903
  }
}