{
  "model": "deepseek_v2_lite",
  "n_records": 200,
  "n_resamples": 100,
  "corrective_layers": [
    16,
    17,
    18,
    19,
    20,
    21,
    22,
    23,
    24,
    25,
    26
  ],
  "per_layer": {
    "16": {
      "bootstrap_vs_full_cosines": {
        "mean": 0.7438210844993591,
        "std": 0.022885365411639214,
        "min": 0.6602505445480347,
        "p5": 0.7031503021717072,
        "p95": 0.7776459008455276
      },
      "pairwise_cosines": {
        "mean": 0.9607208967208862,
        "std": 0.00809038057923317,
        "min": 0.8880817294120789,
        "p5": 0.9462127894163131,
        "p95": 0.9711384266614914
      }
    },
    "17": {
      "bootstrap_vs_full_cosines": {
        "mean": 0.7855316996574402,
        "std": 0.019111232832074165,
        "min": 0.7395058274269104,
        "p5": 0.7554112344980239,
        "p95": 0.8145309299230575
      },
      "pairwise_cosines": {
        "mean": 0.9736296534538269,
        "std": 0.006654936820268631,
        "min": 0.9399474263191223,
        "p5": 0.9610847562551499,
        "p95": 0.9819890826940536
      }
    },
    "18": {
      "bootstrap_vs_full_cosines": {
        "mean": 0.930596113204956,
        "std": 0.006548379082232714,
        "min": 0.9012331366539001,
        "p5": 0.9205442577600479,
        "p95": 0.9401433080434799
      },
      "pairwise_cosines": {
        "mean": 0.988408088684082,
        "std": 0.00263390364125371,
        "min": 0.9632867574691772,
        "p5": 0.9837708592414856,
        "p95": 0.9918565809726715
      }
    },
    "19": {
      "bootstrap_vs_full_cosines": {
        "mean": 0.8182846903800964,
        "std": 0.01432478241622448,
        "min": 0.7622382044792175,
        "p5": 0.7971341222524643,
        "p95": 0.8396510004997253
      },
      "pairwise_cosines": {
        "mean": 0.9741809964179993,
        "std": 0.006558855064213276,
        "min": 0.9280359745025635,
        "p5": 0.9617172628641129,
        "p95": 0.982490935921669
      }
    },
    "20": {
      "bootstrap_vs_full_cosines": {
        "mean": 0.819202721118927,
        "std": 0.020395634695887566,
        "min": 0.7563546299934387,
        "p5": 0.7861749112606049,
        "p95": 0.851283597946167
      },
      "pairwise_cosines": {
        "mean": 0.9751330614089966,
        "std": 0.005537508521229029,
        "min": 0.9347450137138367,
        "p5": 0.9650615304708481,
        "p95": 0.9823712140321732
      }
    },
    "21": {
      "bootstrap_vs_full_cosines": {
        "mean": 0.8201318383216858,
        "std": 0.024842869490385056,
        "min": 0.7430667877197266,
        "p5": 0.771104222536087,
        "p95": 0.8531319499015808
      },
      "pairwise_cosines": {
        "mean": 0.9813516736030579,
        "std": 0.006546531338244677,
        "min": 0.9442300796508789,
        "p5": 0.9680427670478821,
        "p95": 0.9883995562791824
      }
    },
    "22": {
      "bootstrap_vs_full_cosines": {
        "mean": 0.843296229839325,
        "std": 0.013141564093530178,
        "min": 0.7949340343475342,
        "p5": 0.8164461195468903,
        "p95": 0.8620378911495209
      },
      "pairwise_cosines": {
        "mean": 0.9736435413360596,
        "std": 0.007810473907738924,
        "min": 0.9188380241394043,
        "p5": 0.9586532801389694,
        "p95": 0.9827244818210602
      }
    },
    "23": {
      "bootstrap_vs_full_cosines": {
        "mean": 0.8585553765296936,
        "std": 0.011690033599734306,
        "min": 0.8193292021751404,
        "p5": 0.8387279033660888,
        "p95": 0.8748444259166718
      },
      "pairwise_cosines": {
        "mean": 0.9755342602729797,
        "std": 0.007276181597262621,
        "min": 0.93888258934021,
        "p5": 0.9609076857566834,
        "p95": 0.9843506842851639
      }
    },
    "24": {
      "bootstrap_vs_full_cosines": {
        "mean": 0.6876117587089539,
        "std": 0.029706193134188652,
        "min": 0.623285174369812,
        "p5": 0.6376208871603012,
        "p95": 0.7376179844141006
      },
      "pairwise_cosines": {
        "mean": 0.996576726436615,
        "std": 0.003280716249719262,
        "min": 0.9685419797897339,
        "p5": 0.9901064932346344,
        "p95": 0.9991958320140839
      }
    },
    "25": {
      "bootstrap_vs_full_cosines": {
        "mean": 0.9686836004257202,
        "std": 0.004810732323676348,
        "min": 0.957809567451477,
        "p5": 0.9596941530704498,
        "p95": 0.9755640596151351
      },
      "pairwise_cosines": {
        "mean": 0.9966516494750977,
        "std": 0.0014016873901709914,
        "min": 0.98736172914505,
        "p5": 0.9938590705394745,
        "p95": 0.9982459425926209
      }
    },
    "26": {
      "bootstrap_vs_full_cosines": {
        "mean": 0.9823095798492432,
        "std": 0.005712772719562054,
        "min": 0.9671608805656433,
        "p5": 0.9736195594072342,
        "p95": 0.9919350117444992
      },
      "pairwise_cosines": {
        "mean": 0.9985750317573547,
        "std": 0.0015690632862970233,
        "min": 0.9869334101676941,
        "p5": 0.9952858030796051,
        "p95": 0.9998639285564422
      }
    }
  },
  "summary": {
    "mean_bootstrap_vs_full": 0.8416386084123091,
    "mean_pairwise": 0.9813095981424506,
    "min_pairwise": 0.8880817294120789,
    "stable": true
  }
}