{
  "model": "deepseek_v2_lite",
  "corrective_layers": [
    16,
    17,
    18,
    19,
    20,
    21,
    22,
    23,
    24,
    25,
    26
  ],
  "n_records": 200,
  "per_layer_pca": {
    "16": {
      "variance_explained": [
        0.1122845932841301,
        0.05132770165801048,
        0.03702437877655029,
        0.03459711745381355,
        0.02535608969628811,
        0.023457877337932587,
        0.02142961509525776,
        0.021113896742463112,
        0.0175006166100502,
        0.017092974856495857
      ],
      "cumulative_variance": [
        0.1122845932841301,
        0.16361229121685028,
        0.20063666999340057,
        0.23523378372192383,
        0.2605898678302765,
        0.2840477526187897,
        0.3054773807525635,
        0.32659128308296204,
        0.34409189224243164,
        0.36118486523628235
      ],
      "singular_values": [
        19.29396629333496,
        13.044797897338867,
        11.079121589660645,
        10.709800720214844,
        9.168590545654297,
        8.818724632263184,
        8.428855895996094,
        8.366535186767578,
        7.617073059082031,
        7.527837753295898
      ],
      "total_variance": 3315.30029296875,
      "pc1_variance_ratio": 0.1122845932841301,
      "n_records": 200,
      "d_model": 2048,
      "rank_1_justified": false
    },
    "17": {
      "variance_explained": [
        0.13700364530086517,
        0.061655543744564056,
        0.04117003455758095,
        0.03563810884952545,
        0.029973719269037247,
        0.025481022894382477,
        0.023228731006383896,
        0.02095632627606392,
        0.018503248691558838,
        0.0175201166421175
      ],
      "cumulative_variance": [
        0.13700364530086517,
        0.19865918159484863,
        0.23982921242713928,
        0.2754673361778259,
        0.3054410517215729,
        0.33092206716537476,
        0.35415080189704895,
        0.37510713934898376,
        0.3936103880405426,
        0.41113051772117615
      ],
      "singular_values": [
        25.041675567626953,
        16.79899787902832,
        13.727388381958008,
        12.77187442779541,
        11.71298599243164,
        10.799551963806152,
        10.311220169067383,
        9.793882369995117,
        9.202828407287598,
        8.955004692077637
      ],
      "total_variance": 4577.14453125,
      "pc1_variance_ratio": 0.13700364530086517,
      "n_records": 200,
      "d_model": 2048,
      "rank_1_justified": false
    },
    "18": {
      "variance_explained": [
        0.126022607088089,
        0.07238423079252243,
        0.03476238250732422,
        0.02885330654680729,
        0.027662213891744614,
        0.024518819525837898,
        0.022964786738157272,
        0.020824795588850975,
        0.01971857249736786,
        0.01789986528456211
      ],
      "cumulative_variance": [
        0.126022607088089,
        0.19840684533119202,
        0.23316922783851624,
        0.2620225250720978,
        0.2896847426891327,
        0.31420356035232544,
        0.3371683359146118,
        0.35799312591552734,
        0.3777117133140564,
        0.39561158418655396
      ],
      "singular_values": [
        26.501604080200195,
        20.084911346435547,
        13.918828964233398,
        12.68077278137207,
        12.416276931762695,
        11.689547538757324,
        11.313035011291504,
        10.773040771484375,
        10.483001708984375,
        9.987868309020996
      ],
      "total_variance": 5573.08740234375,
      "pc1_variance_ratio": 0.126022607088089,
      "n_records": 200,
      "d_model": 2048,
      "rank_1_justified": false
    },
    "19": {
      "variance_explained": [
        0.14656735956668854,
        0.04304156452417374,
        0.04008873552083969,
        0.028225891292095184,
        0.02677847072482109,
        0.025263139978051186,
        0.02131972461938858,
        0.019785696640610695,
        0.018803628161549568,
        0.017506157979369164
      ],
      "cumulative_variance": [
        0.14656735956668854,
        0.18960893154144287,
        0.22969767451286316,
        0.25792357325553894,
        0.28470203280448914,
        0.3099651634693146,
        0.33128488063812256,
        0.3510705828666687,
        0.3698742091655731,
        0.38738036155700684
      ],
      "singular_values": [
        30.290477752685547,
        16.41464614868164,
        15.84158706665039,
        13.292642593383789,
        12.947335243225098,
        12.575671195983887,
        11.55256175994873,
        11.129179954528809,
        10.849465370178223,
        10.468462944030762
      ],
      "total_variance": 6260.009765625,
      "pc1_variance_ratio": 0.14656735956668854,
      "n_records": 200,
      "d_model": 2048,
      "rank_1_justified": false
    },
    "20": {
      "variance_explained": [
        0.09909558296203613,
        0.08489901572465897,
        0.048367395997047424,
        0.034402601420879364,
        0.0266569834202528,
        0.024356622248888016,
        0.01936647668480873,
        0.01902874745428562,
        0.01825937256217003,
        0.016481880098581314
      ],
      "cumulative_variance": [
        0.09909558296203613,
        0.1839945912361145,
        0.23236198723316193,
        0.2667645812034607,
        0.29342156648635864,
        0.31777819991111755,
        0.337144672870636,
        0.35617342591285706,
        0.3744328022003174,
        0.3909146785736084
      ],
      "singular_values": [
        27.078474044799805,
        25.063884735107422,
        18.91792106628418,
        15.954848289489746,
        14.044379234313965,
        13.42473030090332,
        11.97077751159668,
        11.86594009399414,
        11.623581886291504,
        11.043339729309082
      ],
      "total_variance": 7399.35888671875,
      "pc1_variance_ratio": 0.09909558296203613,
      "n_records": 200,
      "d_model": 2048,
      "rank_1_justified": false
    },
    "21": {
      "variance_explained": [
        0.2433054894208908,
        0.05994424968957901,
        0.039481308311223984,
        0.033216480165719986,
        0.025677110999822617,
        0.02149892784655094,
        0.019885770976543427,
        0.018664421513676643,
        0.016289258375763893,
        0.01564481295645237
      ],
      "cumulative_variance": [
        0.2433054894208908,
        0.3032497465610504,
        0.3427310585975647,
        0.3759475350379944,
        0.4016246497631073,
        0.4231235682964325,
        0.4430093467235565,
        0.461673766374588,
        0.47796303033828735,
        0.49360784888267517
      ],
      "singular_values": [
        49.237693786621094,
        24.439680099487305,
        19.83432960510254,
        18.192758560180664,
        15.995389938354492,
        14.636260986328125,
        14.076444625854492,
        13.637319564819336,
        12.740087509155273,
        12.485528945922852
      ],
      "total_variance": 9964.224609375,
      "pc1_variance_ratio": 0.2433054894208908,
      "n_records": 200,
      "d_model": 2048,
      "rank_1_justified": false
    },
    "22": {
      "variance_explained": [
        0.1880585253238678,
        0.05570750683546066,
        0.0428011454641819,
        0.02964532934129238,
        0.027311602607369423,
        0.023163769394159317,
        0.021248217672109604,
        0.019237911328673363,
        0.017917459830641747,
        0.016342993825674057
      ],
      "cumulative_variance": [
        0.1880585253238678,
        0.24376603960990906,
        0.28656718134880066,
        0.3162125051021576,
        0.34352409839630127,
        0.3666878640651703,
        0.3879360854625702,
        0.4071739912033081,
        0.4250914454460144,
        0.44143444299697876
      ],