{
  "A1_alpha_-0.5": {
    "condition": "A1_alpha_-0.5",
    "alpha": -0.5,
    "mean_commitment": 25.20876288659794,
    "median_commitment": 27.0,
    "std_commitment": 5.406389453522441,
    "n_tokens": 271600,
    "n_layers": 34,
    "skip_first_n": 5
  },
  "A1_alpha_-2": {
    "condition": "A1_alpha_-2",
    "alpha": -2.0,
    "mean_commitment": 25.580500736377026,
    "median_commitment": 28.0,
    "std_commitment": 5.206555263978525,
    "n_tokens": 271600,
    "n_layers": 34,
    "skip_first_n": 5
  },
  "A1_alpha_-5": {
    "condition": "A1_alpha_-5",
    "alpha": -5.0,
    "mean_commitment": 25.23443298969072,
    "median_commitment": 27.0,
    "std_commitment": 5.402262924733893,
    "n_tokens": 271600,
    "n_layers": 34,
    "skip_first_n": 5
  },
  "A1_alpha_0.25": {
    "condition": "A1_alpha_0.25",
    "alpha": 0.25,
    "mean_commitment": 27.400619761277138,
    "median_commitment": 29.0,
    "std_commitment": 5.694359151902896,
    "n_tokens": 270104,
    "n_layers": 34,
    "skip_first_n": 5
  },
  "A1_alpha_0.75": {
    "condition": "A1_alpha_0.75",
    "alpha": 0.75,
    "mean_commitment": 26.68302386244366,
    "median_commitment": 28.0,
    "std_commitment": 5.8865490192977665,
    "n_tokens": 259152,
    "n_layers": 34,
    "skip_first_n": 5
  },
  "A1_alpha_1.5": {
    "condition": "A1_alpha_1.5",
    "alpha": 1.5,
    "mean_commitment": 26.410937022317334,
    "median_commitment": 27.0,
    "std_commitment": 6.063364175122164,
    "n_tokens": 261680,
    "n_layers": 34,
    "skip_first_n": 5
  },
  "A1_alpha_3": {
    "condition": "A1_alpha_3",
    "alpha": 3.0,
    "mean_commitment": 27.285868924889545,
    "median_commitment": 29.0,
    "std_commitment": 4.380004003389929,
    "n_tokens": 271600,
    "n_layers": 34,
    "skip_first_n": 5
  },
  "A1_baseline": {
    "condition": "A1_baseline",
    "alpha": 1.0,
    "mean_commitment": 26.508703462801215,
    "median_commitment": 28.0,
    "std_commitment": 5.953123018780267,
    "n_tokens": 258288,
    "n_layers": 34,
    "skip_first_n": 5
  },
  "A1_ctrl_random_b1": {
    "condition": "A1_ctrl_random_b1",
    "alpha": 1.0,
    "mean_commitment": 25.719657584683357,
    "median_commitment": 28.0,
    "std_commitment": 5.581202490295929,
    "n_tokens": 271600,
    "n_layers": 34,
    "skip_first_n": 5
  },
  "A1_alpha_-1": {
    "condition": "A1_alpha_-1",
    "alpha": -1.0,
    "mean_commitment": 25.44216494845361,
    "median_commitment": 28.0,
    "std_commitment": 5.362257484280826,
    "n_tokens": 271600,
    "n_layers": 34,
    "skip_first_n": 5
  },
  "A1_alpha_-3": {
    "condition": "A1_alpha_-3",
    "alpha": -3.0,
    "mean_commitment": 25.665349779086892,
    "median_commitment": 28.0,
    "std_commitment": 5.128264363871537,
    "n_tokens": 271600,
    "n_layers": 34,
    "skip_first_n": 5
  },
  "A1_alpha_0.5": {
    "condition": "A1_alpha_0.5",
    "alpha": 0.5,
    "mean_commitment": 27.091784884067472,
    "median_commitment": 29.0,
    "std_commitment": 5.740916477138081,
    "n_tokens": 268432,
    "n_layers": 34,
    "skip_first_n": 5
  },
  "A1_alpha_0": {
    "condition": "A1_alpha_0",
    "alpha": 0.0,
    "mean_commitment": 26.881067746686302,
    "median_commitment": 29.0,
    "std_commitment": 5.5278822809776855,
    "n_tokens": 271600,
    "n_layers": 34,
    "skip_first_n": 5
  },
  "A1_alpha_1": {
    "condition": "A1_alpha_1",
    "alpha": 1.0,
    "mean_commitment": 26.485274110262516,
    "median_commitment": 28.0,
    "std_commitment": 5.960303934560057,
    "n_tokens": 258728,
    "n_layers": 34,
    "skip_first_n": 5
  },
  "A1_alpha_2": {
    "condition": "A1_alpha_2",
    "alpha": 2.0,
    "mean_commitment": 26.56394047297094,
    "median_commitment": 28.0,
    "std_commitment": 6.037077791651364,
    "n_tokens": 266232,
    "n_layers": 34,
    "skip_first_n": 5
  },
  "A1_alpha_5": {
    "condition": "A1_alpha_5",
    "alpha": 5.0,
    "mean_commitment": 28.4385382916053,
    "median_commitment": 29.0,
    "std_commitment": 2.273429817669344,
    "n_tokens": 271600,
    "n_layers": 34,
    "skip_first_n": 5
  },
  "A1_ctrl_random_b0": {
    "condition": "A1_ctrl_random_b0",
    "alpha": 1.0,
    "mean_commitment": 26.485274110262516,
    "median_commitment": 28.0,
    "std_commitment": 5.960303934560057,
    "n_tokens": 258728,
    "n_layers": 34,
    "skip_first_n": 5
  },
  "A1_ctrl_random_b3": {
    "condition": "A1_ctrl_random_b3",
    "alpha": 1.0,
    "mean_commitment": 28.38983063328424,
    "median_commitment": 29.0,
    "std_commitment": 4.030967896231127,
    "n_tokens": 271600,
    "n_layers": 34,
    "skip_first_n": 5
  }
}