{
  "model": "gemma3_4b",
  "n_prompts": 200,
  "profiles": {
    "1.0": {
      "alpha": 1.0,
      "id_twonn": [
        2.8182497423940567,
        3.1022830217472093,
        3.8653114039874485,
        4.017466436066618,
        4.783663494236063,
        5.165774150006117,
        6.116009221815488,
        6.808769508659646,
        7.682496876355266,
        8.445034231473167,
        10.527899112196053,
        12.363323904219543,
        12.973055259570277,
        16.129372554742716,
        15.102998914780946,
        14.147108329532115,
        12.45038449925696,
        12.00100700127391,
        11.723800019423004,
        12.857174591437458,
        11.939117440412444,
        11.623926753086415,
        11.740585776353862,
        11.472509656947295,
        10.275375094200578,
        10.643704763590314,
        10.377232243002428,
        10.43211812933702,
        10.79981829536608,
        11.009465061962485,
        11.169120111172127,
        10.97706028172707,
        10.688346522102236,
        11.90711624056207
      ],
      "n_tokens": 5000,
      "n_layers": 34
    },
    "0.0": {
      "alpha": 0.0,
      "id_twonn": [
        2.7748395440196276,
        2.524076257152622,
        2.7536124388946055,
        2.8505145131339416,
        2.935855504035902,
        2.780749383634604,
        3.1515257150088547,
        3.32188868680957,
        4.0397740120010335,
        5.756167692768914,
        6.555028531290385,
        7.529009914150399,
        8.00512469402146,
        8.159415287928619,
        8.79479034434063,
        8.716702810064392,
        7.529489897765139,
        7.209950140965061,
        7.510821029513384,
        7.162429201508715,
        6.783253971618126,
        6.533349817010422,
        6.629034216585648,
        5.970620339362544,
        6.430154650062678,
        6.183036394362077,
        6.192699501526538,
        6.164801146038098,
        6.552334460531899,
        6.87438775110237,
        6.75227282961503,
        6.249448512883322,
        6.2834432636040605,
        6.598997186673537
      ],
      "n_tokens": 5000,
      "n_layers": 34
    },
    "-1.0": {
      "alpha": -1.0,
      "id_twonn": [
        3.4793259425671565,
        2.5315218282587324,
        2.7515434602199735,
        2.5856269594512615,
        2.208528262599587,
        2.0874227514219745,
        2.1673847708701537,
        2.3053367803513,
        2.9074645904084035,
        4.956444354275915,
        6.030915654922775,
        5.988273124056503,
        6.0714112397311615,
        6.7071788824485274,
        6.590479358362897,
        6.010465519751444,
        6.098905275944959,
        5.584245920345611,
        5.590561314462613,
        5.439529495888296,
        5.131710074596488,
        5.091266092444421,
        5.062036687603398,
        4.981633556831713,
        4.801985787838007,
        5.071122332835724,
        4.857766507486487,
        5.317882552538594,
        5.384121453755244,
        4.81987508416923,
        5.037955084472673,
        4.45956110240346,
        4.670619228396027,
        4.5070755870929435
      ],
      "n_tokens": 5000,
      "n_layers": 34
    }
  }
}