{
  "n_prompts": 1400,
  "intrinsic_dim": [
    9.379122391552325,
    9.571470379061413,
    10.676983763966515,
    11.4972554921338,
    11.539314856909177,
    11.827768423369141,
    10.593384487422385,
    10.369383718025814,
    10.357498293244877,
    10.433546208449586,
    10.046746781984217,
    9.80771289549825,
    10.12953049334192,
    10.293678224102052,
    10.364617090907505,
    10.461773995654786,
    10.410520378538491,
    10.218582863665418,
    9.805851595541034,
    10.514473567403211,
    10.676489041294216,
    10.794656526116142,
    10.591925817306363,
    10.45363177625535,
    10.403646025910161,
    10.45712317618514,
    10.292992612317073,
    10.349279229130655,
    10.231239776648831,
    10.204032915273512,
    10.298451192651934,
    10.48508904493968
  ],
  "intrinsic_dim_ci_low": [
    8.58197988364551,
    8.673164128762906,
    9.87782001904592,
    10.688650003280285,
    10.618188842117924,
    10.865748764087813,
    9.906150899227924,
    9.629377345645818,
    9.697599044900942,
    9.593733621198377,
    9.161093208560354,
    9.04004157972324,
    9.353792957477788,
    9.509729970133998,
    9.528308062555444,
    9.69522656199198,
    9.466069705380947,
    9.244020253371492,
    9.136991142147044,
    9.828729802584613,
    10.020419274696623,
    10.060203640381026,
    9.767034396994518,
    9.641506816096088,
    9.611421835022115,
    9.742981622924116,
    9.511263306665496,
    9.549914985774638,
    9.467229282411806,
    9.383009263758364,
    9.455533313303293,
    9.506184921357534
  ],
  "intrinsic_dim_ci_high": [
    10.084966223682487,
    9.994006518192315,
    11.66283995523253,
    12.798995679052746,
    12.772844211900725,
    12.677809252084703,
    11.6585552207879,
    11.316088563932471,
    11.537777417296548,
    11.971895850079804,
    11.097481583959716,
    10.78795452599504,
    10.934586068844002,
    11.063471752323306,
    11.214493994154507,
    11.295085886554462,
    11.510766241791934,
    10.912162491792184,
    10.667451827042234,
    11.149428545856354,
    11.338549624195162,
    11.474658838330226,
    11.848786669905552,
    11.823314576102387,
    11.5808394035863,
    11.750220261070433,
    11.65035814923821,
    11.442809819716544,
    11.80188980690697,
    11.875291401852607,
    11.279376028999959,
    11.917858975456882
  ],
  "model": "olmo2_7b",
  "variant": "it",
  "n_layers": 32
}