{
  "residuals_npz": "/root/results/cross_model_runs/l8_eval_20260414_v2_olmo2_7b/olmo2_7b/it/L8_residuals.npz",
  "n_prompts_used": 1400,
  "metrics": {
    "participation_ratio": [
      3.6896053503485056,
      4.486644218066974,
      4.277163093501125,
      8.0943485096063,
      8.854214083621478,
      11.312055168700955,
      11.381792021464486,
      11.476235346043314,
      11.41890745596129,
      12.76194329662654,
      13.097437873365013,
      14.479224583862921,
      15.233910712732389,
      16.821693866112692,
      17.72505957996725,
      17.837021365831557,
      19.39393932354643,
      20.931315348033422,
      24.257488334966244,
      25.06624266589312,
      26.545854378274917,
      28.262554346033998,
      30.4517465055098,
      31.98825853868358,
      33.46581211883957,
      35.41057419610045,
      38.400701850619214,
      38.214622972339455,
      40.56301127067861,
      40.47093894451672,
      39.456453037313274,
      37.12614294481496
    ],
    "effective_rank": [
      7.9784744388137785,
      11.367682678822513,
      13.779072967690217,
      34.2375931543126,
      32.92771485832596,
      49.13587012634943,
      48.47203577764333,
      48.21561242366483,
      48.40743495141262,
      53.70539978338913,
      56.00932935611263,
      59.496049897974544,
      62.946502723424146,
      70.45203532189545,
      73.65215179120638,
      75.77809279911905,
      88.65876000118323,
      95.95121372949482,
      115.68251898267393,
      120.54923225260967,
      128.25249373835157,
      138.91192998412075,
      153.17969840129408,
      161.53487454148012,
      174.4407960288373,
      185.99612553788882,
      201.7917037535254,
      204.35779682291863,
      219.0798192165206,
      220.5840362951334,
      211.0065662254834,
      198.13871552866658
    ],
    "pc1_ratio": [
      0.42486072090005395,
      0.3930761813995508,
      0.4454609100606127,
      0.3034224318406337,
      0.2586312545708634,
      0.22294177992986738,
      0.2255789645526801,
      0.22072180320532678,
      0.22050443084736496,
      0.19702111899325409,
      0.19664995938120958,
      0.16303858269397667,
      0.16300323860103733,
      0.15317879868017653,
      0.14787202206825634,
      0.14749548301739912,
      0.1424029682674434,
      0.13787143818114472,
      0.1336031115734898,
      0.13038702187946125,
      0.12707183274370498,
      0.12174505094077838,
      0.11785059900020761,
      0.11546927075138767,
      0.11436658836203362,
      0.11260447693503706,
      0.10654956593571119,
      0.10828204238278556,
      0.10612963636167798,
      0.10852770358345666,
      0.10735086252005402,
      0.1095065312670741
    ],
    "pc5_ratio": [
      0.8369831775667291,
      0.7862966640857586,
      0.7682984064198595,
      0.6120790679453816,
      0.6275679457670665,
      0.5630637550769132,
      0.5572247962249243,
      0.5579517979927465,
      0.5617549019068225,
      0.5491026601594498,
      0.5407389770303651,
      0.5299406734286878,
      0.519872999488849,
      0.49858958986418694,
      0.48760604990389644,
      0.48243710393524913,
      0.4570028978933508,
      0.4356971579341654,
      0.3999662017761614,
      0.3955004647047325,
      0.38584521066274924,
      0.3712046892920414,
      0.3577934294479341,
      0.34916066794180484,
      0.34107820999478067,
      0.3294661647432898,
      0.3168255272185947,
      0.31700690575161156,
      0.3060801085037637,
      0.30529948079649405,
      0.3122695343242912,
      0.3218639069954291
    ],
    "pc10_ratio": [
      0.8999174478700555,
      0.861010470016212,
      0.8293845870023527,
      0.6967801969449193,
      0.714794087502595,
      0.6443236106092969,
      0.6453724795217062,
      0.6505639947037006,
      0.6540085476501861,
      0.6397580852641793,
      0.6306645251739977,
      0.6214813089759441,
      0.6130252934390964,
      0.5954645024019741,
      0.5912014870237773,
      0.5820279655620584,
      0.5509752506825419,
      0.531812945478905,
      0.4925616762122504,
      0.48523423466877447,
      0.4728409445900341,
      0.45572027562913964,
      0.43770522094259995,
      0.4279155850410855,
      0.41612688770018136,
      0.40391248012906855,
      0.38893867161231294,
      0.38828898321385114,
      0.37526268544010893,
      0.37372948917675153,
      0.3802335596584795,
      0.39069260910929937
    ]
  },
  "summary": {
    "late_start_layer": 25,
    "participation_ratio_last": 37.12614294481496,
    "participation_ratio_late_mean": 38.520349316626096,
    "effective_rank_last": 198.13871552866658,
    "effective_rank_late_mean": 205.85068048287667,
    "pc1_ratio_last": 0.1095065312670741,
    "pc1_ratio_late_mean": 0.10842154556939951,
    "pc5_ratio_last": 0.3218639069954291,
    "pc5_ratio_late_mean": 0.31554451833335345,
    "pc10_ratio_last": 0.39069260910929937,
    "pc10_ratio_late_mean": 0.385865496905696
  }
}