{
  "n_prompts": 1400,
  "intrinsic_dim": [
    8.50686101778837,
    9.169857408399004,
    9.414382707310057,
    9.158630681564949,
    8.880202380611395,
    8.92314732224234,
    8.998659625605876,
    9.089514300181982,
    8.937202347578431,
    8.612824252341468,
    8.621560319897146,
    8.662675788990434,
    8.625327534560357,
    8.645610904792612,
    8.811036548771664,
    8.882366581320337,
    8.913387629780347,
    9.00157568029636,
    9.157862952415389,
    9.524718768763858,
    9.305264108066746,
    9.209453409861073,
    9.356214954582358,
    9.139458795078408,
    8.883271960552891,
    8.788472703340544,
    8.651593631342353,
    8.74939171276396,
    8.552029767379906,
    8.3185219329341,
    8.012900984330706,
    7.665099560852856,
    7.289281995432769,
    7.052171202782142,
    6.808387949876218,
    6.488343404964446
  ],
  "intrinsic_dim_ci_low": [
    7.754510096231254,
    8.376169666767906,
    8.606091379656696,
    8.52733240052345,
    8.136573964324182,
    8.288222089517587,
    8.294613243947948,
    8.155884483709313,
    8.102727100718447,
    7.860562980996655,
    7.9476986363300375,
    7.9895059067931395,
    7.9799267228851045,
    7.969186973938575,
    8.221913733823948,
    8.201414865018023,
    8.21509448135485,
    8.280937602631631,
    8.275359685209494,
    8.744165927979445,
    8.529406944589418,
    8.512190204762911,
    8.68045412871107,
    8.455560381006409,
    8.183238936840768,
    8.143451496563882,
    7.980690421063671,
    7.966071793330827,
    7.809958820226215,
    7.727983020574368,
    7.473261426260051,
    7.146301798900901,
    6.879330296860949,
    6.631175863248276,
    6.3733537823975865,
    6.131629432230013
  ],
  "intrinsic_dim_ci_high": [
    9.199705294363163,
    9.842885869455749,
    10.159760671196223,
    10.10288006262906,
    9.86852454837351,
    9.839571809797334,
    10.223523497258771,
    9.882568437653378,
    9.96334233139411,
    9.511016123158399,
    9.544861703569321,
    9.499821458548585,
    9.362490531969884,
    9.385960697232,
    9.608785169822681,
    9.320250621812324,
    9.807036702764426,
    9.901102306795249,
    9.92485553606623,
    9.952974162670726,
    9.91035245882788,
    9.50780728808076,
    9.973170073824795,
    9.60526537525485,
    9.429662357871292,
    9.402187926006002,
    9.334608552458999,
    9.654138771567384,
    9.339120224597584,
    9.207084893202413,
    8.705746142400795,
    8.566377634699792,
    8.396007250969566,
    8.104646997872882,
    8.087226711042925,
    7.4088919672751725
  ],
  "model": "qwen3_4b",
  "variant": "it",
  "n_layers": 36
}