{
  "residuals_npz": "/root/results/cross_model_runs/l8_eval_20260414_v2_qwen3_4b/qwen3_4b/it/L8_residuals.npz",
  "n_prompts_used": 1400,
  "metrics": {
    "participation_ratio": [
      3.72918044466574,
      3.762459968847389,
      4.264559212306012,
      5.674976219619332,
      5.573203873074756,
      5.587353438303516,
      5.5318509345234315,
      5.269574854046111,
      5.657866595543837,
      5.450001197221729,
      4.979044031664051,
      5.658445164097774,
      5.755139637097595,
      5.809081252068366,
      5.659659068557016,
      5.896485621852941,
      6.032512217330434,
      6.56766585954382,
      7.3408330093784055,
      8.302299538488187,
      8.996457642779337,
      10.033821398559802,
      10.4454493071811,
      11.11501702861366,
      13.804618842522233,
      13.512289421089353,
      14.74894020506411,
      15.218071067724546,
      15.959022959344777,
      17.458532398671583,
      19.220954688048256,
      19.163770003393235,
      20.032414010106532,
      21.530227076002856,
      22.599455337307145,
      24.474936196135996
    ],
    "effective_rank": [
      8.203115602187152,
      9.97180019699287,
      12.154305360137204,
      17.254605984140895,
      15.727012387132442,
      15.788163250161356,
      15.56743869445495,
      14.728200888558518,
      15.71524888576876,
      15.828600447152178,
      14.926151385077551,
      17.374167265805077,
      17.422400946304197,
      17.69439530940453,
      17.674967284343502,
      18.22946901903952,
      19.052851171273407,
      21.192021588358802,
      23.377205915721905,
      25.334596745876958,
      26.66853101725467,
      30.765804247508534,
      32.4637807664473,
      36.4204764554855,
      47.29495140707406,
      47.54771756027391,
      53.837600836617746,
      56.70848675165729,
      61.68147677823142,
      69.15610641721477,
      76.90859739471459,
      79.0004628143563,
      82.74432176489235,
      91.51391029558204,
      96.35924526264128,
      100.951814653491
    ],
    "pc1_ratio": [
      0.37121011383132185,
      0.44937379435180747,
      0.41453188567862675,
      0.3585147064088593,
      0.3652577082297836,
      0.36616692742880386,
      0.36597970615921166,
      0.3770389641669137,
      0.34693485387302786,
      0.36615640538305344,
      0.39785228358679947,
      0.3607211304113465,
      0.35261676739917475,
      0.35512176255639755,
      0.3682666232859442,
      0.35580543882731097,
      0.3516971561779917,
      0.3314590932086392,
      0.3021583958199021,
      0.26788352794727427,
      0.24777793447420707,
      0.2273410733527504,
      0.21963041456076707,
      0.2157594245055779,
      0.18542386462305604,
      0.19508087652953718,
      0.18709536301691815,
      0.18405269619383216,
      0.182349621535405,
      0.16707302842575542,
      0.1585725471983172,
      0.16319671065571847,
      0.1556642121043558,
      0.14846040091638352,
      0.14441997126466874,
      0.1332457331964499
    ],
    "pc5_ratio": [
      0.836659957270846,
      0.7967793388773842,
      0.7668551789557241,
      0.7105054913211665,
      0.731623716192892,
      0.7265580259538895,
      0.7334116950975077,
      0.7421824367044382,
      0.7320704669337869,
      0.732834298536722,
      0.7420323153285828,
      0.7193138129886401,
      0.7227076845950424,
      0.7216769731000785,
      0.7219617626298137,
      0.7184811305997725,
      0.7109236579308771,
      0.6938554193488857,
      0.679378641337554,
      0.674479127552625,
      0.6642685275699686,
      0.632425530546946,
      0.626177556313123,
      0.6026565966056123,
      0.5422735867243965,
      0.5402588417231396,
      0.5153231599074325,
      0.5055017593918271,
      0.4894776880986673,
      0.4712879654110044,
      0.44618034739831053,
      0.4407653220584516,
      0.4346088502165581,
      0.4198676262552077,
      0.4076231370103715,
      0.3852759570731352
    ],
    "pc10_ratio": [
      0.89266173525537,
      0.8608212479597124,
      0.8372623315652451,
      0.7947644096164577,
      0.8207542323271868,
      0.8177251628881664,
      0.8218148958860492,
      0.8268399765280087,
      0.8185231692440698,
      0.8132297032394935,
      0.8177238415570953,
      0.798632420339267,
      0.8006933209233266,
      0.7989214357479623,
      0.7970447436093889,
      0.7959502479759956,
      0.7893190741729825,
      0.7736269776948005,
      0.7592903614585228,
      0.7538731106157136,
      0.7497883006876594,
      0.7254020070298831,
      0.7181560938106953,
      0.696326236775479,
      0.6456717866122996,
      0.6429978842666497,
      0.6168847063619792,
      0.605719211133849,
      0.589636956706819,
      0.5699920690435423,
      0.5442847448411751,
      0.5379438588434967,
      0.5302610120806859,
      0.5153204618939929,
      0.5040743379264985,
      0.4857298387350289
    ]
  },
  "summary": {
    "late_start_layer": 28,
    "participation_ratio_last": 24.474936196135996,
    "participation_ratio_late_mean": 20.054914083626297,
    "effective_rank_last": 100.951814653491,
    "effective_rank_late_mean": 82.28949192264048,
    "pc1_ratio_last": 0.1332457331964499,
    "pc1_ratio_late_mean": 0.15662277816213174,
    "pc5_ratio_last": 0.3852759570731352,
    "pc5_ratio_late_mean": 0.4368858616902133,
    "pc10_ratio_last": 0.4857298387350289,
    "pc10_ratio_late_mean": 0.5346554100089049
  }
}