{
  "A": {
    "delta_cosine": [
      0.495017875200769,
      0.35535414225642104,
      0.25435518803515267,
      0.31876514443758625,
      0.35680116465442163,
      0.2850622399014416,
      0.09282888128603556,
      -0.039350356452440345,
      -0.09955911730929659,
      -0.2540677440344864,
      -0.29491205674993853,
      -0.2400861572981346,
      -0.22310437134886316,
      -0.2759319658471933,
      -0.2918124757668714,
      -0.3015752326514583,
      -0.3414499642080032,
      -0.2151345683243328,
      -0.23441154958578023,
      -0.22701956990673583,
      -0.14948540036405378,
      -0.23184074767749765,
      -0.16057224524604588,
      -0.04091991989895637,
      0.16418029700317668,
      0.16521443144819237,
      0.24643884581689698,
      0.1881990221645094,
      0.2509818942239209,
      0.32073280971437446,
      0.42416332877633206,
      0.389069428796688,
      0.27111323039317253,
      0.2357774886028097,
      0.3515845600652269,
      -0.511617150031084
    ],
    "kl_to_own_final": [
      8.473632966043288,
      8.314994542147087,
      7.837682884887751,
      7.770382071760297,
      7.744917135844603,
      7.7869185992260315,
      7.682949032733548,
      7.7498213802265985,
      7.679672478099612,
      7.520846267990681,
      7.494637378940271,
      7.456541866256826,
      7.341620448807691,
      7.080387231580417,
      7.099391762547919,
      7.132323194165061,
      7.113557631793297,
      7.189731261744423,
      7.203463080241254,
      7.140391500414849,
      6.69380532758877,
      6.6950332877891965,
      5.36785117433192,
      4.609202267876205,
      3.7727958468776057,
      3.5835220545008935,
      3.3448329983068006,
      3.0840539108855602,
      2.9758477265690844,
      2.2065913262108134,
      1.9481547695296226,
      1.6235739430178848,
      1.0575767161653784,
      0.5007030754076766,
      0.22454648904928615,
      0.0
    ],
    "structural_mass_prob_tier1": [
      0.006920866628566901,
      0.007409396887633022,
      0.006705478195772943,
      0.0069711768308672265,
      0.0068422333733772385,
      0.0064435276935685525,
      0.006435654098707446,
      0.0063613290477195494,
      0.006115941985342985,
      0.007084724751817723,
      0.00642264837277136,
      0.007064121090021847,
      0.007090607995372218,
      0.007569096902492452,
      0.00738649708155078,
      0.007485039752736106,
      0.007362006299187672,
      0.009866766830212372,
      0.010542836572784722,
      0.013433239849528059,
      0.017480089760346616,
      0.015762485350548427,
      0.01342752651426359,
      0.014427522398756134,
      0.010240034052929647,
      0.010198556678084987,
      0.010844438908670921,
      0.008795460464224757,
      0.00981902700008235,
      0.009579925580777512,
      0.010073932154395141,
      0.010093982294814598,
      0.010672763170627942,
      0.009804332861798779,
      0.010352611722838781,
      0.010647975612680789
    ],
    "entropy": [
      6.130793423319276,
      5.976167031699658,
      5.587431828954336,
      5.563535579688159,
      5.677763855987542,
      5.74008496618517,
      5.6381830839660045,
      5.666740104136795,
      5.619183777274345,
      5.436060384281197,
      5.363635753878424,
      5.325705907683829,
      5.255869870830783,
      4.869004370808857,
      4.914177007223265,
      4.935393026269797,
      4.841862132520969,
      5.066339018489084,
      5.022782672571151,
      4.613095051503319,
      4.456649437084915,
      4.536577237342842,
      3.5626005592893026,
      3.106203905053051,
      2.6898965703279227,
      2.63564436343125,
      2.576353505812884,
      2.4421369089142124,
      2.489402388227833,
      2.122113803999108,
      1.950448516422681,
      1.762611072634653,
      1.3468828464812412,
      0.9751006372460955,
      0.791214759198652,
      0.6215151311146522
    ],
    "cross_kl": [
      null,
      null,
      null,
      null,
      null,
      null,
      null,
      null,
      null,
      null,
      null,
      null,
      null,
      null,
      null,
      null,
      null,
      null,
      null,
      null,
      null,
      null,
      null,
      null,
      null,
      null,
      null,
      null,
      null,
      null,
      null,
      null,
      null,
      null,
      null,
      null
    ],
    "kl_to_pt_final": [
      null,
      null,
      null,
      null,
      null,
      null,
      null,
      null,
      null,
      null,
      null,
      null,
      null,
      null,
      null,
      null,
      null,
      null,
      null,
      null,
      null,
      null,
      null,
      null,
      null,
      null,
      null,
      null,
      null,
      null,
      null,
      null,
      null,
      null,
      null,
      null
    ],
    "residual_cosine": [
      null,
      null,
      null,
      null,
      null,
      null,
      null,
      null,
      null,
      null,
      null,
      null,
      null,
      null,
      null,
      null,
      null,
      null,
      null,
      null,
      null,
      null,
      null,
      null,
      null,
      null,
      null,
      null,
      null,
      null,
      null,
      null,
      null,
      null,
      null,
      null
    ],
    "residual_divergence": [
      null,
      null,
      null,
      null,
      null,
      null,
      null,
      null,
      null,
      null,
      null,
      null,
      null,
      null,
      null,
      null,
      null,
      null,
      null,
      null,
      null,
      null,
      null,
      null,
      null,
      null,
      null,
      null,
      null,
      null,
      null,
      null,
      null,
      null,
      null,
      null
    ]
  },
  "B": {
    "delta_cosine": [
      0.47990779919095256,
      0.3099628064961216,
      0.23510880481943494,
      0.2832123571486372,
      0.323030533646022,
      0.26832822865239153,
      0.09027816094616466,
      -0.04274415884748166,
      -0.0729535017258293,
      -0.25461438842571393,
      -0.28309948642246563,
      -0.2319878948465212,
      -0.24250862117811645,
      -0.291818586901167,
      -0.2864817605756951,
      -0.31181595200051504,
      -0.36040798150940695,
      -0.23942964886155918,
      -0.23625703857122493,
      -0.23523504578155,
      -0.16694510201535714,
      -0.2339437764611537,
      -0.18514784862350075,
      -0.04780023054503633,
      0.19382606189230722,
      0.18148389722954483,
      0.2764423225486692,
      0.20204827772076245,
      0.27473176644320263,
      0.31634093574598027,
      0.44838936711786215,
      0.41550624453992974,
      0.3116495035499856,
      0.2834976836023614,
      0.41640677439558976,
      -0.4341052833288965
    ],
    "kl_to_own_final": [
      11.854846690589886,
      11.781616095856554,
      11.27916488052535,
      11.204650341262065,
      11.20842022012656,
      11.268544437007588,
      11.117187833369599,
      11.169103014777939,
      11.141670322879158,
      10.845458003296798,
      10.902348967634698,
      10.915330194795596,
      10.85730365311903,
      10.640113022267862,
      10.776683284928982,
      10.838984850403364,
      11.032238230248486,
      11.140505246484327,
      11.25629606028431,
      11.199319302996912,
      10.595329829260384,
      10.543172423471356,
      8.97627894465605,
      7.818241163808223,
      6.497693627382245,
      6.110498064941435,
      5.757442895912925,
      5.3940165176937604,
      5.181692896117983,
      3.6133423164608014,
      3.0663087027807774,
      2.477190597777829,
      1.4081259968525706,
      0.4219297094578502,
      0.12814221504994597,
      0.0
    ],