{
  "overall": {
    "n_prompts": 2936,
    "mean_divergence_step": 1.5754954954954954,
    "pipeline_a_mean_length": 197.95844686648502,
    "pipeline_b_mean_length": 214.18869209809264,
    "pipeline_a_mean_structural_ratio_tier1_proxy": 0.2292147087910963,
    "pipeline_b_mean_structural_ratio_tier1_proxy": 0.1786181272910163
  },
  "per_category": {
    "": {
      "n_prompts": 2936,
      "mean_divergence_step": 1.5754954954954954,
      "pipeline_a_mean_length": 197.95844686648502,
      "pipeline_b_mean_length": 214.18869209809264
    }
  }
}