{
  "A": {
    "delta_cosine": [
      0.48545100695973076,
      0.3446448828767854,
      0.24964046079085303,
      0.3131386988045045,
      0.3496118958243158,
      0.28478896349919625,
      0.09976089801344883,
      -0.03716069630846342,
      -0.08461502372611966,
      -0.25175134680219013,
      -0.27625681733275836,
      -0.2301063951824944,
      -0.22025105570574494,
      -0.27379627251517696,
      -0.2760145003437001,
      -0.2884013033839599,
      -0.31898908052832475,
      -0.20197609913317824,
      -0.215691295265111,
      -0.1939303873435348,
      -0.13907091436008656,
      -0.21086754756469098,
      -0.14193911454116345,
      -0.023212962263921392,
      0.17463606696544157,
      0.17293910873472007,
      0.25133212265727894,
      0.19515220029215843,
      0.25785547329121267,
      0.3214856370059282,
      0.4267639457580124,
      0.3865331024074612,
      0.2784295808332481,
      0.24588623895783612,
      0.3574038372879993,
      -0.5127314015451372
    ],
    "kl_to_own_final": [
      8.758634685684063,
      8.619154862383864,
      8.163908048621817,
      8.09806920351082,
      8.067572056373702,
      8.10511996434577,
      7.986476452054901,
      8.030367735523242,
      7.938157207894775,
      7.769953034908964,
      7.724088330807851,
      7.695265986265938,
      7.570896726117642,
      7.310640802296793,
      7.339218878087996,
      7.377100696778644,
      7.343639069573286,
      7.4055186556603285,
      7.417343769084517,
      7.357090320905529,
      6.919456780080211,
      6.928735731403698,
      5.625931832676166,
      4.833513651564273,
      3.9791491721394636,
      3.7993005362661285,
      3.556609031580449,
      3.282341855863586,
      3.1496486306812566,
      2.347703405550671,
      2.085526466593056,
      1.7274679793116272,
      1.1345569749526832,
      0.5597386126644633,
      0.26029585203644123,
      0.0
    ],
    "structural_mass_prob_tier1": [
      0.005934222028148976,
      0.006257333677352326,
      0.005654965974189033,
      0.00592577804477997,
      0.005870672439297356,
      0.005681385385793632,
      0.005637936885024961,
      0.005551343277295921,
      0.005400161846270044,
      0.006109940409937446,
      0.005582463554174404,
      0.006061255784333395,
      0.0060641715109407066,
      0.006296421249044363,
      0.006108505698924462,
      0.006263000701196007,
      0.006120005998634023,
      0.008151878875693463,
      0.00871481428159569,
      0.010732222100894096,
      0.014048901655466076,
      0.012359797447678525,
      0.010569724989617987,
      0.010952664164277945,
      0.007957984573588936,
      0.007928894564784936,
      0.008258801933576046,
      0.007089191252073205,
      0.0077919665176914505,
      0.007644507467861954,
      0.008465219873390968,
      0.008534160120503006,
      0.008908124298308067,
      0.008154613103054513,
      0.00862726237599967,
      0.008884095973986445
    ],
    "entropy": [
      6.145321512831323,
      6.031177021029698,
      5.688146734536951,
      5.664361378351104,
      5.755400704335262,
      5.823561647697676,
      5.721907786362501,
      5.747049622938561,
      5.691584732205334,
      5.509167186881681,
      5.416491841870203,
      5.393843712373786,
      5.296684885139987,
      4.941635021601621,
      4.988343028384603,
      5.027253493688516,
      4.932380212503805,
      5.110511750770796,
      5.07285311149548,
      4.7097024181976535,
      4.538191632156666,
      4.619793185001638,
      3.6790179373318783,
      3.230351250854243,
      2.803368062404233,
      2.7540100890187986,
      2.708906441786008,
      2.5722538134905624,
      2.610951913373946,
      2.2088030252135202,
      2.0448906362183474,
      1.8378234207886244,
      1.439162437766977,
      1.0650491366199841,
      0.8741641810028549,
      0.616861063015792
    ]
  },
  "B": {
    "delta_cosine": [
      0.4755633082259599,
      0.3033322018584855,
      0.22995016484093744,
      0.27497113616241287,
      0.31382597670880696,
      0.2612362171644957,
      0.08829711956977515,
      -0.042140473332735955,
      -0.07210900015570282,
      -0.25354935987516897,
      -0.27638029226774086,
      -0.228591058278343,
      -0.2447743775693293,
      -0.29146026915069695,
      -0.2789807597138155,
      -0.30857595534132254,
      -0.3536502859438039,
      -0.22746700200962985,
      -0.22773605344100623,
      -0.22282326434947333,
      -0.1605016338614557,
      -0.22444981284499707,
      -0.18123813698781166,
      -0.04181135522162375,
      0.19756133457119818,
      0.18584112030159242,
      0.279383452648373,
      0.20409427586531273,
      0.2774682235560005,
      0.3188344140095584,
      0.45158539298675837,
      0.4177292918913703,
      0.3188813851775923,
      0.27997816552250904,
      0.41655308782829087,
      -0.4263125443445287
    ],
    "kl_to_own_final": [
      13.164468095651266,
      13.076812911183918,
      12.625971063374736,
      12.502949277299269,
      12.414110049249,
      12.409478415655155,
      12.28224456795653,
      12.298668805913127,
      12.25628133150748,
      12.043803482435726,
      11.991645046311545,
      11.980818433429897,
      11.898470962284682,
      11.702007097878141,
      11.673963264969844,
      11.723005752374256,
      11.742009961467845,
      11.76743523453812,
      11.80759768748413,
      11.624929262481217,
      11.226873438833474,
      11.194834824485936,
      9.743301678857613,
      8.747460624183834,
      7.491432580190839,
      7.230386654821761,
      6.938991206162768,
      6.517756613777694,
      6.475135077065086,
      4.913257360487253,
      4.41314778982081,
      3.742329598689956,
      2.2966447644983474,
      0.8296477646215369,
      0.2846836181094786,
      0.0
    ],
    "structural_mass_prob_tier1": [
      0.0040501073625080096,
      0.004429430263023139,
      0.004170726149194223,
      0.004195165674079584,
      0.004255316440023122,
      0.004596552974599433,
      0.004782270926458188,
      0.004436402027804533,
      0.0045166896183382555,
      0.005251306056907149,
      0.004926556883549378,
      0.005209425527744516,
      0.005441337574928838,
      0.005324567700677721,
      0.004726775548165814,
      0.005504760514745647,
      0.005349700555573266,
      0.007193094787119144,
      0.0082647746572117,
      0.009134076094412778,
      0.012714576858007946,
      0.011583620095410021,
      0.011641217996243269,
      0.011322287052343984,
      0.00894811415181568,
      0.00915388319756226,
      0.009009306033217734,
      0.008130928210711798,
      0.00856976224804558,
      0.008081565562851487,
      0.009285951397613745,
      0.009270791718685023,
      0.009366579019353038,
      0.008746791446118287,
      0.008791585992920533,
      0.008696455645085048
    ],
    "entropy": [
      6.2836303278316095,
      6.286196768321473,
      6.047377807328028,
      6.006751027996319,
      6.083796757433555,
      6.1110377894142,
      6.058374926805288,
      6.123484430630328,
      6.123948948861868,
      5.891192701818976,
      5.717330143899225,
      5.6935772197205985,
      5.609435647974647,
      5.382333357743378,
      5.3962245650188265,
      5.408614765648526,
      5.301084934828323,
      5.480164387016618,
      5.510231910544431,
      5.140594924423388,
      5.153806680510698,
      5.223792889316604,
      4.474112843323935,
      4.121008981504218,
      3.7557000876029027,
      3.6798573571527498,
      3.7134438746383176,
      3.6021797469466974,
      3.711109745203304,
      3.132094905668757,
      2.903236983550958,
      2.5763713176630385,
      1.7651537388934901,
      0.9132389789093193,
      0.6311119545617012,
      0.33579912259108746
    ],