{
  "n_prompts": 1400,
  "intrinsic_dim": [
    7.191808002455986,
    7.287426881781107,
    8.062132254661487,
    8.764600270994077,
    9.465220904943918,
    9.344849560239131,
    9.282398675414353,
    9.249058590179214,
    9.421005478449993,
    9.889155152314126,
    10.164184275228296,
    10.633107730575622,
    11.263382611745858,
    10.976822776687479,
    11.071404014460677,
    10.989718547098548,
    10.945546952642275,
    10.553162869797584,
    10.51903256753828,
    10.465894137970052,
    10.135201308644225,
    9.655609148230855,
    9.383399496027364,
    9.270046084820583,
    9.249978107216473,
    9.248196950173453,
    9.249452260858687,
    9.2495892772373,
    9.239217736806228,
    9.111279705711398,
    9.426683265652253,
    9.54251346268582
  ],
  "intrinsic_dim_ci_low": [
    5.604245748199045,
    6.276058074364943,
    6.7831864370747486,
    7.608946504474019,
    8.172140278007248,
    8.144060862179147,
    8.254717669388336,
    8.243481052918682,
    8.349812442645742,
    8.855259772207624,
    8.877915681317422,
    9.270296267684637,
    9.915158345716721,
    9.609614807931678,
    9.81094817148986,
    10.06404098652003,
    9.981550300744159,
    9.605693505521907,
    9.53753276247586,
    9.462381569552226,
    9.182317258657902,
    8.928789810349953,
    8.572828752078603,
    8.611391997745544,
    8.430722885985544,
    8.584146638914575,
    8.401787170232943,
    8.465476138113884,
    8.387244324344747,
    8.25480383794144,
    8.5514095251182,
    8.833833456989248
  ],
  "intrinsic_dim_ci_high": [
    8.680207958852277,
    9.067047860746982,
    8.95861141352828,
    9.995115908444438,
    10.185584476336018,
    10.172343224965111,
    10.241247020203652,
    10.226298913905032,
    10.398680777207948,
    10.977369418300414,
    10.889349632163286,
    11.433980031302966,
    11.967905444010862,
    12.34820248825465,
    12.155105733025575,
    12.019535775610828,
    11.655136810243132,
    11.02033208983137,
    11.454244073944047,
    11.369094007511267,
    11.072502462559203,
    10.556118642233807,
    10.254856582367012,
    10.06270734132484,
    10.107966202674302,
    10.084596054066921,
    10.173239061176863,
    10.001833236257312,
    10.33349288666779,
    10.099247508610544,
    10.424839410565056,
    10.672186118458548
  ],
  "model": "llama31_8b",
  "variant": "pt",
  "n_layers": 32
}