{
  "residuals_npz": "/root/results/cross_model_runs/l8_eval_20260414_v2_llama31_8b/llama31_8b/pt/L8_residuals.npz",
  "n_prompts_used": 1400,
  "metrics": {
    "participation_ratio": [
      2.679997236966782,
      3.3371417403785557,
      3.465950020135626,
      4.811005206362333,
      6.959865482091784,
      9.124050317002025,
      10.84569894304102,
      12.643030106689215,
      14.051972308408326,
      14.7964767942547,
      16.911902252995752,
      16.474742002173805,
      17.267303955815276,
      18.882965442847933,
      17.866261970017135,
      19.52474033296886,
      19.79689060724554,
      19.283779961226337,
      19.012271706511317,
      18.341327547410792,
      18.17230388762473,
      19.6792322896443,
      20.052577231571977,
      20.707182163883573,
      21.093814986445405,
      21.15192603188505,
      20.924460838902643,
      21.074778260803566,
      20.829961859168275,
      21.66944173388943,
      20.518336529333677,
      13.30375337690261
    ],
    "effective_rank": [
      7.28356559474415,
      9.910839652502844,
      10.435344313846326,
      17.968338993706983,
      30.226158440810906,
      39.24477941641927,
      46.107230304325455,
      54.37708756592052,
      60.80171366992725,
      67.83038111748714,
      77.07352731990768,
      76.54068887566014,
      81.96536832309923,
      94.0153796685733,
      90.83692062580876,
      96.62716391622368,
      96.79019204345849,
      95.17293844546211,
      93.69907450191869,
      91.10555797608984,
      91.32176831843698,
      99.65471060772174,
      104.0905305491358,
      108.60474475052881,
      113.79629665302842,
      117.3217913432881,
      118.93273931800192,
      122.68000868423844,
      123.50014053749918,
      126.45367425422573,
      120.90870714908812,
      66.06685475004598
    ],
    "pc1_ratio": [
      0.5965926583761261,
      0.5172348338877266,
      0.5086602574396097,
      0.42318086840488073,
      0.3405504818506563,
      0.2810555413181104,
      0.2441505994502562,
      0.21885146530940225,
      0.2016167695202125,
      0.20206104437008973,
      0.17586194499628469,
      0.17906883379537272,
      0.1700448136537852,
      0.1574526351234063,
      0.16736643834851533,
      0.15658444555835568,
      0.14917977806653607,
      0.15744871247110542,
      0.16105985622343363,
      0.16852304582237615,
      0.17260754929848218,
      0.16483905371684462,
      0.16579897960212642,
      0.1631813216130557,
      0.1644331370508379,
      0.16601713662101467,
      0.16863758682514512,
      0.1691794393047825,
      0.17137900607091988,
      0.16719284920590707,
      0.17280121031466478,
      0.22009769775455224
    ],
    "pc5_ratio": [
      0.8185631570205648,
      0.7927275863847943,
      0.7905944677873992,
      0.7151639095860541,
      0.6311110757177322,
      0.5873952035372724,
      0.5610903681066526,
      0.5301775299559367,
      0.5115057316361891,
      0.48847938648654915,
      0.4627128667830219,
      0.46678401454890944,
      0.45689102303716433,
      0.4356747266343871,
      0.4479067158425836,
      0.43289765419456094,
      0.4321411699526308,
      0.4337497614350787,
      0.43527584987145784,
      0.4413807528143082,
      0.43937158011836436,
      0.4220620486947749,
      0.41529816522355784,
      0.40788771664993756,
      0.4022301598823518,
      0.39984865133596337,
      0.4007106370179691,
      0.39810055823782,
      0.39911221037374767,
      0.39104558538868245,
      0.3996510396359367,
      0.4846000735414709
    ],
    "pc10_ratio": [
      0.8780414383891341,
      0.8457520403337083,
      0.8478441575898731,
      0.7758553068429326,
      0.7014507247910027,
      0.6643331057494236,
      0.6440287147993643,
      0.616312411903828,
      0.6040810609380303,
      0.5831304284415182,
      0.5642826908443357,
      0.5652594322043566,
      0.5504469305703272,
      0.5274230276339866,
      0.538895944765302,
      0.5281188137268958,
      0.5290563555401238,
      0.5259834466395849,
      0.5244370169726492,
      0.5290837802098777,
      0.526524426470212,
      0.5063755563279018,
      0.49729767911217904,
      0.48891548969337995,
      0.4808697828752127,
      0.4771327258557689,
      0.4765805533250932,
      0.47327008363219325,
      0.47231238351003757,
      0.465480245327919,
      0.47376999654562196,
      0.582860085537725
    ]
  },
  "summary": {
    "late_start_layer": 25,
    "participation_ratio_last": 13.30375337690261,
    "participation_ratio_late_mean": 19.924665518697896,
    "effective_rank_last": 66.06685475004598,
    "effective_rank_late_mean": 113.69484514805535,
    "pc1_ratio_last": 0.22009769775455224,
    "pc1_ratio_late_mean": 0.17647213229956948,
    "pc5_ratio_last": 0.4846000735414709,
    "pc5_ratio_late_mean": 0.41043839364737,
    "pc10_ratio_last": 0.582860085537725,
    "pc10_ratio_late_mean": 0.4887722962477655
  }
}