comparison,comparison_label,criterion,target_condition,other_condition,n_items,n_votes,n_raters,raters,human_resolved_n,human_resolved_target_rate,human_resolved_target_ci95,unresolved_rate,llm_same_sample_resolved_target_rate,human_counts,llm_same_sample_counts,R1_resolved_rate,R2_resolved_rate,R3_resolved_rate,R4_resolved_rate
it_c_vs_dlate,IT baseline vs late PT swap,G2,C_it_chat,D_late_ptswap,300,1200,4,"['R1', 'R2', 'R3', 'R4']",398,0.7311557788944724,"[0.6649046787320227, 0.7948010175541408]",0.6683333333333333,0.7653061224489796,"{'other': 107, 'target': 291, 'tie': 798, 'both_bad': 4}","{'target': 225, 'other': 69, 'tie': 6}",0.7570093457943925,0.6542056074766355,0.7662337662337663,0.7570093457943925
it_c_vs_dlate,IT baseline vs late PT swap,S2,C_it_chat,D_late_ptswap,300,1200,4,"['R1', 'R2', 'R3', 'R4']",181,0.7182320441988951,"[0.6181644311972181, 0.8080808080808081]",0.8491666666666666,0.7542087542087542,"{'tie': 988, 'target': 130, 'other': 51, 'both_bad': 31}","{'target': 224, 'other': 73, 'tie': 3}",0.7647058823529411,0.6309523809523809,0.8620689655172413,0.7647058823529411
pt_late_vs_a,PT late graft vs PT baseline,G2,B_late_raw,A_pt_raw,300,1200,4,"['R1', 'R2', 'R3', 'R4']",540,0.6018518518518519,"[0.5291921093479404, 0.6745109641489733]",0.55,0.6212121212121212,"{'tie': 562, 'other': 215, 'target': 325, 'both_bad': 98}","{'other': 100, 'target': 164, 'tie': 36}",0.5905511811023622,0.6167664670658682,0.6050420168067226,0.5905511811023622
pt_late_vs_a,PT late graft vs PT baseline,S2,B_late_raw,A_pt_raw,300,1200,4,"['R1', 'R2', 'R3', 'R4']",531,0.6497175141242938,"[0.5735812991154474, 0.7183939974457215]",0.5575,0.6571428571428571,"{'both_bad': 312, 'other': 186, 'target': 345, 'tie': 357}","{'target': 161, 'other': 84, 'tie': 55}",0.6384615384615384,0.676056338028169,0.6434108527131783,0.6384615384615384
