comparison,criterion,n_items,n_raters,mean_pairwise_raw_agreement_4label,mean_pairwise_kappa_4label,mean_pairwise_raw_agreement_collapsed,mean_pairwise_kappa_collapsed,fleiss_kappa_4label,fleiss_kappa_collapsed
it_c_vs_dlate,G2,300,4,0.7038888888888889,0.4020309085066227,0.7072222222222222,0.40505561024596376,0.3969309101195107,0.3982867728703832
it_c_vs_dlate,S2,300,4,0.8227777777777777,0.5210722441176817,0.851111111111111,0.549664698575446,0.42443966314384035,0.43894613987617037
pt_late_vs_a,G2,300,4,0.6927777777777777,0.5401129660227695,0.773888888888889,0.6328206501625454,0.5404600800663134,0.6180869157234181
pt_late_vs_a,S2,300,4,0.7105555555555556,0.6135648123207408,0.8405555555555555,0.7287564779173072,0.6073799013928216,0.7262815056424636
