comparison,criterion,n_items,raw_agreement_4label,kappa_4label,raw_agreement_collapsed,kappa_collapsed
it_c_vs_dlate,G2,300,0.4866666666666667,0.0065584345769269525,0.49,0.004748585181812204
it_c_vs_dlate,S2,300,0.6666666666666666,0.14709728776937503,0.71,0.15583155443431018
pt_late_vs_a,G2,300,0.49666666666666665,0.27467776799295485,0.5766666666666667,0.318888769709321
pt_late_vs_a,S2,300,0.6433333333333333,0.5204660890349567,0.6933333333333334,0.4793435200905489
