comparison,criterion,n_items,raw_agreement_4label,kappa_4label,raw_agreement_collapsed,kappa_collapsed
it_c_vs_dlate,G2,300,0.5333333333333333,0.16772352568167415,0.5366666666666666,0.17049591215611393
it_c_vs_dlate,S2,300,0.6866666666666666,0.2656249999999999,0.73,0.29491643454038996
pt_late_vs_a,G2,300,0.5666666666666667,0.3755603945177406,0.6466666666666666,0.4498365080188924
pt_late_vs_a,S2,300,0.6733333333333333,0.5604395604395604,0.7233333333333334,0.5413519985264321
