task,n_common_r1_r2,r1_r2_agreement,r1_r2_kappa,n_human_llm_ratings,human_llm_agreement,human_llm_kappa
g1,300,0.33,0.6353221781211724,900,0.3377777777777778,0.6025780875858033
g2,300,0.25,0.32190403218082564,600,0.3516666666666667,0.4723074147573515
s1,150,0.7266666666666667,0.45478723404255295,300,0.79,0.5807267403167843
s2,146,0.8424657534246576,0.3259735046166198,296,0.7567567567567568,0.307016973401834
