task,n_items,n_raters,mean_pairwise_agreement,mean_pairwise_kappa,fleiss_kappa,n_human_llm_ratings,human_llm_agreement,human_llm_kappa
g1,300,4,0.545,0.7780341722340561,nan,1500,0.382,0.6229053525360437
g2,300,4,0.6088888888888889,0.6488868362093408,nan,1200,0.385,0.47869228613465986
s1,150,4,0.8599999999999999,0.7204015295597032,0.7297905877054718,600,0.7966666666666666,0.6087988199833259
s2,150,4,0.9219330289193303,0.6795231020053846,0.5058676378618989,592,0.731418918918919,0.19825559606146304
