{
  "merged_jsonl": "results/exp18_midlate_token_handoff/full_runpod_20260423_095122/pure_flow/llama31_8b/it/pure_flow_results.jsonl",
  "n_prompts": 600,
  "n_steps": 107142,
  "windows": {
    "early": {
      "by_token_category": {
        "CONTENT": {
          "count": 106550,
          "fraction_positive": 0.34357578601595495,
          "fraction_top1_displaced": 0.7989920225246674,
          "handoff_rate": 0.34357578601595495,
          "margin_delta": 1.658725809799022,
          "mean_first_top1_layer": 23.570736743313,
          "mean_first_top20_layer": 20.001820741435946,
          "mean_first_top5_layer": 21.285161895823556,
          "mean_top20_entries": 14.88934396996699,
          "mean_top20_exits": 14.88934396996699,
          "repulsion_top10_delta": -1.5932350172361898,
          "support_target_delta": 0.0654907925628577,
          "teacher_rank_gain": null
        },
        "DISCOURSE": {
          "count": 550,
          "fraction_positive": 0.6727272727272727,
          "fraction_top1_displaced": 0.7656363636363633,
          "handoff_rate": 0.6727272727272727,
          "margin_delta": 1.6141148574576623,
          "mean_first_top1_layer": 24.167272727272728,
          "mean_first_top20_layer": 17.594545454545454,
          "mean_first_top5_layer": 19.04,
          "mean_top20_entries": 14.876545454545461,
          "mean_top20_exits": 14.876545454545461,
          "repulsion_top10_delta": -1.5136742461317791,
          "support_target_delta": 0.10044061132588165,
          "teacher_rank_gain": null
        },
        "FORMAT": {
          "count": 21295,
          "fraction_positive": 0.13998591218595915,
          "fraction_top1_displaced": 0.8241699929560238,
          "handoff_rate": 0.13998591218595915,
          "margin_delta": 1.6681228121125364,
          "mean_first_top1_layer": 26.301807936135244,
          "mean_first_top20_layer": 22.04498708617046,
          "mean_first_top5_layer": 23.765343977459498,
          "mean_top20_entries": 15.117642639117246,
          "mean_top20_exits": 15.117642639117246,
          "repulsion_top10_delta": -1.6774641278826574,
          "support_target_delta": -0.009341315770118106,
          "teacher_rank_gain": null
        },
        "FUNCTION": {
          "count": 31767,
          "fraction_positive": 0.37082507004123777,
          "fraction_top1_displaced": 0.8028614600057038,
          "handoff_rate": 0.37082507004123777,
          "margin_delta": 1.6931288294468312,
          "mean_first_top1_layer": 24.220260018257942,
          "mean_first_top20_layer": 19.615324078446186,
          "mean_first_top5_layer": 21.57729719520257,
          "mean_top20_entries": 14.886485976012825,
          "mean_top20_exits": 14.886485976012825,
          "repulsion_top10_delta": -1.5982476778049917,
          "support_target_delta": 0.09488115164184496,
          "teacher_rank_gain": null
        },
        "FUNCTION_OTHER": {
          "count": 32572,
          "fraction_positive": 0.365221662777846,
          "fraction_top1_displaced": 0.8039604568341343,
          "handoff_rate": 0.365221662777846,
          "margin_delta": 1.6944053717643681,
          "mean_first_top1_layer": 24.312323468009332,
          "mean_first_top20_layer": 19.708829669654918,
          "mean_first_top5_layer": 21.676501289451064,
          "mean_top20_entries": 14.890062016455827,
          "mean_top20_exits": 14.890062016455827,
          "repulsion_top10_delta": -1.6020321128098982,
          "support_target_delta": 0.09237325895447522,
          "teacher_rank_gain": null
        },
        "OTHER": {
          "count": 805,
          "fraction_positive": 0.14409937888198757,
          "fraction_top1_displaced": 0.8473291925465808,
          "handoff_rate": 0.14409937888198757,
          "margin_delta": 1.744780427418005,
          "mean_first_top1_layer": 27.945341614906834,
          "mean_first_top20_layer": 23.398757763975155,
          "mean_first_top5_layer": 25.591304347826085,
          "mean_top20_entries": 15.031180124223605,
          "mean_top20_exits": 15.031180124223605,
          "repulsion_top10_delta": -1.7513739100780321,
          "support_target_delta": -0.006593482660025549,
          "teacher_rank_gain": null
        },
        "PUNCTUATION": {
          "count": 19149,
          "fraction_positive": 0.114784061830905,
          "fraction_top1_displaced": 0.8252806935087097,
          "handoff_rate": 0.114784061830905,
          "margin_delta": 1.6714757294520468,
          "mean_first_top1_layer": 26.48456838477205,
          "mean_first_top20_layer": 22.212961512350514,
          "mean_first_top5_layer": 24.000104444096298,
          "mean_top20_entries": 15.134560551464912,
          "mean_top20_exits": 15.134560551464912,
          "repulsion_top10_delta": -1.6902649080219219,
          "support_target_delta": -0.01878917856986523,
          "teacher_rank_gain": null
        },
        "STRUCTURAL": {
          "count": 1596,
          "fraction_positive": 0.25877192982456143,
          "fraction_top1_displaced": 0.8310150375939825,
          "handoff_rate": 0.25877192982456143,
          "margin_delta": 1.646505870336841,
          "mean_first_top1_layer": 24.844611528822057,
          "mean_first_top20_layer": 21.56328320802005,
          "mean_first_top5_layer": 22.577067669172934,
          "mean_top20_entries": 14.997744360902242,
          "mean_top20_exits": 14.997744360902242,
          "repulsion_top10_delta": -1.580322709384172,
          "support_target_delta": 0.06618316095266367,
          "teacher_rank_gain": null
        }
      }
    },
    "late_reconciliation": {
      "by_token_category": {
        "CONTENT": {
          "count": 106550,
          "fraction_positive": 0.34357578601595495,
          "fraction_top1_displaced": 0.2624047937046987,
          "handoff_rate": 0.34357578601595495,
          "margin_delta": 1.5225261214186816,
          "mean_first_top1_layer": 23.570736743313,
          "mean_first_top20_layer": 20.001820741435946,
          "mean_first_top5_layer": 21.285161895823556,
          "mean_top20_entries": 6.059047756560704,
          "mean_top20_exits": 6.059047756560704,
          "repulsion_top10_delta": 0.10844790264985303,
          "support_target_delta": 1.63097402406851,
          "teacher_rank_gain": null
        },
        "DISCOURSE": {
          "count": 550,
          "fraction_positive": 0.6727272727272727,
          "fraction_top1_displaced": 0.2229370629370637,
          "handoff_rate": 0.6727272727272727,
          "margin_delta": 1.047978926954108,
          "mean_first_top1_layer": 24.167272727272728,
          "mean_first_top20_layer": 17.594545454545454,
          "mean_first_top5_layer": 19.04,
          "mean_top20_entries": 4.870069930069936,
          "mean_top20_exits": 4.870069930069936,
          "repulsion_top10_delta": 0.19763838531383482,
          "support_target_delta": 1.2456173122679435,
          "teacher_rank_gain": null
        },
        "FORMAT": {
          "count": 21295,
          "fraction_positive": 0.13998591218595915,
          "fraction_top1_displaced": 0.30650026188881835,
          "handoff_rate": 0.13998591218595915,
          "margin_delta": 1.8038248415385676,
          "mean_first_top1_layer": 26.301807936135244,
          "mean_first_top20_layer": 22.04498708617046,
          "mean_first_top5_layer": 23.765343977459498,
          "mean_top20_entries": 7.060191088554581,
          "mean_top20_exits": 7.060191088554581,
          "repulsion_top10_delta": 0.17262984646988705,
          "support_target_delta": 1.9764546880084553,
          "teacher_rank_gain": null
        },
        "FUNCTION": {
          "count": 31767,
          "fraction_positive": 0.37082507004123777,
          "fraction_top1_displaced": 0.24685994900364122,
          "handoff_rate": 0.37082507004123777,
          "margin_delta": 1.4063329547014016,
          "mean_first_top1_layer": 24.220260018257942,