{
  "A1_alpha_-0.5": {
    "condition": "A1_alpha_-0.5",
    "alpha": -0.5,
    "mean_commitment": 26.437560993641874,
    "median_commitment": 25.0,
    "std_commitment": 3.5574036931888657,
    "n_tokens": 270520,
    "n_layers": 32,
    "skip_first_n": 5
  },
  "A1_alpha_-2": {
    "condition": "A1_alpha_-2",
    "alpha": -2.0,
    "mean_commitment": 24.97575478645066,
    "median_commitment": 25.0,
    "std_commitment": 2.782544306499311,
    "n_tokens": 271600,
    "n_layers": 32,
    "skip_first_n": 5
  },
  "A1_alpha_-5": {
    "condition": "A1_alpha_-5",
    "alpha": -5.0,
    "mean_commitment": 24.71537555228277,
    "median_commitment": 24.0,
    "std_commitment": 2.485320223137816,
    "n_tokens": 271600,
    "n_layers": 32,
    "skip_first_n": 5
  },
  "A1_alpha_0.25": {
    "condition": "A1_alpha_0.25",
    "alpha": 0.25,
    "mean_commitment": 27.84640031888146,
    "median_commitment": 30.0,
    "std_commitment": 4.146999898231012,
    "n_tokens": 260912,
    "n_layers": 32,
    "skip_first_n": 5
  },
  "A1_alpha_0.75": {
    "condition": "A1_alpha_0.75",
    "alpha": 0.75,
    "mean_commitment": 26.063969966490244,
    "median_commitment": 28.0,
    "std_commitment": 4.917992595045695,
    "n_tokens": 255448,
    "n_layers": 32,
    "skip_first_n": 5
  },
  "A1_alpha_1.5": {
    "condition": "A1_alpha_1.5",
    "alpha": 1.5,
    "mean_commitment": 24.95547402957788,
    "median_commitment": 27.0,
    "std_commitment": 5.622576116580538,
    "n_tokens": 245048,
    "n_layers": 32,
    "skip_first_n": 5
  },
  "A1_alpha_3": {
    "condition": "A1_alpha_3",
    "alpha": 3.0,
    "mean_commitment": 27.14916497145482,
    "median_commitment": 29.0,
    "std_commitment": 4.955345941583217,
    "n_tokens": 243824,
    "n_layers": 32,
    "skip_first_n": 5
  },
  "A1_baseline": {
    "condition": "A1_baseline",
    "alpha": 1.0,
    "mean_commitment": 25.37345624840439,
    "median_commitment": 27.0,
    "std_commitment": 5.311288101031285,
    "n_tokens": 250688,
    "n_layers": 32,
    "skip_first_n": 5
  },
  "A1_ctrl_random_b1": {
    "condition": "A1_ctrl_random_b1",
    "alpha": 1.0,
    "mean_commitment": 27.896736309369324,
    "median_commitment": 29.0,
    "std_commitment": 3.7208410429063483,
    "n_tokens": 215768,
    "n_layers": 32,
    "skip_first_n": 5
  },
  "A1_alpha_-1": {
    "condition": "A1_alpha_-1",
    "alpha": -1.0,
    "mean_commitment": 25.62149852724595,
    "median_commitment": 25.0,
    "std_commitment": 3.207448684269429,
    "n_tokens": 271600,
    "n_layers": 32,
    "skip_first_n": 5
  },
  "A1_alpha_-3": {
    "condition": "A1_alpha_-3",
    "alpha": -3.0,
    "mean_commitment": 24.752080265095728,
    "median_commitment": 24.0,
    "std_commitment": 2.5522632284067797,
    "n_tokens": 271600,
    "n_layers": 32,
    "skip_first_n": 5
  },
  "A1_alpha_0.5": {
    "condition": "A1_alpha_0.5",
    "alpha": 0.5,
    "mean_commitment": 26.987962759788093,
    "median_commitment": 29.0,
    "std_commitment": 4.737726865376074,
    "n_tokens": 255208,
    "n_layers": 32,
    "skip_first_n": 5
  },
  "A1_alpha_0": {
    "condition": "A1_alpha_0",
    "alpha": 0.0,
    "mean_commitment": 27.348495515626436,
    "median_commitment": 29.0,
    "std_commitment": 3.897015902484363,
    "n_tokens": 261352,
    "n_layers": 32,
    "skip_first_n": 5
  },
  "A1_alpha_1": {
    "condition": "A1_alpha_1",
    "alpha": 1.0,
    "mean_commitment": 25.37345624840439,
    "median_commitment": 27.0,
    "std_commitment": 5.311288101031285,
    "n_tokens": 250688,
    "n_layers": 32,
    "skip_first_n": 5
  },
  "A1_alpha_2": {
    "condition": "A1_alpha_2",
    "alpha": 2.0,
    "mean_commitment": 25.632880371467564,
    "median_commitment": 29.0,
    "std_commitment": 5.558544282219782,
    "n_tokens": 240344,
    "n_layers": 32,
    "skip_first_n": 5
  },
  "A1_alpha_5": {
    "condition": "A1_alpha_5",
    "alpha": 5.0,
    "mean_commitment": 28.583939554778482,
    "median_commitment": 30.0,
    "std_commitment": 3.5555950762185327,
    "n_tokens": 256232,
    "n_layers": 32,
    "skip_first_n": 5
  },
  "A1_ctrl_random_b0": {
    "condition": "A1_ctrl_random_b0",
    "alpha": 1.0,
    "mean_commitment": 25.37345624840439,
    "median_commitment": 27.0,
    "std_commitment": 5.311288101031285,
    "n_tokens": 250688,
    "n_layers": 32,
    "skip_first_n": 5
  },
  "A1_ctrl_random_b3": {
    "condition": "A1_ctrl_random_b3",
    "alpha": 1.0,
    "mean_commitment": 29.662387161484453,
    "median_commitment": 30.0,
    "std_commitment": 2.1174750578027877,
    "n_tokens": 199400,
    "n_layers": 32,
    "skip_first_n": 5
  }
}