{
  "model": "olmo2_7b",
  "n_prompts": 200,
  "profiles": {
    "1.0": {
      "alpha": 1.0,
      "id_twonn": [
        2.6733232744873225,
        3.3167716569639665,
        4.40954813759276,
        4.528381107510328,
        4.97119666403147,
        5.221985928712584,
        5.6162043567623465,
        6.241672100703531,
        7.135716240716826,
        8.12411691919874,
        8.21909065497781,
        8.323992366485983,
        8.389570617573135,
        8.97283939754139,
        8.952482036687652,
        9.033015729986403,
        8.42256676190639,
        7.949052694814366,
        7.855384086752173,
        7.432554138141993,
        7.618373087218872,
        7.540354763121957,
        7.217737449883898,
        7.4104595389216135,
        7.400207500048351,
        7.545636282336111,
        7.850352267714992,
        8.111041300583318,
        7.804454564134299,
        7.94330452405511,
        7.647884256834284,
        8.323644061422979
      ],
      "n_tokens": 5000,
      "n_layers": 32
    },
    "0.0": {
      "alpha": 0.0,
      "id_twonn": [
        3.1294575449239797,
        3.995609582827819,
        4.0838612215647645,
        4.568133528250104,
        5.06420247661875,
        5.066734656882744,
        5.716025764843375,
        6.806588408713985,
        8.032238004047963,
        8.281733074565254,
        8.387318664709824,
        7.956367760494895,
        7.952583077766075,
        8.398731359697353,
        8.12197029207297,
        7.688393853415002,
        7.123181517631165,
        6.99263667843069,
        6.9104930481552715,
        6.579152350731657,
        6.758953474797338,
        6.547389948733562,
        6.347592447138281,
        6.419352577161832,
        6.5029952838723055,
        6.626792637070982,
        6.551113333801502,
        6.791327377575258,
        6.872460166655497,
        6.506243677464505,
        6.667325487700649,
        6.77877400221415
      ],
      "n_tokens": 5000,
      "n_layers": 32
    },
    "-1.0": {
      "alpha": -1.0,
      "id_twonn": [
        2.8126754880543694,
        3.067711771003903,
        3.0942717523874195,
        2.9867115118423593,
        3.0423528507781015,
        2.8685323223814163,
        3.3512448800027683,
        4.062547268074859,
        4.290081703950808,
        4.115955867564637,
        3.943122036025452,
        3.8083118095901427,
        3.6503347566787308,
        3.490346375784544,
        3.341795629918743,
        3.3110054721567606,
        3.137309440819618,
        3.1005788133363126,
        3.192925765631365,
        3.146647310961858,
        3.132164416736786,
        3.197066879166911,
        3.333204654533206,
        3.3922355548524745,
        3.2249586439589772,
        3.4557921881864986,
        3.457775818184741,
        3.465999179815463,
        3.533462828617562,
        3.5398829328008827,
        3.6329233224970845,
        3.5901563126353797
      ],
      "n_tokens": 5000,
      "n_layers": 32
    }
  }
}