{
  "n_prompts": 1400,
  "intrinsic_dim": [
    4.126193237333499,
    5.20940286695243,
    5.590798692996707,
    5.215636290605614,
    5.738170015333516,
    5.588793985282161,
    7.24355051006339,
    7.946513021898083,
    7.441145674121248,
    6.918898504423999,
    7.239462501655758,
    7.487443976362147,
    7.295093457566488,
    7.632935716417773,
    7.846465120274347,
    7.878823896089567,
    8.466778235893313,
    9.11052071083078,
    8.896556588374098,
    8.301984614960109,
    8.624847991176756,
    9.430064905623759,
    9.550864678153523,
    9.516026401029672,
    8.851500225545808,
    8.702108488330019,
    8.584749804401072,
    8.530881017551351,
    8.317511993450319,
    8.625224732913093,
    8.45144445765496,
    8.450135810461004,
    8.409001060305636,
    8.440695193070251
  ],
  "intrinsic_dim_ci_low": [
    3.252036579252618,
    4.040451839365733,
    4.541717533801001,
    4.468116119836378,
    5.121703423902616,
    5.077929258640273,
    6.594609471134161,
    6.853074647875006,
    6.850752493664316,
    6.288378342113737,
    6.758482910790086,
    6.738833492805185,
    6.5905059174396,
    7.087000480944031,
    7.027111623994653,
    7.124560483628895,
    7.347564618691431,
    8.07230108175668,
    7.729610477047628,
    7.181375817719203,
    7.486334573807554,
    8.683667018714411,
    8.85012600360731,
    8.729555381024317,
    8.23454078841802,
    7.997882162326309,
    7.87447725887498,
    7.9429191803593335,
    7.654001572504987,
    8.07792192137822,
    7.8596080225573175,
    7.903628157489018,
    7.98064578460803,
    8.101357892032416
  ],
  "intrinsic_dim_ci_high": [
    5.4128747738683884,
    6.4834479188960055,
    6.538298885019784,
    6.046954061492478,
    6.500290292518828,
    6.42582975229286,
    7.985878686910208,
    8.293194380625042,
    7.867297457400772,
    7.418046957300442,
    7.888343743930306,
    8.245566199034727,
    8.117469178028957,
    7.937640548670781,
    8.070582637943156,
    8.523372991656645,
    8.98151178904864,
    9.456970201903435,
    9.33087256467996,
    8.881734787257118,
    9.189978680117598,
    10.107783220310413,
    10.238761987038805,
    10.262707080990284,
    9.577066243946287,
    9.565985400382111,
    9.379662205212554,
    9.295430255451468,
    9.313943087800316,
    9.422101825084006,
    9.531158719883063,
    9.532496323510355,
    9.645528490508196,
    9.535968930341411
  ],
  "model": "gemma3_4b",
  "variant": "pt",
  "n_layers": 34
}