{
  "residuals_npz": "/root/results/cross_model_runs/l8_eval_20260414_v2_gemma3_4b/gemma3_4b/pt/L8_residuals.npz",
  "n_prompts_used": 1400,
  "metrics": {
    "participation_ratio": [
      2.672486659788497,
      2.9191908820472574,
      2.694774913942511,
      2.136613703623405,
      1.513793632335584,
      1.5198502746285876,
      2.72992302301676,
      1.4006484809692406,
      1.8282351021188985,
      1.5470139237452047,
      1.5847231255208092,
      1.6593593346004947,
      1.6054701094952033,
      1.9380362887420683,
      1.9021563733338451,
      2.123245036281318,
      2.5214265957819557,
      2.251221078030335,
      2.154443153880283,
      2.459243301489493,
      3.1728226349582296,
      4.6174798011333715,
      4.244355673331644,
      4.189123930703644,
      4.523933787884791,
      4.968147919589038,
      5.257784525415461,
      5.756783980118488,
      6.995229107793758,
      8.407184584827922,
      12.8748657026742,
      15.952460644101421,
      18.416418061014237,
      10.169310560146753
    ],
    "effective_rank": [
      4.984749949090744,
      5.770656034587608,
      5.643962740216611,
      4.618293732223108,
      2.713480484232739,
      2.8933513296749824,
      7.220213511067854,
      2.585693774944472,
      4.131517892051056,
      3.215083657586138,
      3.53019038530864,
      3.9822877530560556,
      3.7242689887687406,
      5.365292852926007,
      5.380736994891279,
      7.497754275164055,
      9.869256921764794,
      8.70899997515041,
      7.937214313807894,
      10.071472958770478,
      15.05378506051233,
      25.301262227975243,
      24.764784191136876,
      25.654654634674127,
      29.662654111130085,
      32.65412343824608,
      37.161815956441124,
      40.89502903018797,
      50.22581757415244,
      64.5472560123712,
      96.63907136038813,
      111.26703143977703,
      116.96172922224994,
      79.5022827001162
    ],
    "pc1_ratio": [
      0.574436455555586,
      0.5495295659911207,
      0.5867185026315633,
      0.6738598919705922,
      0.8092153099195111,
      0.8084980842608384,
      0.5863191271890982,
      0.8433567597180829,
      0.7308165655251473,
      0.8007100366991083,
      0.791164117387211,
      0.7731353051739248,
      0.7864221740506087,
      0.712903237357412,
      0.7205310897900441,
      0.6823056682903438,
      0.6231516565782459,
      0.6626634105575264,
      0.6777521159602485,
      0.6327300025759173,
      0.5535667376254672,
      0.4520207524632351,
      0.47506643677946747,
      0.4792297129487867,
      0.46105096064640727,
      0.437729108513644,
      0.425825604616137,
      0.40481716251458777,
      0.3634308279416405,
      0.3290368753836979,
      0.25711557480886427,
      0.22135292313010127,
      0.1927876538940982,
      0.2943890203870598
    ],
    "pc5_ratio": [
      0.8872477819566704,
      0.8690714782693028,
      0.8679701294130745,
      0.877926737069908,
      0.9362645410148492,
      0.9220724222486666,
      0.8289702203866699,
      0.9318902770150544,
      0.8955931235541418,
      0.9147102669899221,
      0.9027502131573645,
      0.8876179404910363,
      0.8960203988559379,
      0.8586453218544399,
      0.8558920141135623,
      0.8080880976453456,
      0.7748901029396984,
      0.7863172609474066,
      0.7985748027740514,
      0.770532771634358,
      0.7149700345575164,
      0.6427953260315173,
      0.6411950089729795,
      0.6391125241433618,
      0.6170051329801707,
      0.6039732467454967,
      0.5855949363601144,
      0.5714691726300253,
      0.5390079854993358,
      0.5029394877271559,
      0.44057238492724804,
      0.4183665673219412,
      0.41378240762249263,
      0.48102121815191656
    ],
    "pc10_ratio": [
      0.9404648655801305,
      0.9273902627961652,
      0.9268508697435475,
      0.9333929611734859,
      0.9641936315662845,
      0.9555856854846331,
      0.8925430799349638,
      0.9559108186619426,
      0.927266030218394,
      0.940379949732442,
      0.9280038716055791,
      0.9171659051168692,
      0.9226924682637142,
      0.895336372249831,
      0.8910677111576095,
      0.8497515575100717,
      0.826104022421143,
      0.8294919249226645,
      0.8401421373355018,
      0.8167719445513955,
      0.7714493365855029,
      0.7102089911587354,
      0.7045864553627248,
      0.6962288672237834,
      0.6715955689135595,
      0.6607635658321962,
      0.6398089321036904,
      0.6261058808387148,
      0.5975035948588644,
      0.5615143413032448,
      0.5022145167631953,
      0.48077652087388784,
      0.47693397558678297,
      0.5348983374961284
    ]
  },
  "summary": {
    "late_start_layer": 27,
    "participation_ratio_last": 10.169310560146753,
    "participation_ratio_late_mean": 11.224607520096683,
    "effective_rank_last": 79.5022827001162,
    "effective_rank_late_mean": 80.00545961989185,
    "pc1_ratio_last": 0.2943890203870598,
    "pc1_ratio_late_mean": 0.29470429115143565,
    "pc5_ratio_last": 0.48102121815191656,
    "pc5_ratio_late_mean": 0.481022746268588,
    "pc10_ratio_last": 0.5348983374961284,
    "pc10_ratio_late_mean": 0.5399924525315455
  }
}