{
  "merged_jsonl": "results/exp18_midlate_token_handoff/full_runpod_20260423_095122/pure_flow/olmo2_7b/it/pure_flow_results.jsonl",
  "n_prompts": 600,
  "n_steps": 83572,
  "windows": {
    "early": {
      "by_token_category": {
        "CONTENT": {
          "count": 83604,
          "fraction_positive": 0.37761351131524806,
          "fraction_top1_displaced": 0.6728529735420584,
          "handoff_rate": 0.37761351131524806,
          "margin_delta": 1.3210824467032327,
          "mean_first_top1_layer": 22.614539974163915,
          "mean_first_top20_layer": 17.788215874838524,
          "mean_first_top5_layer": 19.672336251853977,
          "mean_top20_entries": 12.614958614420324,
          "mean_top20_exits": 12.614958614420324,
          "repulsion_top10_delta": -1.332051716851484,
          "support_target_delta": -0.0109692701482861,
          "teacher_rank_gain": null
        },
        "DISCOURSE": {
          "count": 451,
          "fraction_positive": 0.7671840354767184,
          "fraction_top1_displaced": 0.7002217294900221,
          "handoff_rate": 0.7671840354767184,
          "margin_delta": 1.5974921521480203,
          "mean_first_top1_layer": 22.004434589800443,
          "mean_first_top20_layer": 14.776053215077605,
          "mean_first_top5_layer": 16.771618625277164,
          "mean_top20_entries": 13.291574279379159,
          "mean_top20_exits": 13.291574279379159,
          "repulsion_top10_delta": -1.3811162316972792,
          "support_target_delta": 0.21637592045074017,
          "teacher_rank_gain": null
        },
        "FORMAT": {
          "count": 18403,
          "fraction_positive": 0.31505732760962885,
          "fraction_top1_displaced": 0.6805412161060549,
          "handoff_rate": 0.31505732760962885,
          "margin_delta": 1.2352932406998176,
          "mean_first_top1_layer": 24.897027658533936,
          "mean_first_top20_layer": 20.629679943487474,
          "mean_first_top5_layer": 22.46910829756018,
          "mean_top20_entries": 12.646307667228216,
          "mean_top20_exits": 12.646307667228216,
          "repulsion_top10_delta": -1.181619113250221,
          "support_target_delta": 0.0536741274495991,
          "teacher_rank_gain": null
        },
        "FUNCTION": {
          "count": 22677,
          "fraction_positive": 0.3799444370948538,
          "fraction_top1_displaced": 0.6784363010980122,
          "handoff_rate": 0.3799444370948538,
          "margin_delta": 1.3270423452297428,
          "mean_first_top1_layer": 24.26992106539666,
          "mean_first_top20_layer": 17.65872910878864,
          "mean_first_top5_layer": 20.75719892401993,
          "mean_top20_entries": 12.451986594346687,
          "mean_top20_exits": 12.451986594346687,
          "repulsion_top10_delta": -1.2204282611709278,
          "support_target_delta": 0.10661408405880958,
          "teacher_rank_gain": null
        },
        "FUNCTION_OTHER": {
          "count": 23367,
          "fraction_positive": 0.3711644627038131,
          "fraction_top1_displaced": 0.6771986134291783,
          "handoff_rate": 0.3711644627038131,
          "margin_delta": 1.317009879492426,
          "mean_first_top1_layer": 24.320537510163906,
          "mean_first_top20_layer": 17.76860529806993,
          "mean_first_top5_layer": 20.834852569863482,
          "mean_top20_entries": 12.41655753840886,
          "mean_top20_exits": 12.41655753840886,
          "repulsion_top10_delta": -1.2140634457170716,
          "support_target_delta": 0.10294643377535091,
          "teacher_rank_gain": null
        },
        "OTHER": {
          "count": 690,
          "fraction_positive": 0.08260869565217391,
          "fraction_top1_displaced": 0.6365217391304345,
          "handoff_rate": 0.08260869565217391,
          "margin_delta": 0.9872907120646809,
          "mean_first_top1_layer": 25.984057971014494,
          "mean_first_top20_layer": 21.379710144927536,
          "mean_first_top5_layer": 23.38695652173913,
          "mean_top20_entries": 11.252173913043482,
          "mean_top20_exits": 11.252173913043482,
          "repulsion_top10_delta": -1.0048824021704863,
          "support_target_delta": -0.017591690105804376,
          "teacher_rank_gain": null
        },
        "PUNCTUATION": {
          "count": 16163,
          "fraction_positive": 0.3199282311452082,
          "fraction_top1_displaced": 0.6788714966280929,
          "handoff_rate": 0.3199282311452082,
          "margin_delta": 1.2257866909235267,
          "mean_first_top1_layer": 24.943203613190622,
          "mean_first_top20_layer": 20.662253294561655,
          "mean_first_top5_layer": 22.53795706242653,
          "mean_top20_entries": 12.568545443296467,
          "mean_top20_exits": 12.568545443296467,
          "repulsion_top10_delta": -1.1634323071255634,
          "support_target_delta": 0.062354383797969426,
          "teacher_rank_gain": null
        },
        "STRUCTURAL": {
          "count": 1789,
          "fraction_positive": 0.15707098937954164,
          "fraction_top1_displaced": 0.690665176076021,
          "handoff_rate": 0.15707098937954164,
          "margin_delta": 1.2298727012761386,
          "mean_first_top1_layer": 25.209055338177752,
          "mean_first_top20_layer": 21.811067635550586,
          "mean_first_top5_layer": 23.28339854667412,
          "mean_top20_entries": 13.186193404136388,
          "mean_top20_exits": 13.186193404136388,
          "repulsion_top10_delta": -1.295638200434826,
          "support_target_delta": -0.06576549915868588,
          "teacher_rank_gain": null
        }
      }
    },
    "late_reconciliation": {
      "by_token_category": {
        "CONTENT": {
          "count": 83604,
          "fraction_positive": 0.37761351131524806,
          "fraction_top1_displaced": 0.24748723837284878,
          "handoff_rate": 0.37761351131524806,
          "margin_delta": 1.3449930513745154,
          "mean_first_top1_layer": 22.614539974163915,
          "mean_first_top20_layer": 17.788215874838524,
          "mean_first_top5_layer": 19.672336251853977,
          "mean_top20_entries": 5.427760173418252,
          "mean_top20_exits": 5.427760173418252,
          "repulsion_top10_delta": -0.8050959292068336,
          "support_target_delta": 0.5398971221676924,
          "teacher_rank_gain": null
        },
        "DISCOURSE": {
          "count": 451,
          "fraction_positive": 0.7671840354767184,
          "fraction_top1_displaced": 0.25260105747910677,
          "handoff_rate": 0.7671840354767184,
          "margin_delta": 0.8726179150190975,
          "mean_first_top1_layer": 22.004434589800443,
          "mean_first_top20_layer": 14.776053215077605,
          "mean_first_top5_layer": 16.771618625277164,
          "mean_top20_entries": 4.185058843595425,
          "mean_top20_exits": 4.185058843595425,
          "repulsion_top10_delta": -0.6377693672026382,
          "support_target_delta": 0.2348485478164597,
          "teacher_rank_gain": null
        },
        "FORMAT": {
          "count": 18403,
          "fraction_positive": 0.31505732760962885,
          "fraction_top1_displaced": 0.27863350039079354,
          "handoff_rate": 0.31505732760962885,
          "margin_delta": 1.6272311828254853,
          "mean_first_top1_layer": 24.897027658533936,
          "mean_first_top20_layer": 20.629679943487474,
          "mean_first_top5_layer": 22.46910829756018,
          "mean_top20_entries": 6.361638361638388,
          "mean_top20_exits": 6.361638361638388,
          "repulsion_top10_delta": -0.956988662685306,
          "support_target_delta": 0.6702425201401774,
          "teacher_rank_gain": null
        },
        "FUNCTION": {
          "count": 22677,
          "fraction_positive": 0.3799444370948538,
          "fraction_top1_displaced": 0.28899834125390117,
          "handoff_rate": 0.3799444370948538,
          "margin_delta": 1.205814370817255,