{
  "model": "mistral_7b",
  "n_records": 200,
  "n_resamples": 100,
  "corrective_layers": [
    19,
    20,
    21,
    22,
    23,
    24,
    25,
    26,
    27,
    28,
    29,
    30,
    31
  ],
  "per_layer": {
    "19": {
      "bootstrap_vs_full_cosines": {
        "mean": 0.8630371689796448,
        "std": 0.011906142346560955,
        "min": 0.8346834778785706,
        "p5": 0.841556790471077,
        "p95": 0.8814074695110321
      },
      "pairwise_cosines": {
        "mean": 0.9840713739395142,
        "std": 0.003629816696047783,
        "min": 0.9549815058708191,
        "p5": 0.9772587180137634,
        "p95": 0.9885415524244309
      }
    },
    "20": {
      "bootstrap_vs_full_cosines": {
        "mean": 0.8288587927818298,
        "std": 0.009259776212275028,
        "min": 0.7959896326065063,
        "p5": 0.8161349564790725,
        "p95": 0.8440591961145401
      },
      "pairwise_cosines": {
        "mean": 0.9752059578895569,
        "std": 0.0052141412161290646,
        "min": 0.9284883737564087,
        "p5": 0.9662155181169509,
        "p95": 0.9817607074975967
      }
    },
    "21": {
      "bootstrap_vs_full_cosines": {
        "mean": 0.8056567311286926,
        "std": 0.012953349389135838,
        "min": 0.7684565186500549,
        "p5": 0.7858678728342057,
        "p95": 0.8263980209827423
      },
      "pairwise_cosines": {
        "mean": 0.9730636477470398,
        "std": 0.004707871936261654,
        "min": 0.9471774101257324,
        "p5": 0.9646328270435334,
        "p95": 0.979712650179863
      }
    },
    "22": {
      "bootstrap_vs_full_cosines": {
        "mean": 0.834301769733429,
        "std": 0.011034739203751087,
        "min": 0.8089174032211304,
        "p5": 0.817131695151329,
        "p95": 0.8522160440683365
      },
      "pairwise_cosines": {
        "mean": 0.9686959385871887,
        "std": 0.005142854992300272,
        "min": 0.9435340166091919,
        "p5": 0.959895846247673,
        "p95": 0.9761332958936692
      }
    },
    "23": {
      "bootstrap_vs_full_cosines": {
        "mean": 0.8552864789962769,
        "std": 0.009315506555140018,
        "min": 0.8297721147537231,
        "p5": 0.8398028969764709,
        "p95": 0.8711173176765442
      },
      "pairwise_cosines": {
        "mean": 0.9819898009300232,
        "std": 0.0030720445793122053,
        "min": 0.9655711650848389,
        "p5": 0.9764331877231598,
        "p95": 0.9863296926021576
      }
    },
    "24": {
      "bootstrap_vs_full_cosines": {
        "mean": 0.8177345395088196,
        "std": 0.023979930207133293,
        "min": 0.7514631748199463,
        "p5": 0.7780337303876876,
        "p95": 0.8539616882801055
      },
      "pairwise_cosines": {
        "mean": 0.972581684589386,
        "std": 0.0056179724633693695,
        "min": 0.9354544878005981,
        "p5": 0.9623049914836883,
        "p95": 0.9800644755363465
      }
    },
    "25": {
      "bootstrap_vs_full_cosines": {
        "mean": 0.8368493914604187,
        "std": 0.009940190240740776,
        "min": 0.8033384084701538,
        "p5": 0.8201012164354324,
        "p95": 0.8515788495540619
      },
      "pairwise_cosines": {
        "mean": 0.9760625958442688,
        "std": 0.004366945009678602,
        "min": 0.956941545009613,
        "p5": 0.9680072367191315,
        "p95": 0.9822696954011917
      }
    },
    "26": {
      "bootstrap_vs_full_cosines": {
        "mean": 0.9200106859207153,
        "std": 0.008009805344045162,
        "min": 0.899524450302124,
        "p5": 0.9067365735769272,
        "p95": 0.9301494300365448
      },
      "pairwise_cosines": {
        "mean": 0.9884812831878662,
        "std": 0.002604605397209525,
        "min": 0.9726793169975281,
        "p5": 0.9837208032608032,
        "p95": 0.9920141845941544
      }
    },
    "27": {
      "bootstrap_vs_full_cosines": {
        "mean": 0.877686619758606,
        "std": 0.01007420290261507,
        "min": 0.8528326153755188,
        "p5": 0.8599917590618134,
        "p95": 0.8937149792909622
      },
      "pairwise_cosines": {
        "mean": 0.9881656169891357,
        "std": 0.002699990523979068,
        "min": 0.9702818393707275,
        "p5": 0.9832653224468231,
        "p95": 0.9914991199970246
      }
    },
    "28": {
      "bootstrap_vs_full_cosines": {
        "mean": 0.8825402855873108,
        "std": 0.007767262402921915,
        "min": 0.8612106442451477,
        "p5": 0.8704333662986755,
        "p95": 0.8937721163034439
      },
      "pairwise_cosines": {
        "mean": 0.9896811842918396,
        "std": 0.0026254968252032995,
        "min": 0.9754965305328369,
        "p5": 0.9846667259931564,
        "p95": 0.9930172055959702
      }
    },
    "29": {
      "bootstrap_vs_full_cosines": {
        "mean": 0.9348393082618713,
        "std": 0.004392004571855068,
        "min": 0.9229239821434021,
        "p5": 0.9280533641576767,
        "p95": 0.9416085481643677
      },
      "pairwise_cosines": {
        "mean": 0.9939808249473572,
        "std": 0.0016001828480511904,
        "min": 0.9846603274345398,
        "p5": 0.9910216957330704,
        "p95": 0.9959961742162704
      }
    },
    "30": {
      "bootstrap_vs_full_cosines": {
        "mean": 0.9299812316894531,
        "std": 0.004435759503394365,
        "min": 0.9176567196846008,
        "p5": 0.922007092833519,
        "p95": 0.9363853514194489
      },
      "pairwise_cosines": {
        "mean": 0.9959138035774231,
        "std": 0.0012805068399757147,
        "min": 0.9869384765625,
        "p5": 0.9934919357299805,
        "p95": 0.9974219501018524
      }
    },
    "31": {
      "bootstrap_vs_full_cosines": {
        "mean": 0.9485971331596375,
        "std": 0.005664675030857325,
        "min": 0.9324532151222229,
        "p5": 0.939451950788498,
        "p95": 0.9583574056625366
      },
      "pairwise_cosines": {
        "mean": 0.99834144115448,
        "std": 0.0007012659916654229,
        "min": 0.9936637878417969,
        "p5": 0.9970065116882324,
        "p95": 0.9991751343011857
      }
    }
  },
  "summary": {
    "mean_bootstrap_vs_full": 0.8719523182282081,
    "mean_pairwise": 0.9835565502826984,
    "min_pairwise": 0.9284883737564087,
    "stable": true
  }
}