{
  "model": "mistral_7b",
  "corrective_layers": [
    19,
    20,
    21,
    22,
    23,
    24,
    25,
    26,
    27,
    28,
    29,
    30,
    31
  ],
  "n_records": 200,
  "per_layer_pca": {
    "19": {
      "variance_explained": [
        0.1229337528347969,
        0.06806324422359467,
        0.036933381110429764,
        0.030058709904551506,
        0.025791892781853676,
        0.018424654379487038,
        0.016613611951470375,
        0.015522067435085773,
        0.014819192700088024,
        0.013241061940789223
      ],
      "cumulative_variance": [
        0.1229337528347969,
        0.19099700450897217,
        0.22793038189411163,
        0.2579890787601471,
        0.283780962228775,
        0.3022056221961975,
        0.31881922483444214,
        0.33434128761291504,
        0.34916049242019653,
        0.36240154504776
      ],
      "singular_values": [
        6.5731987953186035,
        4.890998363494873,
        3.6028878688812256,
        3.250321865081787,
        3.0108063220977783,
        2.544725179672241,
        2.416424512863159,
        2.3356943130493164,
        2.282198905944824,
        2.1572606563568115
      ],
      "total_variance": 351.46527099609375,
      "pc1_variance_ratio": 0.1229337528347969,
      "n_records": 200,
      "d_model": 4096,
      "rank_1_justified": false
    },
    "20": {
      "variance_explained": [
        0.10078508406877518,
        0.051966264843940735,
        0.03517632558941841,
        0.029158130288124084,
        0.021215364336967468,
        0.018796734511852264,
        0.017239578068256378,
        0.015491948463022709,
        0.01444835402071476,
        0.013901363126933575
      ],
      "cumulative_variance": [
        0.10078508406877518,
        0.1527513563632965,
        0.18792767822742462,
        0.2170858085155487,
        0.23830117285251617,
        0.25709789991378784,
        0.2743374705314636,
        0.28982943296432495,
        0.30427777767181396,
        0.3181791305541992
      ],
      "singular_values": [
        6.14721155166626,
        4.414085865020752,
        3.6316606998443604,
        3.306433916091919,
        2.8203647136688232,
        2.6547353267669678,
        2.5423967838287354,
        2.4100887775421143,
        2.3274974822998047,
        2.2830147743225098
      ],
      "total_variance": 374.9385070800781,
      "pc1_variance_ratio": 0.10078508406877518,
      "n_records": 200,
      "d_model": 4096,
      "rank_1_justified": false
    },
    "21": {
      "variance_explained": [
        0.078041210770607,
        0.037084732204675674,
        0.03213895857334137,
        0.026920409873127937,
        0.022452855482697487,
        0.021104391664266586,
        0.01850101538002491,
        0.017399627715349197,
        0.015543813817203045,
        0.014089640229940414
      ],
      "cumulative_variance": [
        0.078041210770607,
        0.11512593924999237,
        0.14726489782333374,
        0.17418530583381653,
        0.19663816690444946,
        0.21774256229400635,
        0.2362435758113861,
        0.2536432147026062,
        0.2691870331764221,
        0.28327667713165283
      ],
      "singular_values": [
        5.330573081970215,
        3.6745948791503906,
        3.4208009243011475,
        3.1307811737060547,
        2.8592207431793213,
        2.7720324993133545,
        2.5954320430755615,
        2.5169920921325684,
        2.378979444503784,
        2.2649667263031006
      ],
      "total_variance": 364.10260009765625,
      "pc1_variance_ratio": 0.078041210770607,
      "n_records": 200,
      "d_model": 4096,
      "rank_1_justified": false
    },
    "22": {
      "variance_explained": [
        0.06967848539352417,
        0.035496339201927185,
        0.027847707271575928,
        0.026431934908032417,
        0.025485051795840263,
        0.019102567806839943,
        0.017596086487174034,
        0.016405422240495682,
        0.01542190182954073,
        0.015117154456675053
      ],
      "cumulative_variance": [
        0.06967848539352417,
        0.10517482459545135,
        0.13302253186702728,
        0.15945446491241455,
        0.18493951857089996,
        0.20404209196567535,
        0.22163817286491394,
        0.23804359138011932,
        0.2534655034542084,
        0.26858267188072205
      ],
      "singular_values": [
        4.872323989868164,
        3.4775917530059814,
        3.080218553543091,
        3.0008983612060547,
        2.9466569423675537,
        2.551130533218384,
        2.4484703540802,
        2.364179849624634,
        2.292217254638672,
        2.269456386566162
      ],
      "total_variance": 340.701171875,
      "pc1_variance_ratio": 0.06967848539352417,
      "n_records": 200,
      "d_model": 4096,
      "rank_1_justified": false
    },
    "23": {
      "variance_explained": [
        0.10211022943258286,
        0.041719697415828705,
        0.037330374121665955,
        0.0233477670699358,
        0.022099995985627174,
        0.01876189559698105,
        0.017605189234018326,
        0.01653408631682396,
        0.014983611181378365,
        0.014370322227478027
      ],
      "cumulative_variance": [
        0.10211022943258286,
        0.14382992684841156,
        0.18116030097007751,
        0.20450806617736816,
        0.2266080677509308,
        0.24536997079849243,
        0.26297515630722046,
        0.2795092463493347,
        0.2944928705692291,
        0.30886319279670715
      ],
      "singular_values": [
        6.077406406402588,
        3.8846707344055176,
        3.67464017868042,
        2.906071662902832,
        2.8273510932922363,
        2.605085611343384,
        2.5235040187835693,
        2.4455342292785645,
        2.328047752380371,
        2.2799057960510254
      ],
      "total_variance": 361.71563720703125,
      "pc1_variance_ratio": 0.10211022943258286,
      "n_records": 200,
      "d_model": 4096,
      "rank_1_justified": false
    },
    "24": {
      "variance_explained": [
        0.1473923921585083,
        0.054548148065805435,
        0.025236863642930984,
        0.021831519901752472,
        0.0205812007188797,
        0.018527992069721222,
        0.01754952035844326,
        0.01595723070204258,
        0.01501940842717886,
        0.01456521637737751
      ],
      "cumulative_variance": [
        0.1473923921585083,
        0.20194053649902344,
        0.22717739641666412,
        0.2490089237689972,
        0.2695901393890381,
        0.2881181240081787,
        0.3056676387786865,
        0.32162487506866455,
        0.3366442918777466,
        0.35120952129364014
      ],
      "singular_values": [
        7.578401565551758,
        4.610309600830078,
        3.1358680725097656,
        2.916635036468506,
        2.8318839073181152,
        2.6869170665740967,
        2.6150062084198,
        2.4935543537139893,
        2.419170618057251,
        2.3823115825653076
      ],
      "total_variance": 389.6549377441406,
      "pc1_variance_ratio": 0.1473923921585083,
      "n_records": 200,
      "d_model": 4096,
      "rank_1_justified": false
    },
    "25": {
      "variance_explained": [
        0.0804527997970581,
        0.053895968943834305,
        0.03200755640864372,
        0.025479482486844063,
        0.021541772410273552,
        0.020239638164639473,
        0.018788715824484825,
        0.015885911881923676,
        0.015345867723226547,
        0.013159630820155144
      ],
      "cumulative_variance": [
        0.0804527997970581,
        0.1343487650156021,
        0.16635632514953613,
        0.19183580577373505,
        0.21337758004665375,
        0.23361721634864807,
        0.25240594148635864,
        0.2682918608188629,
        0.28363773226737976,
        0.29679736495018005
      ],