{
  "n_prompts": 1400,
  "intrinsic_dim": [
    7.451040393816621,
    9.510751630008668,
    10.370801146737922,
    10.535666458202346,
    11.32951707094286,
    10.414302751515937,
    10.790541207862288,
    10.247843267272916,
    9.807599808795938,
    9.873635258028967,
    9.447471330185936,
    10.08562852817906,
    9.557224422177192,
    9.510892689651415,
    9.61110357634967,
    9.98790909349167,
    9.929059123674381,
    9.420587638694425,
    9.341659001607509,
    8.713896347344798,
    8.694522701138798,
    8.597229250273392,
    8.575027885468424,
    8.757823915607698,
    8.76668931507131,
    8.958809857885438,
    9.218603667711495
  ],
  "intrinsic_dim_ci_low": [
    6.932659553234968,
    8.732983694282206,
    9.354095837536288,
    9.696245378355716,
    10.54481188549791,
    9.683470183299502,
    9.880002614606255,
    9.714759925371158,
    9.212952528871565,
    9.129262268242906,
    8.617902286841495,
    9.354127929553371,
    8.722034531583088,
    8.513860155648663,
    8.733339568573928,
    9.057742947488826,
    8.775194967085149,
    8.460200259069252,
    8.628666301152666,
    8.107728733460073,
    7.929692250847216,
    7.8351346035570035,
    7.793657368462796,
    7.904673378083456,
    7.813717305812023,
    8.012228024561896,
    8.398428572870444
  ],
  "intrinsic_dim_ci_high": [
    8.447345122994012,
    10.269464921487026,
    10.787931292735312,
    11.174977420871942,
    12.23794430133969,
    11.248926303555132,
    11.530944230429771,
    11.275586217499873,
    10.713278270949644,
    10.898502274782285,
    10.212082743526208,
    10.976565251798588,
    10.413053625164851,
    10.17353188948561,
    10.402338136013537,
    10.725513254910922,
    10.819877787448732,
    10.277510410419028,
    10.118759610977898,
    9.762597761714996,
    9.838839764325458,
    9.844739226167585,
    9.765528797506319,
    9.844163153071873,
    9.873546890436586,
    10.014010593071179,
    10.380853444050949
  ],
  "model": "deepseek_v2_lite",
  "variant": "it",
  "n_layers": 27
}