{
  "residuals_npz": "/root/results/cross_model_runs/l8_eval_20260414_v2_deepseek_v2_lite/deepseek_v2_lite/it/L8_residuals.npz",
  "n_prompts_used": 1400,
  "metrics": {
    "participation_ratio": [
      3.8092536527685903,
      4.46978442468533,
      4.086911226492036,
      5.437106213424793,
      6.474184295619779,
      8.008430024586202,
      9.100931023839522,
      9.571500167643824,
      11.911247706945568,
      11.772321727564863,
      13.99685468793365,
      13.09482107081043,
      14.978584816208683,
      17.05774280432263,
      18.858223829729194,
      19.923362167133103,
      23.068506984268303,
      24.870840090987617,
      25.658799452428084,
      31.517887519077945,
      33.37480514507747,
      33.85584879477902,
      33.38906322699597,
      32.970098927810135,
      36.08584400388249,
      34.016868272622446,
      23.044618346287034
    ],
    "effective_rank": [
      9.504763447631309,
      13.727526793727618,
      11.656805756918882,
      15.945827604799812,
      19.41485896360596,
      25.918964589567615,
      32.7571095460221,
      32.70351791585089,
      42.893347633189414,
      43.09273654997079,
      53.22800332651673,
      50.85057356882807,
      58.493355242528,
      65.94257355674637,
      73.58082078402133,
      78.76260532797983,
      91.90762058100123,
      99.05736095674108,
      100.07200328647247,
      132.7766159591074,
      140.13939024015315,
      142.63721089112522,
      144.31855408797995,
      142.66098880360232,
      162.45500500912524,
      157.16489045484673,
      113.03708184684106
    ],
    "pc1_ratio": [
      0.47039455740517433,
      0.43884374518705377,
      0.4570231555367135,
      0.37218372027865215,
      0.30291148479994984,
      0.2702585322412796,
      0.2447512718239867,
      0.2334397988670509,
      0.20714832860899124,
      0.20865555929161042,
      0.18931449824763952,
      0.20118539928741883,
      0.17956104453263838,
      0.15394177036899118,
      0.13711158848866517,
      0.13074976901820456,
      0.12452349330999421,
      0.11796388584583525,
      0.11653257059121082,
      0.1022756853743974,
      0.09778865390280403,
      0.09736055778110679,
      0.10669248990992614,
      0.10466806784440852,
      0.10256341855348058,
      0.10670852110266899,
      0.1547557994706179
    ],
    "pc5_ratio": [
      0.7784552993534593,
      0.7404893394012091,
      0.7720867595049443,
      0.735378772746115,
      0.7080260562991565,
      0.6571562321715437,
      0.6192621398364756,
      0.6204898308192701,
      0.5585954667818825,
      0.5595523175405506,
      0.5044573023542549,
      0.5207308214849578,
      0.49542802992525126,
      0.47547868781089897,
      0.4620943008825037,
      0.4545613208514832,
      0.4169700458762137,
      0.4026725929168687,
      0.3979303761668545,
      0.35666322754567353,
      0.3452055965382456,
      0.34279957670791633,
      0.34277780548506687,
      0.3488092508052949,
      0.3304959749210338,
      0.3375092023794194,
      0.38643759563236585
    ],
    "pc10_ratio": [
      0.8637524091501402,
      0.8189442714993139,
      0.8445995993917249,
      0.8165543255250384,
      0.7944872446736994,
      0.7466352642717691,
      0.7111507008951072,
      0.7156708829493246,
      0.6634464838794284,
      0.6649666877389319,
      0.6161163826131565,
      0.627250990252389,
      0.5983783105651872,
      0.5817364493266538,
      0.5649171921248006,
      0.5539454308780319,
      0.5159712407312311,
      0.49992815295929927,
      0.5005247353670665,
      0.45172599791197987,
      0.44111699172421004,
      0.4375480821890851,
      0.4314557646720159,
      0.43615222960122524,
      0.41176354415784605,
      0.41641612095814207,
      0.48803872499539575
    ]
  },
  "summary": {
    "late_start_layer": 21,
    "participation_ratio_last": 23.044618346287034,
    "participation_ratio_late_mean": 32.22705692872952,
    "effective_rank_last": 113.03708184684106,
    "effective_rank_late_mean": 143.71228851558675,
    "pc1_ratio_last": 0.1547557994706179,
    "pc1_ratio_late_mean": 0.11212480911036815,
    "pc5_ratio_last": 0.38643759563236585,
    "pc5_ratio_late_mean": 0.34813823432184954,
    "pc10_ratio_last": 0.48803872499539575,
    "pc10_ratio_late_mean": 0.4368957444289516
  }
}