{
  "A": {
    "delta_cosine": [
      -0.08893373753639273,
      -0.04070116234776426,
      -0.09240445192918655,
      -0.07608215945019413,
      -0.20413402963128494,
      -0.29720299635213443,
      -0.3286926433256411,
      -0.33883513314647784,
      -0.3347969409632532,
      -0.3137774417781084,
      -0.2979280541116742,
      -0.32062660332262977,
      -0.28639407311154885,
      -0.25454030340650974,
      -0.25158473426609484,
      -0.2160450813407613,
      -0.09784418596939896,
      -0.027203853967786455,
      -0.00773277340487451,
      0.018870960329927317,
      -0.005963785102830794,
      0.1135823713497574,
      0.14647435468188655,
      0.15752146700547745,
      0.1267601254089252,
      0.06350447292092559,
      -0.03594894516975238,
      -0.022417416622606306,
      -0.01684189124810073,
      -0.16877220749328295,
      -0.21604687629602704,
      -0.3072442080365868
    ],
    "kl_to_own_final": [
      8.735495209076639,
      8.579080559390121,
      7.910454152922337,
      7.960423215979291,
      7.896007522461975,
      7.83176717499568,
      7.829458087759421,
      7.8219646553135584,
      7.802199368190341,
      7.914528985983981,
      7.8193014201167195,
      7.812798150713692,
      7.729598063718176,
      7.5680594658732305,
      7.516609309314807,
      6.162290987620789,
      5.588107511218869,
      5.060456065029802,
      4.668245365058311,
      4.357434134432979,
      3.7869574516867504,
      3.5634991716123614,
      3.004848858489732,
      2.607690706745026,
      2.1760453887379776,
      1.8410280262975272,
      1.5578398962875628,
      1.1428029182338975,
      1.0149419971076186,
      0.5968697077388049,
      0.29260037576212583,
      0.0
    ],
    "structural_mass_prob_tier1": [
      0.005821671433696238,
      0.005989647229065691,
      0.005154880382102933,
      0.005935306946553685,
      0.006127126674313489,
      0.0055742336864259435,
      0.006052474519634359,
      0.005918979961634254,
      0.01026469124409326,
      0.011084897188486808,
      0.010441480826619252,
      0.014635275674304216,
      0.01164697224759175,
      0.011413293904789942,
      0.01833916840895078,
      0.01346428716984227,
      0.012627933816341069,
      0.012541565485351154,
      0.014487986739383103,
      0.010005203953712797,
      0.008870916154983434,
      0.00674574758389649,
      0.007020545722675836,
      0.007025514209933514,
      0.006627187057343459,
      0.006079152164435131,
      0.005487409469244423,
      0.005056643761968699,
      0.005039292910357868,
      0.0052743114384463064,
      0.005816221951612092,
      0.006191613480802685
    ],
    "entropy": [
      6.8894866759445215,
      6.841718433025678,
      6.201506925783813,
      6.1780715547055625,
      5.826701933014345,
      5.871163275303621,
      5.786705309669082,
      5.675614075187023,
      5.673764440729855,
      5.773606039327473,
      5.497528196221358,
      5.584462730467844,
      5.510526833408156,
      5.454588953561196,
      5.532838372512465,
      4.564863387067355,
      4.285309013755783,
      3.944471532198132,
      3.7728735199944823,
      3.6416666444082946,
      3.217573562592044,
      3.210898299840325,
      2.8972163277719707,
      2.567206522741741,
      2.177621862529304,
      1.903272584851807,
      1.697345219906475,
      1.3465418193401046,
      1.338887967500262,
      1.0036176383362498,
      0.7687376701975194,
      0.5406515576736034
    ],
    "cross_kl": [
      null,
      null,
      null,
      null,
      null,
      null,
      null,
      null,
      null,
      null,
      null,
      null,
      null,
      null,
      null,
      null,
      null,
      null,
      null,
      null,
      null,
      null,
      null,
      null,
      null,
      null,
      null,
      null,
      null,
      null,
      null,
      null
    ],
    "kl_to_pt_final": [
      null,
      null,
      null,
      null,
      null,
      null,
      null,
      null,
      null,
      null,
      null,
      null,
      null,
      null,
      null,
      null,
      null,
      null,
      null,
      null,
      null,
      null,
      null,
      null,
      null,
      null,
      null,
      null,
      null,
      null,
      null,
      null
    ],
    "residual_cosine": [
      null,
      null,
      null,
      null,
      null,
      null,
      null,
      null,
      null,
      null,
      null,
      null,
      null,
      null,
      null,
      null,
      null,
      null,
      null,
      null,
      null,
      null,
      null,
      null,
      null,
      null,
      null,
      null,
      null,
      null,
      null,
      null
    ],
    "residual_divergence": [
      null,
      null,
      null,
      null,
      null,
      null,
      null,
      null,
      null,
      null,
      null,
      null,
      null,
      null,
      null,
      null,
      null,
      null,
      null,
      null,
      null,
      null,
      null,
      null,
      null,
      null,
      null,
      null,
      null,
      null,
      null,
      null
    ]
  },
  "B": {
    "delta_cosine": [
      -0.07212992435613878,
      -0.03630739532203744,
      -0.08630081453797125,
      -0.07639386019286029,
      -0.20863577054529236,
      -0.3007515647924019,
      -0.3338808360694964,
      -0.35469806944445265,
      -0.3502418934147283,
      -0.32720465987503755,
      -0.3128281140555828,
      -0.3306864602321063,
      -0.2992428653479225,
      -0.2644252226086006,
      -0.2622175107776655,
      -0.22203903979852987,
      -0.10855838961529131,
      -0.030623396639883595,
      -0.011376507302039178,
      0.0281410280869005,
      -0.0020205397808030043,
      0.10104655680729999,
      0.13675788092490312,
      0.16341088898049966,
      0.13659197548048846,
      0.10067205825916234,
      -0.01779030648551023,
      0.01795907756487819,
      -0.0010203443760595245,
      -0.13324801116323962,
      -0.20774815917643344,
      -0.36787649640049086
    ],
    "kl_to_own_final": [
      10.364786600713183,
      10.210660502599797,
      9.433186642598821,
      9.511647023469951,
      9.412723443995555,
      9.331859436996856,
      9.328708173891833,
      9.328918056858946,
      9.210328965919919,
      9.326872925489273,
      9.262856224074069,
      9.300604023304963,
      9.349492875084074,
      9.206890445824262,
      9.04107292628316,
      7.685551391017094,
      7.142149617668367,
      6.499045186848314,
      6.020118251435518,
      5.698426109513576,
      4.998945957972209,
      4.6019910289165855,
      3.8176708428050263,
      3.349567368373608,
      2.800843163252631,
      2.421610552172575,
      2.006784516008206,
      1.4464304372397552,
      1.3182774654245462,
      0.8186036724016481,
      0.3155355482716037,
      0.0
    ],
    "structural_mass_prob_tier1": [
      0.005951613757595581,
      0.005799844898396371,
      0.004942804346410741,
      0.005261683612407789,
      0.005635099670949435,
      0.0041427146576588966,
      0.004912998078556518,
      0.0053715613254472815,
      0.007201985358933337,
      0.00728396906830397,
      0.007244980688537168,
      0.008604084319442614,
      0.005387413141957016,
      0.005481733274806599,
      0.010431418003859709,
      0.007588904692036286,
      0.006076090414372717,
      0.007226907152313171,
      0.007634056721060133,
      0.006026954586648614,
      0.005677171321044425,
      0.005503248807517299,
      0.005686761589870292,
      0.005734454496789009,
      0.005687028029586673,
      0.005116551827019244,
      0.005090807783922861,
      0.005237789828824844,
      0.005591930691682769,
      0.008661719688206879,
      0.012838941761318976,
      0.016321915016215056
    ],