{
  "overall": {
    "n_prompts": 2936,
    "mean_divergence_step": 7.18413496051687,
    "pipeline_a_mean_length": 230.34094005449592,
    "pipeline_b_mean_length": 394.99114441416896,
    "pipeline_a_mean_structural_ratio_tier1_proxy": 0.1991660521344742,
    "pipeline_b_mean_structural_ratio_tier1_proxy": 0.17895724800958318
  },
  "per_category": {
    "": {
      "n_prompts": 2936,
      "mean_divergence_step": 7.18413496051687,
      "pipeline_a_mean_length": 230.34094005449592,
      "pipeline_b_mean_length": 394.99114441416896
    }
  }
}