{
  "A": {
    "delta_cosine": [
      -0.08406690582988516,
      -0.0366081653998188,
      -0.08338264752918488,
      -0.06960050461818525,
      -0.19561261710573716,
      -0.2914732842496091,
      -0.32255602710888176,
      -0.33614410355217145,
      -0.32554919241906627,
      -0.30710480871374984,
      -0.29216108481384717,
      -0.31623448581198965,
      -0.2775302392441706,
      -0.24743672900547592,
      -0.2453530807827529,
      -0.20541235121920073,
      -0.08882861750612918,
      -0.018026315724532473,
      0.0020196115810784112,
      0.027241910022034656,
      0.0012333944624623805,
      0.11939356611318842,
      0.1530627336174955,
      0.16155107409681999,
      0.1373122164797766,
      0.07306706518331087,
      -0.03474368616038011,
      -0.018328173399590517,
      -0.008030457119084929,
      -0.1687723165845631,
      -0.21520861924688856,
      -0.31055778505171083
    ],
    "kl_to_own_final": [
      8.713210932338066,
      8.553887847513792,
      7.889702086317541,
      7.92729749958336,
      7.878453656262559,
      7.809280210232495,
      7.821781382526678,
      7.807593530204009,
      7.796217876872551,
      7.918440713831551,
      7.8125216863868,
      7.806601538751355,
      7.7151332820642935,
      7.547689966973356,
      7.483033586146669,
      6.103138556677769,
      5.4810952803372235,
      4.972333130324084,
      4.613660172417562,
      4.311179834557445,
      3.737949000883365,
      3.5038155258161403,
      2.9545911101479634,
      2.57739552852943,
      2.172550021868517,
      1.8456408613506146,
      1.5787295640163126,
      1.1417455745038343,
      1.0231004869250668,
      0.6057147544114058,
      0.2927813865763171,
      0.0
    ],
    "structural_mass_prob_tier1": [
      0.00490675988286679,
      0.005065235286743689,
      0.004326227915544297,
      0.00504731685632589,
      0.005462373450108112,
      0.004880536157368872,
      0.005419397713093145,
      0.005326370174878098,
      0.008954948873472429,
      0.009594355516146192,
      0.009339530479635694,
      0.012639001133068446,
      0.010233329439716035,
      0.009472157846106064,
      0.015284305058555856,
      0.010777071538812933,
      0.009860964609368663,
      0.00927832827171477,
      0.010769114727922916,
      0.007780390797956361,
      0.006867394655696042,
      0.005305917020577956,
      0.0054120791848991144,
      0.005385292423121944,
      0.004966654390638736,
      0.004649260823715912,
      0.004162380538870663,
      0.0038948701704173876,
      0.003938547870654868,
      0.003795381690754662,
      0.004060049522465745,
      0.004286498230253659
    ],
    "entropy": [
      6.8301683991162925,
      6.767453869011376,
      6.16857532695622,
      6.171047772527645,
      5.87157160469483,
      5.866194017754562,
      5.7968969883985775,
      5.6839216550103275,
      5.7037386465933295,
      5.804826579650237,
      5.5290474918902905,
      5.631402014290097,
      5.56092296980927,
      5.48015455388653,
      5.544434791356265,
      4.5661473821185385,
      4.235881200585758,
      3.9214033707897915,
      3.765731408276839,
      3.623329733736504,
      3.1962373836118396,
      3.17515843836763,
      2.8517738631626703,
      2.548532994263866,
      2.197942622743468,
      1.9491381001433379,
      1.7480399360374677,
      1.373034700156117,
      1.379840388616955,
      1.0495288586611538,
      0.8008733075752551,
      0.5322683212982566
    ]
  },
  "B": {
    "delta_cosine": [
      -0.06974093117658904,
      -0.030303512093305427,
      -0.07505796745254924,
      -0.06982625375474596,
      -0.19759078096944904,
      -0.2909665416124377,
      -0.3221584186926894,
      -0.34639790304985046,
      -0.3367195209203517,
      -0.31586237324092564,
      -0.30242235929951117,
      -0.32250214185774206,
      -0.28582659831967716,
      -0.25299403217517696,
      -0.2510765185218711,
      -0.20950691959429144,
      -0.09799504773473301,
      -0.02368286578453928,
      -0.0034532782573121583,
      0.03616961286982024,
      0.005800275369277247,
      0.10363698360837423,
      0.14009161226456582,
      0.16702467645542193,
      0.14397748149088208,
      0.10945917036957781,
      -0.009123726123510348,
      0.025428496881418804,
      0.006289137815062489,
      -0.12542354711571707,
      -0.20365074429716706,
      -0.3702869159327775
    ],
    "kl_to_own_final": [
      10.469556595997808,
      10.267793765887298,
      9.605310492592716,
      9.584659335095147,
      9.530787530263042,
      9.401164896909245,
      9.417043904984125,
      9.376979063710822,
      9.361969933992851,
      9.464106467332622,
      9.347511203631132,
      9.36682010181873,
      9.202140778566385,
      9.017566279939013,
      8.914371592033552,
      7.544986060110811,
      6.8141285712218025,
      6.218844025072236,
      5.823979510046071,
      5.5194471544816865,
      4.882349428088469,
      4.509736510402954,
      3.8301383236542135,
      3.4163103561994457,
      3.0169918750080176,
      2.6355769293535047,
      2.2611849059983156,
      1.6716405016666989,
      1.4984157988232256,
      0.9693298622799121,
      0.3779061670520698,
      0.0
    ],
    "structural_mass_prob_tier1": [
      0.004352216045934261,
      0.004338513093253824,
      0.003730534533380212,
      0.004325949014670711,
      0.00467289206119621,
      0.004031487227388418,
      0.004707490676575991,
      0.0046037119620769935,
      0.007526051778973844,
      0.007945800023335692,
      0.007963330446892533,
      0.010295248781391628,
      0.008467738164775864,
      0.007840252959692042,
      0.011620824335516634,
      0.007600767620603914,
      0.00722526225698365,
      0.007253654633041888,
      0.007955351977506275,
      0.0060123181934435155,
      0.005753145326429875,
      0.005001481952697984,
      0.005090876175475424,
      0.004979739416519039,
      0.004905374126572015,
      0.004671289589522612,
      0.004559663819056442,
      0.004513016839854763,
      0.0047445768577482235,
      0.007012902897255247,
      0.009512750754939757,
      0.01066051005008469
    ],
    "entropy": [
      6.773073203994125,
      6.660854653338089,
      6.166697639124949,
      6.155343350726295,
      5.924990578762707,
      5.827101992358766,
      5.7840950068082035,
      5.6839995466225535,
      5.721230531811223,
      5.80430277887278,
      5.581832834930656,
      5.700570023480322,
      5.568809478139521,
      5.489795602713441,
      5.550309611940096,
      4.809848173690075,
      4.460886709433844,
      4.163685995486006,
      4.023443655295337,
      3.9507866559154405,
      3.541637140878381,
      3.453522654838907,
      3.1101813954140027,
      2.849329207410607,
      2.5805511646849304,
      2.3398744233075313,
      2.0819534531022974,
      1.6643098126300675,
      1.616550568948755,
      1.2630496179178055,
      0.7873939077887682,
      0.4038954015283418
    ],
    "cross_kl": [
      2.102902077340436,
      2.4141137749530377,
      3.358012984285106,
      3.3056584032207432,
      3.3861050803050063,
      3.596872712138688,
      3.5489877306497166,
      3.560348016064382,
      3.5240895733063056,
      3.494630137894191,
      3.6714987660202105,
      3.6806539083188023,
      3.7220789968808656,
      3.8066269642514605,
      3.9232108804471504,
      5.692383501212479,
      6.41670712552524,
      6.840388845993846,
      7.011061407308947,
      7.296547423313221,
      7.939879152565328,
      7.990034257281175,
      8.352260868513516,
      8.545223520300354,
      8.5240056059524,
      8.63419695781916,
      8.992694327788074,
      9.597286924815347,
      9.527739849193749,
      10.397287182463247,
      10.806609508672487,
      12.820247695872544
    ],