{
  "n_prompts": 1400,
  "intrinsic_dim": [
    6.155968434020094,
    7.148603533706678,
    7.861526329128148,
    8.695958714817873,
    9.056341972845308,
    9.921222186284538,
    9.785657930599642,
    9.79030379689044,
    9.663144722956284,
    9.822896403241874,
    9.831933486746804,
    9.663359361255356,
    9.689327322543766,
    9.820863115587425,
    10.12255163843433,
    10.256507393876229,
    9.935820563979169,
    10.092816781923627,
    9.901673670960118,
    10.89560743254607,
    10.999443945743566,
    10.843935809371287,
    10.766823989189252,
    10.585614678158041,
    10.67786047160337,
    10.79785086298782,
    10.615939397087637,
    10.685326857626269,
    10.583943865033412,
    10.658841650536107,
    10.903959757398741,
    10.994578145466194
  ],
  "intrinsic_dim_ci_low": [
    4.96686504986177,
    6.1576697955361315,
    6.491766846455946,
    7.432592324311981,
    7.95083347107261,
    8.743052288406192,
    8.891469422998933,
    8.905854653641553,
    8.931663604654357,
    9.077435746772219,
    8.943663319251922,
    8.939358571429308,
    8.976289337686934,
    9.003814943562357,
    9.407295009657508,
    9.58171580983464,
    9.103558516563911,
    9.237792666122015,
    9.17961984097022,
    10.102218635947663,
    10.164530869610564,
    10.12872894173649,
    9.874023118549427,
    9.8475066889939,
    9.770142447393045,
    9.889996845609415,
    9.71826374671607,
    9.615720456674087,
    9.713749347739665,
    9.866471395935744,
    9.966535534993605,
    10.021775566724008
  ],
  "intrinsic_dim_ci_high": [
    7.64971268312847,
    8.442132781206851,
    9.233421338833029,
    10.388875467222128,
    10.122509190289563,
    10.741788692788381,
    10.5388646914555,
    10.531729033912825,
    10.609218867581891,
    10.777209129247101,
    10.616430481839071,
    10.653539996290297,
    10.591221491750122,
    10.78680523628933,
    11.392164944691638,
    11.547244208899357,
    11.12750720983567,
    11.072796677456735,
    10.95375992233257,
    11.693075293112262,
    11.584779166897038,
    11.590009266669453,
    11.536896978271022,
    11.2517389731426,
    11.423036085454479,
    11.474615867714459,
    11.476531339397201,
    11.413174995331353,
    11.414090270956239,
    11.448696021365206,
    11.690673901841299,
    12.015419328259492
  ],
  "model": "olmo2_7b",
  "variant": "pt",
  "n_layers": 32
}