{
  "residuals_npz": "/root/results/cross_model_runs/l8_eval_20260414_v2_olmo2_7b/olmo2_7b/pt/L8_residuals.npz",
  "n_prompts_used": 1400,
  "metrics": {
    "participation_ratio": [
      7.570006220264535,
      7.776901934537119,
      7.789892053159528,
      9.350203586512068,
      9.358517246643846,
      10.559760235198128,
      11.776314876949197,
      12.897400390146224,
      14.181877676801534,
      15.89882038941971,
      17.614953064827798,
      18.797768286370193,
      19.460828677653144,
      20.21989138385212,
      20.427031256427878,
      18.625839761073674,
      18.50636562645059,
      20.385744816216228,
      20.46753012497048,
      20.16545967866518,
      19.70926561331397,
      19.654337896679035,
      20.49394849695903,
      21.905249689212223,
      23.314508622761107,
      25.06736783116344,
      27.470420811975817,
      27.10747922468933,
      29.497065227709047,
      29.011666910130483,
      27.110491081683897,
      23.330431962147184
    ],
    "effective_rank": [
      15.894249696774153,
      18.953890689686425,
      22.417157252431124,
      33.149984601046015,
      34.47073432009337,
      43.466679038357526,
      47.44085383090741,
      52.544796738719306,
      58.377153594029004,
      66.73915235932199,
      76.12385715046793,
      80.94214181121667,
      84.59423632077795,
      89.35828851140185,
      90.43143398008756,
      85.63382974442838,
      88.55416888562995,
      98.15178182012232,
      101.52307855313127,
      99.71500173437535,
      100.71078198792814,
      103.63081563937959,
      110.39062078423284,
      118.81652518245681,
      130.1676003576154,
      141.50791193635058,
      155.49450505626297,
      156.87326018007803,
      170.7735492222311,
      169.65288489833605,
      154.09604264534929,
      127.02723843462574
    ],
    "pc1_ratio": [
      0.28861726982831126,
      0.30882993619768867,
      0.30173811679461543,
      0.2633949586097759,
      0.25496161448591287,
      0.24749250949592175,
      0.2071801499437511,
      0.18890121587587053,
      0.17623798602533547,
      0.15904000793090642,
      0.15615789419740508,
      0.1453295394596193,
      0.14329181327161145,
      0.14211234937439737,
      0.14335662787558037,
      0.1582476829683139,
      0.15857588466465386,
      0.14550771208345456,
      0.15026081984926606,
      0.15384590626312894,
      0.1607055430466625,
      0.16375360532389785,
      0.15965341152250845,
      0.15218831819102055,
      0.14776863280710367,
      0.140630072711674,
      0.13315631378768708,
      0.1344947119160918,
      0.12801739764413061,
      0.1304885195077976,
      0.13351295734156593,
      0.14782951881536766
    ],
    "pc5_ratio": [
      0.6393641263758099,
      0.6180861077327733,
      0.632668529188863,
      0.588050568260938,
      0.6061416586017216,
      0.574619481659386,
      0.5630469968434225,
      0.5491691429596635,
      0.53045028781646,
      0.5076628155973173,
      0.4809120367702822,
      0.46879283812050054,
      0.4598935345451811,
      0.45051780789189977,
      0.4471865634525258,
      0.4579424276229699,
      0.4568795765331652,
      0.43722769368345227,
      0.43280533820882394,
      0.4377739775256509,
      0.43748961959570837,
      0.4339588151034508,
      0.4230188488575297,
      0.4089472815460442,
      0.39497070716494453,
      0.38177572327218684,
      0.36457055123197973,
      0.3645107792189319,
      0.34893656971525683,
      0.349976260965928,
      0.3650889810138995,
      0.39231371147922717
    ],
    "pc10_ratio": [
      0.7946237180928911,
      0.76904680792976,
      0.7530720271995258,
      0.6971942650650098,
      0.6961879326064059,
      0.6587972160586504,
      0.6484171924707984,
      0.63581268968377,
      0.6164654599202514,
      0.5917100646838118,
      0.5675006211802867,
      0.5588144628979386,
      0.551110788075988,
      0.5415838268143474,
      0.5399757522731445,
      0.5509762233543245,
      0.5474592930834064,
      0.527642231906461,
      0.518198882900228,
      0.5210154260391988,
      0.5175921329073637,
      0.5111498322054553,
      0.4982997347356586,
      0.4849855306351116,
      0.46843850475573234,
      0.45353576534810813,
      0.4362962854214168,
      0.435707386326803,
      0.41995876130667575,
      0.422713915773382,
      0.44588547656721256,
      0.4832354092446039
    ]
  },
  "summary": {
    "late_start_layer": 25,
    "participation_ratio_last": 23.330431962147184,
    "participation_ratio_late_mean": 26.94213186421417,
    "effective_rank_last": 127.02723843462574,
    "effective_rank_late_mean": 153.63219891046197,
    "pc1_ratio_last": 0.14782951881536766,
    "pc1_ratio_late_mean": 0.13544707024633068,
    "pc5_ratio_last": 0.39231371147922717,
    "pc5_ratio_late_mean": 0.3667389395567729,
    "pc10_ratio_last": 0.4832354092446039,
    "pc10_ratio_late_mean": 0.44247614285545744
  }
}