{
  "A1_alpha_-0.5": {
    "condition": "A1_alpha_-0.5",
    "alpha": -0.5,
    "mean_commitment": 16.093737623762376,
    "median_commitment": 19.0,
    "std_commitment": 9.427150351667299,
    "n_tokens": 80800,
    "n_layers": 27,
    "skip_first_n": 5
  },
  "A1_alpha_-2": {
    "condition": "A1_alpha_-2",
    "alpha": -2.0,
    "mean_commitment": 18.102610837438423,
    "median_commitment": 21.0,
    "std_commitment": 8.779609329665952,
    "n_tokens": 81200,
    "n_layers": 27,
    "skip_first_n": 5
  },
  "A1_alpha_-5": {
    "condition": "A1_alpha_-5",
    "alpha": -5.0,
    "mean_commitment": 21.14685960591133,
    "median_commitment": 22.0,
    "std_commitment": 5.628426377565816,
    "n_tokens": 81200,
    "n_layers": 27,
    "skip_first_n": 5
  },
  "A1_alpha_0.25": {
    "condition": "A1_alpha_0.25",
    "alpha": 0.25,
    "mean_commitment": 16.330688816050856,
    "median_commitment": 19.0,
    "std_commitment": 9.05344013620607,
    "n_tokens": 80544,
    "n_layers": 27,
    "skip_first_n": 5
  },
  "A1_alpha_0.75": {
    "condition": "A1_alpha_0.75",
    "alpha": 0.75,
    "mean_commitment": 16.603981645944344,
    "median_commitment": 19.0,
    "std_commitment": 8.84170308112842,
    "n_tokens": 81072,
    "n_layers": 27,
    "skip_first_n": 5
  },
  "A1_alpha_1.5": {
    "condition": "A1_alpha_1.5",
    "alpha": 1.5,
    "mean_commitment": 17.51494967436353,
    "median_commitment": 20.0,
    "std_commitment": 8.129452280912844,
    "n_tokens": 81072,
    "n_layers": 27,
    "skip_first_n": 5
  },
  "A1_alpha_3": {
    "condition": "A1_alpha_3",
    "alpha": 3.0,
    "mean_commitment": 18.711611456176673,
    "median_commitment": 20.0,
    "std_commitment": 7.021247751661724,
    "n_tokens": 81144,
    "n_layers": 27,
    "skip_first_n": 5
  },
  "A1_baseline": {
    "condition": "A1_baseline",
    "alpha": 1.0,
    "mean_commitment": 16.603648608644168,
    "median_commitment": 19.0,
    "std_commitment": 8.752101611734918,
    "n_tokens": 81072,
    "n_layers": 27,
    "skip_first_n": 5
  },
  "A1_ctrl_random_b1": {
    "condition": "A1_ctrl_random_b1",
    "alpha": 1.0,
    "mean_commitment": 20.89652709359606,
    "median_commitment": 21.0,
    "std_commitment": 4.498593951984602,
    "n_tokens": 81200,
    "n_layers": 27,
    "skip_first_n": 5
  },
  "A1_alpha_-1": {
    "condition": "A1_alpha_-1",
    "alpha": -1.0,
    "mean_commitment": 16.75371921182266,
    "median_commitment": 20.0,
    "std_commitment": 9.260320348967037,
    "n_tokens": 81200,
    "n_layers": 27,
    "skip_first_n": 5
  },
  "A1_alpha_-3": {
    "condition": "A1_alpha_-3",
    "alpha": -3.0,
    "mean_commitment": 19.62942118226601,
    "median_commitment": 23.0,
    "std_commitment": 8.114203256793376,
    "n_tokens": 81200,
    "n_layers": 27,
    "skip_first_n": 5
  },
  "A1_alpha_0.5": {
    "condition": "A1_alpha_0.5",
    "alpha": 0.5,
    "mean_commitment": 16.535246590235225,
    "median_commitment": 19.0,
    "std_commitment": 8.917842431751785,
    "n_tokens": 80944,
    "n_layers": 27,
    "skip_first_n": 5
  },
  "A1_alpha_0": {
    "condition": "A1_alpha_0",
    "alpha": 0.0,
    "mean_commitment": 16.230916501976285,
    "median_commitment": 19.0,
    "std_commitment": 9.183081044524263,
    "n_tokens": 80960,
    "n_layers": 27,
    "skip_first_n": 5
  },
  "A1_alpha_1": {
    "condition": "A1_alpha_1",
    "alpha": 1.0,
    "mean_commitment": 16.587514801657786,
    "median_commitment": 19.0,
    "std_commitment": 8.772060551003264,
    "n_tokens": 81072,
    "n_layers": 27,
    "skip_first_n": 5
  },
  "A1_alpha_2": {
    "condition": "A1_alpha_2",
    "alpha": 2.0,
    "mean_commitment": 17.81963054187192,
    "median_commitment": 20.0,
    "std_commitment": 7.800080766378183,
    "n_tokens": 81200,
    "n_layers": 27,
    "skip_first_n": 5
  },
  "A1_alpha_5": {
    "condition": "A1_alpha_5",
    "alpha": 5.0,
    "mean_commitment": 20.783879310344826,
    "median_commitment": 21.0,
    "std_commitment": 4.329971014956119,
    "n_tokens": 81200,
    "n_layers": 27,
    "skip_first_n": 5
  },
  "A1_ctrl_random_b0": {
    "condition": "A1_ctrl_random_b0",
    "alpha": 1.0,
    "mean_commitment": 16.591659265837773,
    "median_commitment": 19.0,
    "std_commitment": 8.770956521986793,
    "n_tokens": 81072,
    "n_layers": 27,
    "skip_first_n": 5
  },
  "A1_ctrl_random_b3": {
    "condition": "A1_ctrl_random_b3",
    "alpha": 1.0,
    "mean_commitment": 25.186995073891627,
    "median_commitment": 26.0,
    "std_commitment": 2.0023344343959755,
    "n_tokens": 81200,
    "n_layers": 27,
    "skip_first_n": 5
  }
}