{
  "model": "deepseek_v2_lite",
  "n_prompts": 200,
  "profiles": {
    "1.0": {
      "alpha": 1.0,
      "id_twonn": [
        2.360289949781804,
        3.178569126848404,
        3.455179933612295,
        3.891069393949117,
        5.188126541732129,
        5.648878245443544,
        6.145876333824685,
        7.157223588415299,
        7.823627541107984,
        8.233527408838826,
        8.530029530009276,
        9.029245900553706,
        8.932613367968923,
        8.39582948552556,
        8.309819154391677,
        8.901542339170227,
        8.455752038592264,
        8.523073570252247,
        8.252756639389762,
        8.346812114120576,
        7.99531844188838,
        8.495116561860073,
        8.539597208885382,
        8.145752604595975,
        7.869297030549902,
        8.115046526848307,
        8.851553129225177
      ],
      "n_tokens": 5000,
      "n_layers": 27
    },
    "0.0": {
      "alpha": 0.0,
      "id_twonn": [
        3.124135203214408,
        3.8672210399977134,
        4.180323603539697,
        4.989637688519907,
        5.486731520917365,
        6.498002492821073,
        7.5727236490636125,
        7.876400002238927,
        8.524544381838526,
        8.543954308956499,
        9.184798087124303,
        9.173915324381063,
        9.092676660783598,
        8.586024780898438,
        8.694239423359328,
        8.713028828675736,
        8.417582811365824,
        8.366754864170549,
        8.30755073395698,
        8.72363511681412,
        8.559725009072272,
        9.04885492806841,
        8.607140642049139,
        8.479233025433485,
        8.415452000670061,
        8.341557426104561,
        8.726483979217699
      ],
      "n_tokens": 5000,
      "n_layers": 27
    },
    "-1.0": {
      "alpha": -1.0,
      "id_twonn": [
        3.7288858508242164,
        4.586250328560916,
        5.311884641058797,
        6.132627998100591,
        7.164612205056859,
        7.853836760254506,
        8.904986117692346,
        8.931413421833849,
        9.351431244926928,
        9.593967204291,
        10.186612838842672,
        9.995981195959347,
        9.69691461920269,
        9.208346505104757,
        9.455149201410324,
        9.803887606243148,
        9.160927971261803,
        9.335873098513044,
        9.089859329049277,
        9.568980601731788,
        9.510208108280814,
        9.981186400738999,
        10.12976893409808,
        9.497225550708887,
        9.491197972414339,
        9.375640969947092,
        10.096619443943483
      ],
      "n_tokens": 5000,
      "n_layers": 27
    }
  }
}