{
  "merged_jsonl": "results/exp18_midlate_token_handoff/full_runpod_20260423_095122/pure_flow/mistral_7b/it/pure_flow_results.jsonl",
  "n_prompts": 600,
  "n_steps": 90035,
  "windows": {
    "early": {
      "by_token_category": {
        "CONTENT": {
          "count": 91602,
          "fraction_positive": 0.33171764808628634,
          "fraction_top1_displaced": 0.6819851094955934,
          "handoff_rate": 0.33171764808628634,
          "margin_delta": 0.8707272882129055,
          "mean_first_top1_layer": 22.295932403222636,
          "mean_first_top20_layer": 16.361629658741077,
          "mean_first_top5_layer": 18.83878081264601,
          "mean_top20_entries": 13.05938953297933,
          "mean_top20_exits": 13.05938953297933,
          "repulsion_top10_delta": -0.7133223161754968,
          "support_target_delta": 0.15740497203741033,
          "teacher_rank_gain": null
        },
        "DISCOURSE": {
          "count": 546,
          "fraction_positive": 0.7802197802197802,
          "fraction_top1_displaced": 0.7093406593406595,
          "handoff_rate": 0.7802197802197802,
          "margin_delta": 0.9461028492671462,
          "mean_first_top1_layer": 21.846153846153847,
          "mean_first_top20_layer": 14.243589743589743,
          "mean_first_top5_layer": 16.54029304029304,
          "mean_top20_entries": 13.095238095238098,
          "mean_top20_exits": 13.095238095238098,
          "repulsion_top10_delta": -0.6993217063828601,
          "support_target_delta": 0.24678114288428543,
          "teacher_rank_gain": null
        },
        "FORMAT": {
          "count": 21649,
          "fraction_positive": 0.3859300660538593,
          "fraction_top1_displaced": 0.7408979629543564,
          "handoff_rate": 0.3859300660538593,
          "margin_delta": 0.9219734566377698,
          "mean_first_top1_layer": 24.080557993440806,
          "mean_first_top20_layer": 18.62880502563629,
          "mean_first_top5_layer": 21.079818929280798,
          "mean_top20_entries": 13.775971176497777,
          "mean_top20_exits": 13.775971176497777,
          "repulsion_top10_delta": -0.7909094793240904,
          "support_target_delta": 0.13106397731368352,
          "teacher_rank_gain": null
        },
        "FUNCTION": {
          "count": 21582,
          "fraction_positive": 0.3482995088499676,
          "fraction_top1_displaced": 0.6803725326660779,
          "handoff_rate": 0.3482995088499676,
          "margin_delta": 0.8455203602881569,
          "mean_first_top1_layer": 25.194374942081364,
          "mean_first_top20_layer": 17.904086738949125,
          "mean_first_top5_layer": 21.374339727550737,
          "mean_top20_entries": 13.028356964136757,
          "mean_top20_exits": 13.028356964136757,
          "repulsion_top10_delta": -0.6988059444330925,
          "support_target_delta": 0.1467144158550671,
          "teacher_rank_gain": null
        },
        "FUNCTION_OTHER": {
          "count": 22585,
          "fraction_positive": 0.3399601505423954,
          "fraction_top1_displaced": 0.6839008191277047,
          "handoff_rate": 0.3399601505423954,
          "margin_delta": 0.8454271583757595,
          "mean_first_top1_layer": 25.303564312596855,
          "mean_first_top20_layer": 18.138941775514724,
          "mean_first_top5_layer": 21.548549922514944,
          "mean_top20_entries": 13.053460261235296,
          "mean_top20_exits": 13.053460261235296,
          "repulsion_top10_delta": -0.7006887089234823,
          "support_target_delta": 0.14473844945227948,
          "teacher_rank_gain": null
        },
        "OTHER": {
          "count": 1003,
          "fraction_positive": 0.16051844466600199,
          "fraction_top1_displaced": 0.7598205383848433,
          "handoff_rate": 0.16051844466600199,
          "margin_delta": 0.8434216911042083,
          "mean_first_top1_layer": 27.653040877367896,
          "mean_first_top20_layer": 23.192422731804587,
          "mean_first_top5_layer": 25.297108673978066,
          "mean_top20_entries": 13.593619142572285,
          "mean_top20_exits": 13.593619142572285,
          "repulsion_top10_delta": -0.74120099529596,
          "support_target_delta": 0.10222069580824766,
          "teacher_rank_gain": null
        },
        "PUNCTUATION": {
          "count": 19511,
          "fraction_positive": 0.38168212803034185,
          "fraction_top1_displaced": 0.7420788273281255,
          "handoff_rate": 0.38168212803034185,
          "margin_delta": 0.9173626672950894,
          "mean_first_top1_layer": 24.255804418020602,
          "mean_first_top20_layer": 18.848393214084364,
          "mean_first_top5_layer": 21.327712572395058,
          "mean_top20_entries": 13.789257342012247,
          "mean_top20_exits": 13.789257342012247,
          "repulsion_top10_delta": -0.792835258704623,
          "support_target_delta": 0.12452740859047205,
          "teacher_rank_gain": null
        },
        "STRUCTURAL": {
          "count": 1592,
          "fraction_positive": 0.3027638190954774,
          "fraction_top1_displaced": 0.7372487437185926,
          "handoff_rate": 0.3027638190954774,
          "margin_delta": 0.9702061592064896,
          "mean_first_top1_layer": 22.699120603015075,
          "mean_first_top20_layer": 17.441582914572866,
          "mean_first_top5_layer": 19.598618090452263,
          "mean_top20_entries": 13.846608040200996,
          "mean_top20_exits": 13.846608040200996,
          "repulsion_top10_delta": -0.79871917940723,
          "support_target_delta": 0.17148697979926114,
          "teacher_rank_gain": null
        }
      }
    },
    "late_reconciliation": {
      "by_token_category": {
        "CONTENT": {
          "count": 91602,
          "fraction_positive": 0.33171764808628634,
          "fraction_top1_displaced": 0.2526884700199943,
          "handoff_rate": 0.33171764808628634,
          "margin_delta": 1.3207807342054234,
          "mean_first_top1_layer": 22.295932403222636,
          "mean_first_top20_layer": 16.361629658741077,
          "mean_first_top5_layer": 18.83878081264601,
          "mean_top20_entries": 5.183544867176201,
          "mean_top20_exits": 5.183544867176201,
          "repulsion_top10_delta": 0.09413441909977867,
          "support_target_delta": 1.4149151533051951,
          "teacher_rank_gain": null
        },
        "DISCOURSE": {
          "count": 546,
          "fraction_positive": 0.7802197802197802,
          "fraction_top1_displaced": 0.21710340941110237,
          "handoff_rate": 0.7802197802197802,
          "margin_delta": 0.737164114682157,
          "mean_first_top1_layer": 21.846153846153847,
          "mean_first_top20_layer": 14.243589743589743,
          "mean_first_top5_layer": 16.54029304029304,
          "mean_top20_entries": 3.8660185967878307,
          "mean_top20_exits": 3.8660185967878307,
          "repulsion_top10_delta": 0.2302012041510294,
          "support_target_delta": 0.9673653188331867,
          "teacher_rank_gain": null
        },
        "FORMAT": {
          "count": 21649,
          "fraction_positive": 0.3859300660538593,
          "fraction_top1_displaced": 0.2593084775633372,
          "handoff_rate": 0.3859300660538593,
          "margin_delta": 1.3001350538377945,
          "mean_first_top1_layer": 24.080557993440806,
          "mean_first_top20_layer": 18.62880502563629,
          "mean_first_top5_layer": 21.079818929280798,
          "mean_top20_entries": 5.3326037443548575,
          "mean_top20_exits": 5.3326037443548575,
          "repulsion_top10_delta": 0.1355992300617059,
          "support_target_delta": 1.4357342838995,
          "teacher_rank_gain": null
        },
        "FUNCTION": {
          "count": 21582,
          "fraction_positive": 0.3482995088499676,
          "fraction_top1_displaced": 0.2862036027173368,
          "handoff_rate": 0.3482995088499676,
          "margin_delta": 1.1177136610050202,