{
  "n_prompts": 120,
  "max_new_tokens_asserted": 512,
  "n_at_cap": 113,
  "fraction_at_cap": 0.9416666666666667,
  "mean_teacher_length": 494.6333333333333,
  "median_teacher_length": 512.0,
  "max_teacher_length": 512
}