{
  "merged_jsonl": "results/exp18_midlate_token_handoff/full_runpod_20260423_095122/pure_flow/olmo2_7b/pt/pure_flow_results.jsonl",
  "n_prompts": 600,
  "n_steps": 105277,
  "windows": {
    "early": {
      "by_token_category": {
        "CONTENT": {
          "count": 96532,
          "fraction_positive": 0.35627563916628685,
          "fraction_top1_displaced": 0.7090975013468539,
          "handoff_rate": 0.35627563916628685,
          "margin_delta": 1.3712287591225036,
          "mean_first_top1_layer": 22.63765383499772,
          "mean_first_top20_layer": 18.497638088923882,
          "mean_first_top5_layer": 20.034226992085525,
          "mean_top20_entries": 13.166363485683428,
          "mean_top20_exits": 13.166363485683428,
          "repulsion_top10_delta": -1.4370057965737077,
          "support_target_delta": -0.06577703745119785,
          "teacher_rank_gain": null
        },
        "DISCOURSE": {
          "count": 278,
          "fraction_positive": 0.5719424460431655,
          "fraction_top1_displaced": 0.6791366906474823,
          "handoff_rate": 0.5719424460431655,
          "margin_delta": 1.5945611055191071,
          "mean_first_top1_layer": 22.507194244604317,
          "mean_first_top20_layer": 17.769784172661872,
          "mean_first_top5_layer": 19.705035971223023,
          "mean_top20_entries": 12.78561151079136,
          "mean_top20_exits": 12.78561151079136,
          "repulsion_top10_delta": -1.6071448107499042,
          "support_target_delta": -0.012583705230796946,
          "teacher_rank_gain": null
        },
        "FORMAT": {
          "count": 27087,
          "fraction_positive": 0.4093845756266844,
          "fraction_top1_displaced": 0.6676117694835009,
          "handoff_rate": 0.4093845756266844,
          "margin_delta": 1.247775395682563,
          "mean_first_top1_layer": 23.95643666703585,
          "mean_first_top20_layer": 19.789345442463173,
          "mean_first_top5_layer": 21.45671355262672,
          "mean_top20_entries": 12.564868756229904,
          "mean_top20_exits": 12.564868756229904,
          "repulsion_top10_delta": -1.1754275301260473,
          "support_target_delta": 0.07234786555651546,
          "teacher_rank_gain": null
        },
        "FUNCTION": {
          "count": 29611,
          "fraction_positive": 0.47583668231400494,
          "fraction_top1_displaced": 0.7062983350781654,
          "handoff_rate": 0.47583668231400494,
          "margin_delta": 1.3494645190340802,
          "mean_first_top1_layer": 22.57316537773125,
          "mean_first_top20_layer": 16.728479281348147,
          "mean_first_top5_layer": 19.353584816453345,
          "mean_top20_entries": 12.861889162811147,
          "mean_top20_exits": 12.861889162811147,
          "repulsion_top10_delta": -1.255309969779974,
          "support_target_delta": 0.09415454925409239,
          "teacher_rank_gain": null
        },
        "FUNCTION_OTHER": {
          "count": 29924,
          "fraction_positive": 0.47353295014035557,
          "fraction_top1_displaced": 0.7060987835850688,
          "handoff_rate": 0.47353295014035557,
          "margin_delta": 1.3485870387977388,
          "mean_first_top1_layer": 22.58177382702847,
          "mean_first_top20_layer": 16.76246491110814,
          "mean_first_top5_layer": 19.375985830771288,
          "mean_top20_entries": 12.861465713139982,
          "mean_top20_exits": 12.861465713139982,
          "repulsion_top10_delta": -1.2548857861613958,
          "support_target_delta": 0.09370125263632854,
          "teacher_rank_gain": null
        },
        "OTHER": {
          "count": 313,
          "fraction_positive": 0.25559105431309903,
          "fraction_top1_displaced": 0.6872204472843452,
          "handoff_rate": 0.25559105431309903,
          "margin_delta": 1.2655740442983514,
          "mean_first_top1_layer": 23.396166134185304,
          "mean_first_top20_layer": 19.977635782747605,
          "mean_first_top5_layer": 21.49520766773163,
          "mean_top20_entries": 12.821405750798707,
          "mean_top20_exits": 12.821405750798707,
          "repulsion_top10_delta": -1.2147563895808888,
          "support_target_delta": 0.05081765471746362,
          "teacher_rank_gain": null
        },
        "PUNCTUATION": {
          "count": 25668,
          "fraction_positive": 0.4169004207573633,
          "fraction_top1_displaced": 0.6669588592800193,
          "handoff_rate": 0.4169004207573633,
          "margin_delta": 1.245427835165204,
          "mean_first_top1_layer": 23.953794608072307,
          "mean_first_top20_layer": 19.738429172510518,
          "mean_first_top5_layer": 21.435133239831696,
          "mean_top20_entries": 12.532382733364482,
          "mean_top20_exits": 12.532382733364482,
          "repulsion_top10_delta": -1.166708128457747,
          "support_target_delta": 0.07871970670745915,
          "teacher_rank_gain": null
        },
        "STRUCTURAL": {
          "count": 1141,
          "fraction_positive": 0.2007011393514461,
          "fraction_top1_displaced": 0.6794916739701996,
          "handoff_rate": 0.2007011393514461,
          "margin_delta": 1.2160933238376483,
          "mean_first_top1_layer": 24.36897458369851,
          "mean_first_top20_layer": 21.426818580192812,
          "mean_first_top5_layer": 22.36897458369851,
          "mean_top20_entries": 13.241893076248891,
          "mean_top20_exits": 13.241893076248891,
          "repulsion_top10_delta": -1.2663935231221064,
          "support_target_delta": -0.050300199284457406,
          "teacher_rank_gain": null
        }
      }
    },
    "late_reconciliation": {
      "by_token_category": {
        "CONTENT": {
          "count": 96532,
          "fraction_positive": 0.35627563916628685,
          "fraction_top1_displaced": 0.2388143907640377,
          "handoff_rate": 0.35627563916628685,
          "margin_delta": 1.2668999112786332,
          "mean_first_top1_layer": 22.63765383499772,
          "mean_first_top20_layer": 18.497638088923882,
          "mean_first_top5_layer": 20.034226992085525,
          "mean_top20_entries": 5.964673332717181,
          "mean_top20_exits": 5.964673332717181,
          "repulsion_top10_delta": -1.6240498678743833,
          "support_target_delta": -0.3571499565957737,
          "teacher_rank_gain": null
        },
        "DISCOURSE": {
          "count": 278,
          "fraction_positive": 0.5719424460431655,
          "fraction_top1_displaced": 0.23630326508024377,
          "handoff_rate": 0.5719424460431655,
          "margin_delta": 0.8842498664987911,
          "mean_first_top1_layer": 22.507194244604317,
          "mean_first_top20_layer": 17.769784172661872,
          "mean_first_top5_layer": 19.705035971223023,
          "mean_top20_entries": 5.144161593801885,
          "mean_top20_exits": 5.144161593801885,
          "repulsion_top10_delta": -1.563961310768168,
          "support_target_delta": -0.6797114442693772,
          "teacher_rank_gain": null
        },
        "FORMAT": {
          "count": 27087,
          "fraction_positive": 0.4093845756266844,
          "fraction_top1_displaced": 0.24299195469863827,
          "handoff_rate": 0.4093845756266844,
          "margin_delta": 1.3056041429131426,
          "mean_first_top1_layer": 23.95643666703585,
          "mean_first_top20_layer": 19.789345442463173,
          "mean_first_top5_layer": 21.45671355262672,
          "mean_top20_entries": 6.454191763860585,
          "mean_top20_exits": 6.454191763860585,
          "repulsion_top10_delta": -1.655573602384079,
          "support_target_delta": -0.3499694594709475,
          "teacher_rank_gain": null
        },
        "FUNCTION": {
          "count": 29611,
          "fraction_positive": 0.47583668231400494,
          "fraction_top1_displaced": 0.2522295508685328,
          "handoff_rate": 0.47583668231400494,
          "margin_delta": 1.0935895000804852,