{
  "by_model": {
    "gemma3_4b": 600,
    "llama31_8b": 600,
    "mistral_7b": 597,
    "olmo2_7b": 586,
    "qwen3_4b": 600
  },
  "event_kind": "first_diff",
  "exp23_root": "results/exp23_midlate_interaction_suite/exp23_dense5_full_h100x8_20260426_sh4_rw4",
  "exp26_root": "results/exp26_residual_opposition_mediation/exp26_dense5_full_a100x8_20260429_111420",
  "experiment": "exp26_residual_opposition_mediation",
  "models": [
    "gemma3_4b",
    "llama31_8b",
    "qwen3_4b",
    "mistral_7b",
    "olmo2_7b"
  ],
  "n_units": 53694,
  "primary": {
    "flipopp": {
      "drop": 0.4811122210579155,
      "drop_ci_high": 0.5356980140068298,
      "drop_ci_low": 0.4306011340687879,
      "interaction_full": 2.6351959894476136,
      "interaction_variant": 2.154083768389698,
      "interaction_variant_ci_high": 2.235284377745921,
      "interaction_variant_ci_low": 2.073912105958754,
      "mean_opp_norm_frac": 0.029172687463538693,
      "mean_postres_norm_ratio_after_hook": 1.0212175044596714,
      "mean_update_norm_ratio_after_hook": 1.0000000030518366,
      "mediation_fraction": 0.1825717035789682,
      "mediation_fraction_ci_high": 0.1992718555047587,
      "mediation_fraction_ci_low": 0.1661270236872336,
      "n_models": 5,
      "n_units": 2983,
      "readout": "common_it",
      "scope": "dense5",
      "seed_std_drop": null,
      "subset": "all",
      "variant": "flipopp"
    },
    "noopp": {
      "drop": 0.2581398757281287,
      "drop_ci_high": 0.2932298203959305,
      "drop_ci_low": 0.22500021760035854,
      "interaction_full": 2.6351959894476136,
      "interaction_variant": 2.377056113719485,
      "interaction_variant_ci_high": 2.46223220363934,
      "interaction_variant_ci_low": 2.293002885167472,
      "mean_opp_norm_frac": 0.028408661754281535,
      "mean_postres_norm_ratio_after_hook": 1.0103381843260602,
      "mean_update_norm_ratio_after_hook": 0.9957082186615663,
      "mediation_fraction": 0.09795851115508097,
      "mediation_fraction_ci_high": 0.10958311864926933,
      "mediation_fraction_ci_low": 0.08648318604507967,
      "n_models": 5,
      "n_units": 2983,
      "readout": "common_it",
      "scope": "dense5",
      "seed_std_drop": null,
      "subset": "all",
      "variant": "noopp"
    },
    "normpres_noopp": {
      "drop": 0.2528975100519917,
      "drop_ci_high": 0.28763723764626237,
      "drop_ci_low": 0.22064889464813345,
      "interaction_full": 2.6351959894476136,
      "interaction_variant": 2.3822984793956214,
      "interaction_variant_ci_high": 2.4659003036573774,
      "interaction_variant_ci_low": 2.2978833629591864,
      "mean_opp_norm_frac": 0.028408502638082745,
      "mean_postres_norm_ratio_after_hook": 1.0115505308714643,
      "mean_update_norm_ratio_after_hook": 1.0000000019756758,
      "mediation_fraction": 0.09596914653205879,
      "mediation_fraction_ci_high": 0.10735479684647331,
      "mediation_fraction_ci_low": 0.0847677148817333,
      "n_models": 5,
      "n_units": 2983,
      "readout": "common_it",
      "scope": "dense5",
      "seed_std_drop": null,
      "subset": "all",
      "variant": "normpres_noopp"
    },
    "opp_scale_0p5": {
      "drop": 0.1214914054657104,
      "drop_ci_high": 0.1436055689628938,
      "drop_ci_low": 0.10020462769701095,
      "interaction_full": 2.6351959894476136,
      "interaction_variant": 2.513704583981903,
      "interaction_variant_ci_high": 2.6017602594990543,
      "interaction_variant_ci_low": 2.4244715616812784,
      "mean_opp_norm_frac": 0.028143804142883942,
      "mean_postres_norm_ratio_after_hook": 1.0050752799410652,
      "mean_update_norm_ratio_after_hook": 0.9968530456933793,
      "mediation_fraction": 0.046103366107193136,
      "mediation_fraction_ci_high": 0.054044883159184307,
      "mediation_fraction_ci_low": 0.038546450363605676,
      "n_models": 5,
      "n_units": 2983,
      "readout": "common_it",
      "scope": "dense5",
      "seed_std_drop": null,
      "subset": "all",
      "variant": "opp_scale_0p5"
    },
    "ptlevel_opp": {
      "drop": 0.24261016300831736,
      "drop_ci_high": 0.2704132456773008,
      "drop_ci_low": 0.21614618901552668,
      "interaction_full": 2.6351959894476136,
      "interaction_variant": 2.3925858264392965,
      "interaction_variant_ci_high": 2.478192188567145,
      "interaction_variant_ci_low": 2.306569020764582,
      "mean_opp_norm_frac": 0.028349101983986325,
      "mean_postres_norm_ratio_after_hook": 1.0022399998041904,
      "mean_update_norm_ratio_after_hook": 0.9984034764806669,
      "mediation_fraction": 0.09206532037079071,
      "mediation_fraction_ci_high": 0.10103259152686873,
      "mediation_fraction_ci_low": 0.08305552487390205,
      "n_models": 5,
      "n_units": 2983,
      "readout": "common_it",
      "scope": "dense5",
      "seed_std_drop": null,
      "subset": "all",
      "variant": "ptlevel_opp"
    },
    "randorth": {
      "drop": 0.3215001964973378,
      "drop_ci_high": 0.3605554528218748,
      "drop_ci_low": 0.28384691462423983,
      "interaction_full": 2.6351959894476136,
      "interaction_variant": 2.3136957929502757,
      "interaction_variant_ci_high": 2.3984691621978462,
      "interaction_variant_ci_low": 2.227220283733331,
      "mean_opp_norm_frac": 0.028417952862007028,
      "mean_postres_norm_ratio_after_hook": 1.01154903082529,
      "mean_update_norm_ratio_after_hook": 0.9999956556099676,
      "mediation_fraction": 0.12200238531963244,
      "mediation_fraction_ci_high": 0.13502654134732833,
      "mediation_fraction_ci_low": 0.10901291644146259,
      "n_models": 5,
      "n_units": 2983,
      "readout": "common_it",
      "scope": "dense5",
      "seed_std_drop": 0.38227912300625094,
      "subset": "all",
      "variant": "randorth"
    }
  },
  "prompt_mode": "raw_shared"
}