{
  "A": {
    "delta_cosine": [
      0.2685046528525359,
      0.12001139977809182,
      0.18403322182591286,
      0.029086696086263568,
      0.030175626725613337,
      -0.028301434158948643,
      -0.04153727150128957,
      -0.08857797440216464,
      -0.1616452321200474,
      -0.11293401708278585,
      -0.16902072905098497,
      -0.15243980676938504,
      -0.14276623326557283,
      -0.08666122889071508,
      -0.04052419126931924,
      -0.041109203183049156,
      -0.008201073917257736,
      -0.016140410846738753,
      0.08668041567533225,
      0.1347130175092499,
      0.12495221350442483,
      0.11641651293163642,
      0.12032611208092173,
      0.10169092869561727,
      0.10464014009493776,
      0.11219355021489785,
      0.1122246686257365,
      0.06334390550168731,
      0.010137095788800461,
      0.04872617730536196,
      0.04428587814420001,
      -0.18731025089109235
    ],
    "kl_to_own_final": [
      8.358962004835501,
      8.184270330422718,
      7.480916509686255,
      7.35317981957074,
      7.0902815964292065,
      6.97739777950721,
      6.815240275088795,
      6.655249935323266,
      6.664905428481459,
      6.655292533988808,
      6.739304076537783,
      6.73307336726859,
      5.927966533835923,
      5.911350471857912,
      5.875120866971288,
      5.607165502435672,
      5.396792275428928,
      5.090679688709249,
      3.644310538943129,
      3.284381228536698,
      2.59006196565527,
      2.1015300822199374,
      1.8228969589064732,
      1.6700108162632883,
      1.598901042485051,
      1.3476939563940291,
      1.069293080023839,
      0.8652480952692734,
      0.6639429431607491,
      0.3218126173790947,
      0.09666316018174502,
      0.0
    ],
    "structural_mass_prob_tier1": [
      0.009815547785351401,
      0.008637146864899015,
      0.006712929199403978,
      0.006530013486159014,
      0.007304421512457518,
      0.008071788701804425,
      0.008185215527252728,
      0.009226745525959174,
      0.009239525945448615,
      0.009260047065098169,
      0.01014702544478938,
      0.010146729604568094,
      0.009342466962422913,
      0.009624689442625685,
      0.011608624593755421,
      0.012145574770966337,
      0.013758463411900774,
      0.012697586525471984,
      0.011721405590625518,
      0.016906018141470698,
      0.018706630065839735,
      0.0140388795084195,
      0.012529327388296431,
      0.013507855810577023,
      0.013546434337296397,
      0.008566741469804162,
      0.006840350919196177,
      0.0065001494996985935,
      0.006174048957774835,
      0.006787028483573303,
      0.00642360905882687,
      0.006727192391605521
    ],
    "entropy": [
      6.790495058732619,
      6.582020201462095,
      5.810166840084928,
      5.752705862810059,
      5.487139008407201,
      5.360082544953974,
      5.284557681834407,
      5.0746560065744735,
      5.102969123795818,
      5.101211552727667,
      5.225775708365291,
      5.296653876056136,
      4.477641662976362,
      4.486106166745647,
      4.564878129456948,
      4.33905835735143,
      4.1884687966269265,
      4.082960170941211,
      3.050633657146906,
      2.728902667372789,
      2.2450135876221093,
      1.8789266237851214,
      1.5934253810478174,
      1.5282364027621784,
      1.453844885484723,
      1.2998944721487535,
      1.1433559774331683,
      1.0483525208262319,
      0.9485638154800324,
      0.7521062970904536,
      0.5519196453956883,
      0.40380576875452745
    ],
    "cross_kl": [
      null,
      null,
      null,
      null,
      null,
      null,
      null,
      null,
      null,
      null,
      null,
      null,
      null,
      null,
      null,
      null,
      null,
      null,
      null,
      null,
      null,
      null,
      null,
      null,
      null,
      null,
      null,
      null,
      null,
      null,
      null,
      null
    ],
    "kl_to_pt_final": [
      null,
      null,
      null,
      null,
      null,
      null,
      null,
      null,
      null,
      null,
      null,
      null,
      null,
      null,
      null,
      null,
      null,
      null,
      null,
      null,
      null,
      null,
      null,
      null,
      null,
      null,
      null,
      null,
      null,
      null,
      null,
      null
    ],
    "residual_cosine": [
      null,
      null,
      null,
      null,
      null,
      null,
      null,
      null,
      null,
      null,
      null,
      null,
      null,
      null,
      null,
      null,
      null,
      null,
      null,
      null,
      null,
      null,
      null,
      null,
      null,
      null,
      null,
      null,
      null,
      null,
      null,
      null
    ],
    "residual_divergence": [
      null,
      null,
      null,
      null,
      null,
      null,
      null,
      null,
      null,
      null,
      null,
      null,
      null,
      null,
      null,
      null,
      null,
      null,
      null,
      null,
      null,
      null,
      null,
      null,
      null,
      null,
      null,
      null,
      null,
      null,
      null,
      null
    ]
  },
  "B": {
    "delta_cosine": [
      0.2743858003305633,
      0.12334271595388506,
      0.18768181071490309,
      0.025984152052111617,
      0.02767341878629706,
      -0.025782962526101814,
      -0.043544047938899995,
      -0.09099464838042264,
      -0.16231338288335204,
      -0.1153168108385219,
      -0.16839122621507624,
      -0.15168786537610043,
      -0.14474902321610195,
      -0.08944309715768706,
      -0.04588581463428616,
      -0.04515343292174531,
      -0.010195731640477095,
      -0.01803111592128372,
      0.08327408656807772,
      0.12933966408588415,
      0.11573561356928005,
      0.10544707901628106,
      0.10827073726239479,
      0.08518151959737359,
      0.09833666674047131,
      0.10581889018960762,
      0.10618423977708488,
      0.060180357924478435,
      0.013724881820074822,
      0.04695065015678303,
      0.03339372775704901,
      -0.24804963717897105
    ],
    "kl_to_own_final": [
      9.252985690406899,
      9.096680637780869,
      8.216270841263956,
      8.119866174250035,
      7.820331013277941,
      7.711039973554348,
      7.661111940205785,
      7.389311021937605,
      7.39502816735528,
      7.386458524870034,
      7.513923839214212,
      7.453502682862479,
      6.681942354272086,
      6.68916313379841,
      6.605143252374633,
      6.237292544966213,
      5.992567683038688,
      5.5935568031330325,
      4.098955223896232,
      3.6729248539550654,
      2.8908200492443075,
      2.329803245470237,
      2.0070620204187755,
      1.7960743702979893,
      1.6682045501162621,
      1.4502960207455309,
      1.1301024703345304,
      0.8882908813848179,
      0.6463962226455213,
      0.2907369738424984,
      0.0801410349980365,
      0.0
    ],
    "structural_mass_prob_tier1": [
      0.011281688474092971,
      0.008416035870814737,
      0.00756431732823487,
      0.006431906783008171,
      0.006967088602874191,
      0.007569640526441648,
      0.008066529487608784,
      0.009301716169591504,
      0.009512693524014163,
      0.008513985531744412,
      0.009356546248060654,
      0.007897371546757376,
      0.008880693324005581,
      0.009103051746518454,
      0.009926360680087492,
      0.010434014835836463,
      0.01237605204439628,
      0.011867906918198116,
      0.010379344393333975,
      0.011491502526099585,
      0.011784515479639728,
      0.010157798889849917,
      0.008878778622635024,
      0.00948656765106704,
      0.009172333128975972,
      0.007679024961065514,
      0.0066210426583502,
      0.006042398655735337,
      0.005841631135877697,
      0.005987802631636139,
      0.0060607726490772475,
      0.006192181538368139
    ],