{
  "overall": {
    "n_prompts": 2936,
    "mean_divergence_step": 20.014465169394747,
    "pipeline_a_mean_length": 484.1740463215259,
    "pipeline_b_mean_length": 475.425068119891,
    "pipeline_a_mean_structural_ratio_tier1_proxy": 0.2795525529461592,
    "pipeline_b_mean_structural_ratio_tier1_proxy": 0.25829434767809906
  },
  "per_category": {
    "": {
      "n_prompts": 2936,
      "mean_divergence_step": 20.014465169394747,
      "pipeline_a_mean_length": 484.1740463215259,
      "pipeline_b_mean_length": 475.425068119891
    }
  }
}