{
  "A": {
    "delta_cosine": [
      0.2641055995159783,
      0.11789165557541154,
      0.18271430569985106,
      0.02699473003732057,
      0.028282151625731264,
      -0.028506921130569265,
      -0.04173017534768264,
      -0.0915610409113999,
      -0.161390908907876,
      -0.11340952440914517,
      -0.16848076169083462,
      -0.15225357263242495,
      -0.1421592623588009,
      -0.08744088350988455,
      -0.04234717850976098,
      -0.042317526067982704,
      -0.008238930404089793,
      -0.01716861031329829,
      0.08536088314307165,
      0.13275492327584934,
      0.1230224752882593,
      0.1158745458361142,
      0.11845388612851543,
      0.09990208206112358,
      0.1027224594201742,
      0.11142023582370238,
      0.11159539833442517,
      0.061541986082372976,
      0.0093324411761441,
      0.04649149060248308,
      0.04527931352172076,
      -0.17775200954259218
    ],
    "kl_to_own_final": [
      8.272537419917393,
      8.124137330784317,
      7.432712958299426,
      7.323275345512402,
      7.076298519014235,
      6.9784844201725615,
      6.826376572522945,
      6.655421137160269,
      6.671923838039538,
      6.670230692804324,
      6.741895878637876,
      6.7409922557317445,
      5.929495396822165,
      5.907046674188982,
      5.877564400295001,
      5.6212651768030995,
      5.413637405332556,
      5.112150521571565,
      3.670073137939416,
      3.318487324267346,
      2.6230207876697045,
      2.140955614729135,
      1.8654285960235328,
      1.7116215887186634,
      1.6426701171799567,
      1.3804673764041477,
      1.0869324566565357,
      0.8814104536340684,
      0.6707753319611136,
      0.3291818240313058,
      0.09582812834902292,
      0.0
    ],
    "structural_mass_prob_tier1": [
      0.009770586379083379,
      0.008883296837195557,
      0.006797698276651967,
      0.006663488038697194,
      0.007550831988765608,
      0.008355883717394303,
      0.008494635710221347,
      0.009526583403876581,
      0.009646949701297812,
      0.009686864865542525,
      0.010744582164554794,
      0.010743509764061623,
      0.009520882889267699,
      0.00982945053723727,
      0.011837149516726004,
      0.012479747366440742,
      0.014246800630256871,
      0.013181675717675149,
      0.01242641294408038,
      0.018672482136682395,
      0.020745251895301877,
      0.015457752734129566,
      0.013823177958581383,
      0.014781851852374529,
      0.014906613999044444,
      0.009235978076418112,
      0.007353355538473343,
      0.007047673479659244,
      0.006634321422546504,
      0.007257514694364573,
      0.006919417283100708,
      0.0072435391412272445
    ],
    "entropy": [
      6.816536227610839,
      6.621359296397102,
      5.843374323330502,
      5.802651262911392,
      5.5382960184381504,
      5.4202992804646515,
      5.351219037146522,
      5.127845513120612,
      5.164758109380389,
      5.164906844874762,
      5.277756311035343,
      5.3545938551662,
      4.516994492270621,
      4.525372794205395,
      4.61230837802748,
      4.39271865154661,
      4.239249684065827,
      4.133651588464713,
      3.0948367612095806,
      2.77138805136924,
      2.2817119931697953,
      1.9182028399815974,
      1.6380512242105134,
      1.5663858436819873,
      1.489906021395979,
      1.3276590588155008,
      1.1549040145791072,
      1.0597186334541837,
      0.9500850263687168,
      0.754369543389837,
      0.5475744478577564,
      0.40820526340615965
    ]
  },
  "B": {
    "delta_cosine": [
      0.27205715498608013,
      0.12188535388216734,
      0.18757155281740184,
      0.023325637793220607,
      0.025500958541198878,
      -0.02539346898138716,
      -0.04414851630910578,
      -0.0941135327689339,
      -0.16296815186830343,
      -0.11685259846252993,
      -0.1686793821681687,
      -0.15209441895806355,
      -0.1441425864773291,
      -0.08999137973903362,
      -0.0473269168549939,
      -0.046009349933966916,
      -0.009783778342745192,
      -0.019225538916814992,
      0.08197847383315761,
      0.12763716917683998,
      0.11475783446924938,
      0.10541516796096152,
      0.10722828486908324,
      0.0846649271211236,
      0.0978331691209557,
      0.10567156454760941,
      0.10618865673225723,
      0.05867808547777174,
      0.012696482171697368,
      0.04567224185842651,
      0.03401967695511351,
      -0.24300862528661582
    ],
    "kl_to_own_final": [
      9.208765534054484,
      8.983248695980613,
      8.258682010609277,
      8.127256835186337,
      7.8376777475638235,
      7.7347394692555,
      7.593645739381092,
      7.4180364244620085,
      7.420551743181096,
      7.414371042147899,
      7.47374698485481,
      7.464870394127612,
      6.663656805573495,
      6.659381650000225,
      6.60163775368391,
      6.296424497384041,
      6.047575824153671,
      5.732160250508827,
      4.159572077492331,
      3.730682639624904,
      2.9463203617276656,
      2.3984908886696394,
      2.0725501287664216,
      1.8805973667568023,
      1.7713390849359985,
      1.536541742647042,
      1.2286122415914322,
      0.9841400357679685,
      0.7413549220131737,
      0.36820215128001915,
      0.11053558398767727,
      0.0
    ],
    "structural_mass_prob_tier1": [
      0.009576717374669455,
      0.00899518261205176,
      0.006644673431971023,
      0.0065446953482774005,
      0.007140340888544792,
      0.00791096531313704,
      0.00790089274777571,
      0.008978164806343693,
      0.00875085565681506,
      0.008668846593709019,
      0.009538201464243138,
      0.009481943904719138,
      0.009187753293554712,
      0.00936253485124297,
      0.011036776493481538,
      0.011480004147872924,
      0.012699978042083965,
      0.011775441350655225,
      0.010390923560083221,
      0.011877264370428261,
      0.012105556728519882,
      0.010235317963677085,
      0.009061290168339007,
      0.009732346860815477,
      0.009531552416783681,
      0.0075705312791438184,
      0.006553929842664431,
      0.006136240467518194,
      0.006033879954523153,
      0.006348497929346927,
      0.0065123354356098374,
      0.006500410110941386
    ],
    "entropy": [
      6.806406411237176,
      6.54242570633527,
      5.801141083930016,
      5.745117465071009,
      5.478494720611214,
      5.3721843104465306,
      5.32199216007509,
      5.102713475175047,
      5.127048945594246,
      5.125567531032762,
      5.22576356914933,
      5.298026938680628,
      4.5771395754032556,
      4.5760561135856035,
      4.631193448052196,
      4.397952634000884,
      4.226899915087231,
      4.124153490799051,
      3.1249300645972964,
      2.805073682658474,
      2.3074998566472615,
      1.9234009184315832,
      1.6335158232646243,
      1.5407224924649356,
      1.450753319056889,
      1.3251957388610631,
      1.1663681766242144,
      1.0539057524915936,
      0.9386334866294742,
      0.7359691580255389,
      0.535234781392156,
      0.3827970630893161
    ],
    "cross_kl": [
      1.487287505757556,
      2.0765488471656566,
      3.1336540217016293,
      3.0616331176368403,
      3.355666668362927,
      3.447191683431542,
      3.441390682292921,
      3.5507572966007017,
      3.506137003231791,
      3.4776743658953766,
      3.3477394615016904,
      3.3301097393058336,
      4.425509955055828,
      4.429054406855574,
      4.38797589901728,
      4.621816867113198,
      4.876130034885465,
      5.133087560923373,
      6.879292050439755,
      7.350151826199655,
      7.988475519915756,
      8.524316254096359,
      8.935888219060965,
      8.98472901809854,
      8.999076347731219,
      9.132247344160119,
      9.276166251884796,
      9.46813108197658,
      9.362205170460584,
      9.466658346632416,
      9.800376357860946,
      11.40455733418584
    ],