{
  "gemma3_4b": {
    "model": "gemma3_4b",
    "n_prompts": 200,
    "profiles": {
      "1.0": {
        "alpha": 1.0,
        "id_twonn": [
          2.8182497423940567,
          3.1022830217472093,
          3.8653114039874485,
          4.017466436066618,
          4.783663494236063,
          5.165774150006117,
          6.116009221815488,
          6.808769508659646,
          7.682496876355266,
          8.445034231473167,
          10.527899112196053,
          12.363323904219543,
          12.973055259570277,
          16.129372554742716,
          15.102998914780946,
          14.147108329532115,
          12.45038449925696,
          12.00100700127391,
          11.723800019423004,
          12.857174591437458,
          11.939117440412444,
          11.623926753086415,
          11.740585776353862,
          11.472509656947295,
          10.275375094200578,
          10.643704763590314,
          10.377232243002428,
          10.43211812933702,
          10.79981829536608,
          11.009465061962485,
          11.169120111172127,
          10.97706028172707,
          10.688346522102236,
          11.90711624056207
        ],
        "n_tokens": 5000,
        "n_layers": 34
      },
      "0.0": {
        "alpha": 0.0,
        "id_twonn": [
          2.7748395440196276,
          2.524076257152622,
          2.7536124388946055,
          2.8505145131339416,
          2.935855504035902,
          2.780749383634604,
          3.1515257150088547,
          3.32188868680957,
          4.0397740120010335,
          5.756167692768914,
          6.555028531290385,
          7.529009914150399,
          8.00512469402146,
          8.159415287928619,
          8.79479034434063,
          8.716702810064392,
          7.529489897765139,
          7.209950140965061,
          7.510821029513384,
          7.162429201508715,
          6.783253971618126,
          6.533349817010422,
          6.629034216585648,
          5.970620339362544,
          6.430154650062678,
          6.183036394362077,
          6.192699501526538,
          6.164801146038098,
          6.552334460531899,
          6.87438775110237,
          6.75227282961503,
          6.249448512883322,
          6.2834432636040605,
          6.598997186673537
        ],
        "n_tokens": 5000,
        "n_layers": 34
      },
      "-1.0": {
        "alpha": -1.0,
        "id_twonn": [
          3.4793259425671565,
          2.5315218282587324,
          2.7515434602199735,
          2.5856269594512615,
          2.208528262599587,
          2.0874227514219745,
          2.1673847708701537,
          2.3053367803513,
          2.9074645904084035,
          4.956444354275915,
          6.030915654922775,
          5.988273124056503,
          6.0714112397311615,
          6.7071788824485274,
          6.590479358362897,
          6.010465519751444,
          6.098905275944959,
          5.584245920345611,
          5.590561314462613,
          5.439529495888296,
          5.131710074596488,
          5.091266092444421,
          5.062036687603398,
          4.981633556831713,
          4.801985787838007,
          5.071122332835724,
          4.857766507486487,
          5.317882552538594,
          5.384121453755244,
          4.81987508416923,
          5.037955084472673,
          4.45956110240346,
          4.670619228396027,
          4.5070755870929435
        ],
        "n_tokens": 5000,
        "n_layers": 34
      }
    }
  },
  "llama31_8b": {
    "model": "llama31_8b",
    "n_prompts": 200,
    "profiles": {
      "1.0": {
        "alpha": 1.0,
        "id_twonn": [
          2.3501095356295734,
          2.9619625977020236,
          3.5087100682009473,
          4.091624665013413,
          4.694553346969705,
          6.128773536909694,
          6.690128774031755,
          7.584609340931126,
          8.376287884450734,
          8.42222131829552,
          8.793728728011187,
          9.500725197832308,
          9.757730486919604,
          8.920462723604242,
          9.248078851123141,
          9.209530240197296,
          8.47510574056211,
          7.8649611385990825,
          7.903868491352033,
          7.485483934498783,
          7.693963925146938,
          7.718331627647903,
          7.241502353120273,
          7.535845607287825,
          6.934560565216094,
          7.3537171932105885,
          6.847117927015542,
          7.050102252494602,
          6.364068972368473,
          6.510357077670079,
          6.3968710243489575,
          6.180755456911086
        ],
        "n_tokens": 5000,
        "n_layers": 32
      },
      "0.0": {
        "alpha": 0.0,
        "id_twonn": [
          2.3981972012996184,
          3.5509206754027263,
          3.9771945017325527,
          4.677359240959487,
          5.607770135784356,
          6.395195038334265,
          7.092389811850389,
          8.612477100475232,
          9.057779702881419,
          9.232381174048442,
          9.786306071567065,
          10.155468995680323,
          10.323065751608965,
          9.704690030154516,
          10.3918112616487,
          9.36256506531075,
          9.066281850802078,
          8.207835872361533,
          8.010743822400046,
          8.403014656978922,
          8.459958723179424,
          8.132633348826404,
          7.999967820870834,
          8.246818844554014,
          8.013837282579376,
          8.063198303208788,
          7.288988573030121,
          7.716925996729995,
          7.460089035465543,
          7.722018305397175,
          7.210378362841137,
          7.734646808886849
        ],
        "n_tokens": 5000,
        "n_layers": 32
      },
      "-1.0": {
        "alpha": -1.0,
        "id_twonn": [
          2.5665367780197847,
          3.467896082264917,
          4.029805063297243,
          4.540347490741019,
          5.112037202290376,
          6.757636801380709,
          7.2651381792310294,
          8.203507651239928,
          9.607148008770341,
          9.67168942469508,
          9.627472343729764,
          10.056398785259928,
          10.68107981580433,
          10.056484729003786,
          9.94820299681657,
          9.375928693498304,
          9.407593608720461,
          8.371444777994673,
          8.175953159371314,
          8.24395901427177,
          8.66058758174138,
          8.020176854673313,
          7.670447758027803,
          7.376341660507706,
          7.870369012259954,
          7.37998678862411,
          7.346396675979081,
          7.945742952955161,
          7.622666112561625,
          7.930312191898017,
          7.567717386726627,
          7.504577909383478
        ],
        "n_tokens": 5000,
        "n_layers": 32
      }
    }
  },
  "qwen3_4b": {
    "model": "qwen3_4b",
    "n_prompts": 200,
    "profiles": {
      "1.0": {
        "alpha": 1.0,
        "id_twonn": [
          2.5051013326748683,
          2.964418421282859,
          3.5544870938767303,
          3.8171420700792837,
          3.6822362077301043,
          4.351966724996515,
          4.476475568280787,
          4.7292616349390535,
          5.823999454239397,
          5.878874009438409,
          6.004133847282471,
          6.6475238647421975,
          7.220921731406139,
          7.2499378912048735,
          7.689014635154245,
          8.323716836809272,
          8.994209677409449,
          8.91859025194385,
          9.37906925591277,
          9.9096176216185,
          10.085447077853843,
          10.445004757583577,
          9.715907895292615,
          8.969996996997788,
          8.787247468801393,
          8.223318190144555,
          8.325719244377146,
          8.10617607391528,
          8.851725023666264,
          8.033758466504702,
          8.290725758579521,
          8.544254332707986,
          7.828468688878408,
          7.97297337980946,
          7.804579807082028,
          8.040817175151435
        ],
        "n_tokens": 5000,
        "n_layers": 36
      },