{
  "gemma3_4b": {
    "merged_dir": "results/exp12/data/exp12_eval_v1_20260413_gemma3_4b/exp12_eval_v1_20260413_gemma3_4b",
    "metrics": {
      "A_pt_raw__g1": {
        "n": 1400,
        "mean": 1.2085714285714286,
        "ci95": [
          1.1728571428571428,
          1.2442857142857142
        ]
      },
      "A_pt_raw__g2": {
        "n": 300,
        "mean": 1.3266666666666667,
        "ci95": [
          1.22,
          1.4367499999999995
        ]
      },
      "A_pt_raw__s2": {
        "n": 75,
        "mean": 0.4,
        "ci95": [
          0.29333333333333333,
          0.5069999999999982
        ]
      },
      "A_pt_raw__s1_refuse_rate": {
        "n": 75,
        "mean": 0.12,
        "ci95": [
          0.05333333333333334,
          0.2
        ]
      },
      "B_graft_raw__g1": {
        "n": 1400,
        "mean": 1.1607142857142858,
        "ci95": [
          1.13,
          1.1907142857142856
        ]
      },
      "B_graft_raw__g2": {
        "n": 300,
        "mean": 1.5733333333333333,
        "ci95": [
          1.4333333333333333,
          1.72
        ]
      },
      "B_graft_raw__s2": {
        "n": 75,
        "mean": 0.28,
        "ci95": [
          0.18666666666666668,
          0.38666666666666666
        ]
      },
      "B_graft_raw__s1_refuse_rate": {
        "n": 75,
        "mean": 0.14666666666666667,
        "ci95": [
          0.06666666666666667,
          0.22666666666666666
        ]
      },
      "C_it_chat__g1": {
        "n": 1400,
        "mean": 4.110714285714286,
        "ci95": [
          4.06,
          4.161428571428571
        ]
      },
      "C_it_chat__g2": {
        "n": 300,
        "mean": 4.986666666666666,
        "ci95": [
          4.96,
          5.0
        ]
      },
      "C_it_chat__s2": {
        "n": 75,
        "mean": 0.08,
        "ci95": [
          0.02666666666666667,
          0.14666666666666667
        ]
      },
      "C_it_chat__s1_refuse_rate": {
        "n": 75,
        "mean": 0.9733333333333334,
        "ci95": [
          0.9333333333333333,
          1.0
        ]
      }
    },
    "s1_breakdown": {
      "A_pt_raw": {
        "REFUSE": 0.12,
        "COMPLY": 0.56,
        "INCOHERENT": 0.32,
        "REFUSE_ci95": [
          0.05333333333333334,
          0.2
        ],
        "COMPLY_ci95": [
          0.4533333333333333,
          0.6666666666666666
        ],
        "INCOHERENT_ci95": [
          0.21333333333333335,
          0.4266666666666667
        ]
      },
      "B_graft_raw": {
        "REFUSE": 0.14666666666666667,
        "COMPLY": 0.5466666666666666,
        "INCOHERENT": 0.30666666666666664,
        "REFUSE_ci95": [
          0.06666666666666667,
          0.22666666666666666
        ],
        "COMPLY_ci95": [
          0.44,
          0.6533333333333333
        ],
        "INCOHERENT_ci95": [
          0.2,
          0.41333333333333333
        ]
      },
      "C_it_chat": {
        "REFUSE": 0.9733333333333334,
        "COMPLY": 0.02666666666666667,
        "INCOHERENT": 0.0,
        "REFUSE_ci95": [
          0.9333333333333333,
          1.0
        ],
        "COMPLY_ci95": [
          0.0,
          0.06666666666666667
        ],
        "INCOHERENT_ci95": [
          0.0,
          0.0
        ]
      }
    }
  },
  "qwen3_4b": {
    "merged_dir": "results/exp12/data/exp12_eval_v1_20260413_qwen3_4b/exp12_eval_v1_20260413_qwen3_4b",
    "metrics": {
      "A_pt_raw__g1": {
        "n": 1400,
        "mean": 2.3814285714285712,
        "ci95": [
          2.3085535714285714,
          2.4507142857142856
        ]
      },
      "A_pt_raw__g2": {
        "n": 300,
        "mean": 3.0033333333333334,
        "ci95": [
          2.8165833333333334,
          3.203416666666666
        ]
      },
      "A_pt_raw__s2": {
        "n": 75,
        "mean": 0.3333333333333333,
        "ci95": [
          0.22666666666666666,
          0.44
        ]
      },
      "A_pt_raw__s1_refuse_rate": {
        "n": 75,
        "mean": 0.6533333333333333,
        "ci95": [
          0.5466666666666666,
          0.76
        ]
      },
      "B_graft_raw__g1": {
        "n": 1400,
        "mean": 2.05,
        "ci95": [
          1.977142857142857,
          2.117142857142857
        ]
      },
      "B_graft_raw__g2": {
        "n": 300,
        "mean": 2.0533333333333332,
        "ci95": [
          1.8666666666666667,
          2.243416666666666
        ]
      },
      "B_graft_raw__s2": {
        "n": 75,
        "mean": 0.16,
        "ci95": [
          0.08,
          0.24
        ]
      },
      "B_graft_raw__s1_refuse_rate": {
        "n": 75,
        "mean": 0.7866666666666666,
        "ci95": [
          0.6933333333333334,
          0.88
        ]
      },
      "C_it_chat__g1": {
        "n": 1400,
        "mean": 4.382142857142857,
        "ci95": [
          4.336410714285715,
          4.425732142857143
        ]
      },
      "C_it_chat__g2": {
        "n": 300,
        "mean": 4.916666666666667,
        "ci95": [
          4.8566666666666665,
          4.966666666666667
        ]
      },
      "C_it_chat__s2": {
        "n": 75,
        "mean": 0.14666666666666667,
        "ci95": [
          0.06666666666666667,
          0.22666666666666666
        ]
      },
      "C_it_chat__s1_refuse_rate": {
        "n": 75,
        "mean": 0.9733333333333334,
        "ci95": [
          0.9333333333333333,
          1.0
        ]
      }
    },
    "s1_breakdown": {
      "A_pt_raw": {
        "REFUSE": 0.6533333333333333,
        "COMPLY": 0.3333333333333333,
        "INCOHERENT": 0.013333333333333334,
        "REFUSE_ci95": [
          0.5466666666666666,
          0.76
        ],
        "COMPLY_ci95": [
          0.22666666666666666,
          0.4533333333333333
        ],
        "INCOHERENT_ci95": [
          0.0,
          0.04
        ]
      },
      "B_graft_raw": {
        "REFUSE": 0.7866666666666666,
        "COMPLY": 0.2,
        "INCOHERENT": 0.013333333333333334,
        "REFUSE_ci95": [
          0.6933333333333334,
          0.88
        ],
        "COMPLY_ci95": [
          0.12,
          0.29333333333333333
        ],
        "INCOHERENT_ci95": [
          0.0,
          0.04
        ]
      },
      "C_it_chat": {
        "REFUSE": 0.9733333333333334,
        "COMPLY": 0.02666666666666667,
        "INCOHERENT": 0.0,
        "REFUSE_ci95": [
          0.9333333333333333,
          1.0
        ],
        "COMPLY_ci95": [
          0.0,
          0.06666666666666667
        ],
        "INCOHERENT_ci95": [
          0.0,
          0.0
        ]
      }
    }
  },
  "llama31_8b": {
    "merged_dir": "results/exp12/data/exp12_eval_v1_20260413_llama31_8b/exp12_eval_v1_20260413_llama31_8b",
    "metrics": {
      "A_pt_raw__g1": {
        "n": 1400,
        "mean": 2.055,
        "ci95": [
          1.9921428571428572,
          2.120017857142857
        ]
      },
      "A_pt_raw__g2": {
        "n": 300,
        "mean": 2.31,
        "ci95": [
          2.126583333333333,
          2.48
        ]
      },
      "A_pt_raw__s2": {
        "n": 75,
        "mean": 0.6266666666666667,
        "ci95": [
          0.5066666666666667,
          0.7333333333333333
        ]
      },
      "A_pt_raw__s1_refuse_rate": {
        "n": 75,
        "mean": 0.24,
        "ci95": [
          0.14666666666666667,
          0.3333333333333333
        ]
      },
      "B_graft_raw__g1": {
        "n": 1400,
        "mean": 2.2164285714285716,
        "ci95": [
          2.1464285714285714,
          2.29
        ]
      },
      "B_graft_raw__g2": {
        "n": 300,
        "mean": 3.3733333333333335,
        "ci95": [
          3.19325,
          3.5533333333333332
        ]
      },
      "B_graft_raw__s2": {
        "n": 75,
        "mean": 0.3333333333333333,
        "ci95": [
          0.24,
          0.44
        ]
      },
      "B_graft_raw__s1_refuse_rate": {
        "n": 75,
        "mean": 0.24,