{
  "structural_token_ratio": {
    "1.5": {
      "mean": 0.04293720132767929,
      "ci_low": 0.040049800734354005,
      "ci_high": 0.04600263250141834,
      "n": 1310,
      "method": "BCa"
    },
    "0.25": {
      "mean": 0.050193362068684896,
      "ci_low": 0.04683323795812877,
      "ci_high": 0.05403578088139689,
      "n": 1310,
      "method": "BCa"
    },
    "-2.0": {
      "mean": 0.06883694832287295,
      "ci_low": 0.060201117127981735,
      "ci_high": 0.07865543275658529,
      "n": 1310,
      "method": "BCa"
    },
    "5.0": {
      "mean": 0.5022144808000536,
      "ci_low": 0.47954504337502635,
      "ci_high": 0.5258564202247762,
      "n": 1310,
      "method": "BCa"
    },
    "1.0": {
      "mean": 0.04339658484209865,
      "ci_low": 0.04066155459800605,
      "ci_high": 0.046350684753464086,
      "n": 1310,
      "method": "BCa"
    },
    "0.0": {
      "mean": 0.050544699413771765,
      "ci_low": 0.047241251132901826,
      "ci_high": 0.054619488855162455,
      "n": 1310,
      "method": "BCa"
    },
    "-3.0": {
      "mean": 0.06628307780841404,
      "ci_low": 0.05852483432470017,
      "ci_high": 0.07550018391653388,
      "n": 1310,
      "method": "BCa"
    },
    "3.0": {
      "mean": 0.2948027241104141,
      "ci_low": 0.2771577728291426,
      "ci_high": 0.31326478912281797,
      "n": 1310,
      "method": "BCa"
    },
    "0.75": {
      "mean": 0.04546886028568806,
      "ci_low": 0.04247183624983162,
      "ci_high": 0.04862416921565345,
      "n": 1310,
      "method": "BCa"
    },
    "-0.5": {
      "mean": 0.05310750043764825,
      "ci_low": 0.04815285965105954,
      "ci_high": 0.05926614067679133,
      "n": 1310,
      "method": "BCa"
    },
    "-5.0": {
      "mean": 0.07900088592706125,
      "ci_low": 0.07111233643357903,
      "ci_high": 0.08757512052307086,
      "n": 1310,
      "method": "BCa"
    },
    "2.0": {
      "mean": 0.049468645770481524,
      "ci_low": 0.04611729485493231,
      "ci_high": 0.05341381674088633,
      "n": 1310,
      "method": "BCa"
    },
    "0.5": {
      "mean": 0.05195569159652784,
      "ci_low": 0.04831147536888796,
      "ci_high": 0.05604129843600546,
      "n": 1310,
      "method": "BCa"
    },
    "-1.0": {
      "mean": 0.04875663932623131,
      "ci_low": 0.04288935860410493,
      "ci_high": 0.05607265439472537,
      "n": 1310,
      "method": "BCa"
    }
  },
  "mmlu_accuracy": {
    "1.5": {
      "mean": 0.257396449704142,
      "ci_low": 0.21301775147928995,
      "ci_high": 0.3047337278106509,
      "n": 338,
      "method": "BCa"
    },
    "0.25": {
      "mean": 0.2603550295857988,
      "ci_low": 0.21597633136094674,
      "ci_high": 0.3076923076923077,
      "n": 338,
      "method": "BCa"
    },
    "-2.0": {
      "mean": 0.23668639053254437,
      "ci_low": 0.19230769230769235,
      "ci_high": 0.28402366863905326,
      "n": 338,
      "method": "BCa"
    },
    "5.0": {
      "mean": 0.3165680473372781,
      "ci_low": 0.2692307692307692,
      "ci_high": 0.3668639053254438,
      "n": 338,
      "method": "BCa"
    },
    "1.0": {
      "mean": 0.2514792899408284,
      "ci_low": 0.20710059171597633,
      "ci_high": 0.2988165680473373,
      "n": 338,
      "method": "BCa"
    },
    "0.0": {
      "mean": 0.2485207100591716,
      "ci_low": 0.20414201183431951,
      "ci_high": 0.2958579881656805,
      "n": 338,
      "method": "BCa"
    },
    "-3.0": {
      "mean": 0.21893491124260356,
      "ci_low": 0.17751479289940827,
      "ci_high": 0.2659854316877591,
      "n": 338,
      "method": "BCa"
    },
    "3.0": {
      "mean": 0.32840236686390534,
      "ci_low": 0.2781065088757396,
      "ci_high": 0.37869822485207094,
      "n": 338,
      "method": "BCa"
    },
    "0.75": {
      "mean": 0.25443786982248523,
      "ci_low": 0.21005917159763313,
      "ci_high": 0.30177514792899407,
      "n": 338,
      "method": "BCa"
    },
    "-0.5": {
      "mean": 0.22781065088757396,
      "ci_low": 0.1834319526627219,
      "ci_high": 0.27514792899408286,
      "n": 338,
      "method": "BCa"
    },
    "-5.0": {
      "mean": 0.17751479289940827,
      "ci_low": 0.1390532544378698,
      "ci_high": 0.22189349112426038,
      "n": 338,
      "method": "BCa"
    },
    "2.0": {
      "mean": 0.29289940828402367,
      "ci_low": 0.2455621301775148,
      "ci_high": 0.3431952662721893,
      "n": 338,
      "method": "BCa"
    },
    "0.5": {
      "mean": 0.2514792899408284,
      "ci_low": 0.20710059171597633,
      "ci_high": 0.2988165680473373,
      "n": 338,
      "method": "BCa"
    },
    "-1.0": {
      "mean": 0.22485207100591717,
      "ci_low": 0.1834319526627219,
      "ci_high": 0.27218934911242604,
      "n": 338,
      "method": "BCa"
    }
  },
  "reasoning_em": {
    "1.5": {
      "mean": 0.53125,
      "ci_low": 0.4642857142857143,
      "ci_high": 0.59375,
      "n": 224,
      "method": "BCa"
    },
    "0.25": {
      "mean": 0.5446428571428571,
      "ci_low": 0.47767857142857145,
      "ci_high": 0.6071428571428571,
      "n": 224,
      "method": "BCa"
    },
    "-2.0": {
      "mean": 0.12053571428571429,
      "ci_low": 0.08035714285714286,
      "ci_high": 0.16964285714285715,
      "n": 224,
      "method": "BCa"
    },
    "5.0": {
      "mean": 0.008928571428571428,
      "ci_low": 0.0,
      "ci_high": 0.03125,
      "n": 224,
      "method": "BCa"
    },
    "1.0": {
      "mean": 0.5223214285714286,
      "ci_low": 0.45982142857142855,
      "ci_high": 0.5892857142857143,
      "n": 224,
      "method": "BCa"
    },
    "0.0": {
      "mean": 0.53125,
      "ci_low": 0.4642857142857143,
      "ci_high": 0.59375,
      "n": 224,
      "method": "BCa"
    },
    "-3.0": {
      "mean": 0.044642857142857144,
      "ci_low": 0.02232142857142857,
      "ci_high": 0.08035714285714286,
      "n": 224,
      "method": "BCa"
    },
    "3.0": {
      "mean": 0.05357142857142857,
      "ci_low": 0.026785714285714284,
      "ci_high": 0.08928571428571429,
      "n": 224,
      "method": "BCa"
    },
    "0.75": {
      "mean": 0.5,
      "ci_low": 0.4330357142857143,
      "ci_high": 0.5669642857142857,
      "n": 224,
      "method": "BCa"
    },
    "-0.5": {
      "mean": 0.41964285714285715,
      "ci_low": 0.35714285714285715,
      "ci_high": 0.4866071428571428,
      "n": 224,
      "method": "BCa"
    },
    "-5.0": {
      "mean": 0.05357142857142857,
      "ci_low": 0.03125,
      "ci_high": 0.08928571428571429,
      "n": 224,
      "method": "BCa"
    },
    "2.0": {
      "mean": 0.4955357142857143,
      "ci_low": 0.42857142857142855,
      "ci_high": 0.5580357142857143,
      "n": 224,
      "method": "BCa"
    },
    "0.5": {
      "mean": 0.5982142857142857,
      "ci_low": 0.53125,
      "ci_high": 0.6607142857142857,
      "n": 224,
      "method": "BCa"
    },
    "-1.0": {
      "mean": 0.2767857142857143,
      "ci_low": 0.22014337261141115,
      "ci_high": 0.3392857142857143,
      "n": 224,
      "method": "BCa"
    }
  },
  "gsm8k_em": {
    "1.5": {
      "mean": 0.40625,
      "ci_low": 0.34375,
      "ci_high": 0.4732142857142857,
      "n": 224,
      "method": "BCa"
    },
    "0.25": {
      "mean": 0.4107142857142857,
      "ci_low": 0.3482142857142857,
      "ci_high": 0.4732142857142857,
      "n": 224,
      "method": "BCa"
    },
    "-2.0": {
      "mean": 0.044642857142857144,
      "ci_low": 0.022321428571428572,
      "ci_high": 0.08035714285714288,
      "n": 224,
      "method": "BCa"
    },
    "5.0": {
      "mean": 0.008928571428571428,
      "ci_low": 0.0,
      "ci_high": 0.03125,
      "n": 224,
      "method": "BCa"
    },
    "1.0": {
      "mean": 0.39285714285714285,
      "ci_low": 0.33035714285714285,
      "ci_high": 0.4598214285714286,
      "n": 224,
      "method": "BCa"
    },
    "0.0": {
      "mean": 0.38839285714285715,
      "ci_low": 0.32589285714285715,
      "ci_high": 0.45535714285714285,
      "n": 224,