{
  "model": "gemma3_4b",
  "n_records": 200,
  "n_resamples": 100,
  "corrective_layers": [
    20,
    21,
    22,
    23,
    24,
    25,
    26,
    27,
    28,
    29,
    30,
    31,
    32,
    33
  ],
  "per_layer": {
    "20": {
      "bootstrap_vs_full_cosines": {
        "mean": 0.9421966671943665,
        "std": 0.003803190542384982,
        "min": 0.9309976100921631,
        "p5": 0.9362513601779938,
        "p95": 0.9479470014572143
      },
      "pairwise_cosines": {
        "mean": 0.9945831298828125,
        "std": 0.0012914289254695177,
        "min": 0.9848138093948364,
        "p5": 0.9921849757432938,
        "p95": 0.9962868541479111
      }
    },
    "21": {
      "bootstrap_vs_full_cosines": {
        "mean": 0.9588733911514282,
        "std": 0.002751684747636318,
        "min": 0.950126051902771,
        "p5": 0.9541457921266556,
        "p95": 0.9629045963287354
      },
      "pairwise_cosines": {
        "mean": 0.995936930179596,
        "std": 0.0010171087924391031,
        "min": 0.9877241849899292,
        "p5": 0.9940640866756439,
        "p95": 0.9972578346729278
      }
    },
    "22": {
      "bootstrap_vs_full_cosines": {
        "mean": 0.9151742458343506,
        "std": 0.0071682408452034,
        "min": 0.8960614204406738,
        "p5": 0.9036747276782989,
        "p95": 0.9280576258897781
      },
      "pairwise_cosines": {
        "mean": 0.9897603988647461,
        "std": 0.002499626949429512,
        "min": 0.9747669100761414,
        "p5": 0.9849559187889099,
        "p95": 0.992975315451622
      }
    },
    "23": {
      "bootstrap_vs_full_cosines": {
        "mean": 0.9695464968681335,
        "std": 0.0024172463454306126,
        "min": 0.9631561040878296,
        "p5": 0.9652966320514679,
        "p95": 0.9738564103841781
      },
      "pairwise_cosines": {
        "mean": 0.9967221021652222,
        "std": 0.000824127986561507,
        "min": 0.9908767938613892,
        "p5": 0.9951874315738678,
        "p95": 0.9977260023355484
      }
    },
    "24": {
      "bootstrap_vs_full_cosines": {
        "mean": 0.9935968518257141,
        "std": 0.0004366851062513888,
        "min": 0.9925915598869324,
        "p5": 0.9928504347801208,
        "p95": 0.9943284422159195
      },
      "pairwise_cosines": {
        "mean": 0.9993906021118164,
        "std": 0.00012572496780194342,
        "min": 0.9985482096672058,
        "p5": 0.9991612941026687,
        "p95": 0.9995598256587982
      }
    },
    "25": {
      "bootstrap_vs_full_cosines": {
        "mean": 0.9351376295089722,
        "std": 0.0064139701426029205,
        "min": 0.914633572101593,
        "p5": 0.9238018721342087,
        "p95": 0.9454893290996551
      },
      "pairwise_cosines": {
        "mean": 0.9935203790664673,
        "std": 0.0015316344797611237,
        "min": 0.9853293895721436,
        "p5": 0.9905952543020249,
        "p95": 0.9955634385347366
      }
    },
    "26": {
      "bootstrap_vs_full_cosines": {
        "mean": 0.9866331219673157,
        "std": 0.0010292308870702982,
        "min": 0.9837256669998169,
        "p5": 0.9848478227853775,
        "p95": 0.988163623213768
      },
      "pairwise_cosines": {
        "mean": 0.9988662004470825,
        "std": 0.00026015055482275784,
        "min": 0.9974472522735596,
        "p5": 0.9983821779489517,
        "p95": 0.9992150396108628
      }
    },
    "27": {
      "bootstrap_vs_full_cosines": {
        "mean": 0.966959536075592,
        "std": 0.0016409751260653138,
        "min": 0.9624654054641724,
        "p5": 0.9643867194652558,
        "p95": 0.9693102449178695
      },
      "pairwise_cosines": {
        "mean": 0.9979346394538879,
        "std": 0.0005228818044997752,
        "min": 0.9947819113731384,
        "p5": 0.9969286829233169,
        "p95": 0.998606476187706
      }
    },
    "28": {
      "bootstrap_vs_full_cosines": {
        "mean": 0.9802913665771484,
        "std": 0.0017334016738459468,
        "min": 0.975450336933136,
        "p5": 0.9772857755422593,
        "p95": 0.9830461055040359
      },
      "pairwise_cosines": {
        "mean": 0.9987683296203613,
        "std": 0.0002967003092635423,
        "min": 0.9970719814300537,
        "p5": 0.9982077330350876,
        "p95": 0.9991613626480103
      }
    },
    "29": {
      "bootstrap_vs_full_cosines": {
        "mean": 0.8743826150894165,
        "std": 0.020676665008068085,
        "min": 0.8018989562988281,
        "p5": 0.8401993334293365,
        "p95": 0.9030170798301697
      },
      "pairwise_cosines": {
        "mean": 0.9863410592079163,
        "std": 0.004720233380794525,
        "min": 0.9484117031097412,
        "p5": 0.9772489458322525,
        "p95": 0.9914805203676224
      }
    },
    "30": {
      "bootstrap_vs_full_cosines": {
        "mean": 0.9903156757354736,
        "std": 0.0007109097205102444,
        "min": 0.9883331656455994,
        "p5": 0.9892563164234162,
        "p95": 0.9914499878883362
      },
      "pairwise_cosines": {
        "mean": 0.99882572889328,
        "std": 0.0002727568498812616,
        "min": 0.9971125721931458,
        "p5": 0.9983076304197311,
        "p95": 0.9991906881332397
      }
    },
    "31": {
      "bootstrap_vs_full_cosines": {
        "mean": 0.9250052571296692,
        "std": 0.004228031262755394,
        "min": 0.9124603867530823,
        "p5": 0.9176413357257843,
        "p95": 0.931556037068367
      },
      "pairwise_cosines": {
        "mean": 0.9971274137496948,
        "std": 0.0008281422196887434,
        "min": 0.9916965961456299,
        "p5": 0.9955854177474975,
        "p95": 0.998157724738121
      }
    },
    "32": {
      "bootstrap_vs_full_cosines": {
        "mean": 0.9868618845939636,
        "std": 0.0011847300920635462,
        "min": 0.9829109907150269,
        "p5": 0.9850216239690781,
        "p95": 0.9887727826833725
      },
      "pairwise_cosines": {
        "mean": 0.9993472099304199,
        "std": 0.00021172786364331841,
        "min": 0.9980326890945435,
        "p5": 0.9989349514245986,
        "p95": 0.9995980978012085
      }
    },
    "33": {
      "bootstrap_vs_full_cosines": {
        "mean": 0.9657440185546875,
        "std": 0.0028167925775051117,
        "min": 0.956282913684845,
        "p5": 0.9608835577964783,
        "p95": 0.9702128022909164
      },
      "pairwise_cosines": {
        "mean": 0.9988449215888977,
        "std": 0.0006690173177048564,
        "min": 0.9917786121368408,
        "p5": 0.9976016283035278,
        "p95": 0.9994769006967544
      }
    }
  },
  "summary": {
    "mean_bootstrap_vs_full": 0.9564799112933022,
    "mean_pairwise": 0.9961406460830143,
    "min_pairwise": 0.9484117031097412,
    "stable": true
  }
}