{
  "model": "gemma3_4b",
  "corrective_layers": [
    20,
    21,
    22,
    23,
    24,
    25,
    26,
    27,
    28,
    29,
    30,
    31,
    32,
    33
  ],
  "n_records": 200,
  "per_layer_pca": {
    "20": {
      "variance_explained": [
        0.1773175299167633,
        0.08927077800035477,
        0.07399662584066391,
        0.03317193686962128,
        0.02785155549645424,
        0.020646749064326286,
        0.020221266895532608,
        0.01795824244618416,
        0.017156580463051796,
        0.014457580633461475
      ],
      "cumulative_variance": [
        0.1773175299167633,
        0.2665883004665375,
        0.340584933757782,
        0.37375688552856445,
        0.4016084372997284,
        0.42225518822669983,
        0.44247645139694214,
        0.4604347050189972,
        0.47759127616882324,
        0.49204885959625244
      ],
      "singular_values": [
        5.609818935394287,
        3.9804086685180664,
        3.6239230632781982,
        2.426377773284912,
        2.2232983112335205,
        1.9142508506774902,
        1.8944239616394043,
        1.7852741479873657,
        1.7449716329574585,
        1.6018462181091309
      ],
      "total_variance": 177.47860717773438,
      "pc1_variance_ratio": 0.1773175299167633,
      "n_records": 200,
      "d_model": 2560,
      "rank_1_justified": false
    },
    "21": {
      "variance_explained": [
        0.15466460585594177,
        0.07940728217363358,
        0.0716744065284729,
        0.042053647339344025,
        0.03463258594274521,
        0.028475511819124222,
        0.023010378703475,
        0.020552152767777443,
        0.018684789538383484,
        0.017955483868718147
      ],
      "cumulative_variance": [
        0.15466460585594177,
        0.23407188057899475,
        0.30574628710746765,
        0.3477999269962311,
        0.3824325203895569,
        0.410908043384552,
        0.43391841650009155,
        0.45447057485580444,
        0.4731553792953491,
        0.4911108613014221
      ],
      "singular_values": [
        6.830249786376953,
        4.894082546234131,
        4.649681091308594,
        3.561582088470459,
        3.232090950012207,
        2.930737257003784,
        2.6345291137695312,
        2.489830493927002,
        2.3740246295928955,
        2.3272318840026855
      ],
      "total_variance": 301.6353454589844,
      "pc1_variance_ratio": 0.15466460585594177,
      "n_records": 200,
      "d_model": 2560,
      "rank_1_justified": false
    },
    "22": {
      "variance_explained": [
        0.13941028714179993,
        0.0746639221906662,
        0.0615541897714138,
        0.03142814338207245,
        0.02557259611785412,
        0.023780256509780884,
        0.02097216621041298,
        0.019138146191835403,
        0.01790999434888363,
        0.017786649987101555
      ],
      "cumulative_variance": [
        0.13941028714179993,
        0.21407420933246613,
        0.27562838792800903,
        0.3070565462112427,
        0.33262914419174194,
        0.3564094007015228,
        0.3773815631866455,
        0.3965197205543518,
        0.4144297242164612,
        0.4322163760662079
      ],
      "singular_values": [
        7.542740345001221,
        5.519975662231445,
        5.011994361877441,
        3.581303358078003,
        3.2304956912994385,
        3.115229368209839,
        2.9255223274230957,
        2.794677495956421,
        2.703519344329834,
        2.6941938400268555
      ],
      "total_variance": 408.09710693359375,
      "pc1_variance_ratio": 0.13941028714179993,
      "n_records": 200,
      "d_model": 2560,
      "rank_1_justified": false
    },
    "23": {
      "variance_explained": [
        0.18038921058177948,
        0.09413152933120728,
        0.05255180969834328,
        0.030286850407719612,
        0.027946067973971367,
        0.022031888365745544,
        0.020760422572493553,
        0.016052700579166412,
        0.015096399001777172,
        0.014180582948029041
      ],
      "cumulative_variance": [
        0.18038921058177948,
        0.27452075481414795,
        0.3270725607872009,
        0.3573594093322754,
        0.3853054642677307,
        0.40733736753463745,
        0.42809778451919556,
        0.44415047764778137,
        0.4592468738555908,
        0.4734274446964264
      ],
      "singular_values": [
        11.35983657836914,
        8.206053733825684,
        6.13141393661499,
        4.654723167419434,
        4.471231460571289,
        3.970019817352295,
        3.853762149810791,
        3.3887603282928467,
        3.286271810531616,
        3.185032367706299
      ],
      "total_variance": 715.374755859375,
      "pc1_variance_ratio": 0.18038921058177948,
      "n_records": 200,
      "d_model": 2560,
      "rank_1_justified": false
    },
    "24": {
      "variance_explained": [
        0.2607930898666382,
        0.07288994640111923,
        0.04607652872800827,
        0.029257969930768013,
        0.02494458667933941,
        0.02051672711968422,
        0.016023458912968636,
        0.015016182325780392,
        0.013817991130053997,
        0.0129094198346138
      ],
      "cumulative_variance": [
        0.2607930898666382,
        0.333683043718338,
        0.3797595798969269,
        0.40901756286621094,
        0.4339621365070343,
        0.4544788599014282,
        0.4705023169517517,
        0.4855184853076935,
        0.49933648109436035,
        0.5122458934783936
      ],
      "singular_values": [
        12.72913646697998,
        6.729529857635498,
        5.3504557609558105,
        4.263566017150879,
        3.9367611408233643,
        3.5703020095825195,
        3.1552157402038574,
        3.054433584213257,
        2.9300386905670166,
        2.8320717811584473
      ],
      "total_variance": 621.3006591796875,
      "pc1_variance_ratio": 0.2607930898666382,
      "n_records": 200,
      "d_model": 2560,
      "rank_1_justified": false
    },
    "25": {
      "variance_explained": [
        0.21231527626514435,
        0.07829586416482925,
        0.05547097325325012,
        0.028857583180069923,
        0.027660539373755455,
        0.02058422937989235,
        0.018651312217116356,
        0.015918875113129616,
        0.01568697951734066,
        0.01353444904088974
      ],
      "cumulative_variance": [
        0.21231527626514435,
        0.2906111478805542,
        0.3460821211338043,
        0.3749397099018097,
        0.4026002585887909,
        0.42318448424339294,
        0.44183579087257385,
        0.4577546715736389,
        0.4734416604042053,
        0.48697611689567566
      ],
      "singular_values": [
        9.38249683380127,
        5.69766902923584,
        4.795795917510986,
        3.459057569503784,
        3.3865549564361572,
        2.9214274883270264,
        2.780881643295288,
        2.569117546081543,
        2.5503363609313965,
        2.3689074516296387
      ],
      "total_variance": 414.6251220703125,
      "pc1_variance_ratio": 0.21231527626514435,
      "n_records": 200,
      "d_model": 2560,
      "rank_1_justified": false
    },
    "26": {
      "variance_explained": [
        0.27053865790367126,
        0.07791700214147568,
        0.045804060995578766,
        0.031427305191755295,
        0.02661392278969288,
        0.01969505287706852,
        0.01729607582092285,
        0.013908930122852325,
        0.013410793617367744,
        0.012455078773200512
      ],
      "cumulative_variance": [
        0.27053865790367126,
        0.34845566749572754,
        0.3942597210407257,
        0.4256870150566101,
        0.45230093598365784,
        0.4719959795475006,
        0.48929205536842346,
        0.5032010078430176,
        0.5166118144989014,
        0.5290669202804565
      ],