{
  "structural_token_ratio": {
    "1.5": {
      "mean": 0.043141941985533394,
      "ci_low": 0.040251445580671855,
      "ci_high": 0.046205432694455026,
      "n": 1310,
      "method": "BCa"
    },
    "0.25": {
      "mean": 0.052440940954727205,
      "ci_low": 0.04861410270854748,
      "ci_high": 0.05702228266381141,
      "n": 1310,
      "method": "BCa"
    },
    "-2.0": {
      "mean": 0.06377432385949194,
      "ci_low": 0.05713311207327651,
      "ci_high": 0.07136173297840018,
      "n": 1310,
      "method": "BCa"
    },
    "5.0": {
      "mean": 0.5077659110862278,
      "ci_low": 0.48775257215061696,
      "ci_high": 0.5278864841319739,
      "n": 1310,
      "method": "BCa"
    },
    "1.0": {
      "mean": 0.04339658484209865,
      "ci_low": 0.04066155459800605,
      "ci_high": 0.046350684753464086,
      "n": 1310,
      "method": "BCa"
    },
    "0.0": {
      "mean": 0.05214215366532743,
      "ci_low": 0.048349028584853564,
      "ci_high": 0.056812922848456945,
      "n": 1310,
      "method": "BCa"
    },
    "-3.0": {
      "mean": 0.05894834821811701,
      "ci_low": 0.052876008091622705,
      "ci_high": 0.06583736735932967,
      "n": 1310,
      "method": "BCa"
    },
    "3.0": {
      "mean": 0.26656446150734114,
      "ci_low": 0.2506751197136833,
      "ci_high": 0.2835492679783948,
      "n": 1310,
      "method": "BCa"
    },
    "0.75": {
      "mean": 0.04529870285021846,
      "ci_low": 0.04243914509920213,
      "ci_high": 0.048337779150544956,
      "n": 1310,
      "method": "BCa"
    },
    "-0.5": {
      "mean": 0.05047997473864191,
      "ci_low": 0.04629858675979318,
      "ci_high": 0.05541677220889065,
      "n": 1310,
      "method": "BCa"
    },
    "-5.0": {
      "mean": 0.07910546779613278,
      "ci_low": 0.07064018395186791,
      "ci_high": 0.08860276068483382,
      "n": 1310,
      "method": "BCa"
    },
    "2.0": {
      "mean": 0.04780672208975823,
      "ci_low": 0.04443023058197777,
      "ci_high": 0.051693424015394465,
      "n": 1310,
      "method": "BCa"
    },
    "0.5": {
      "mean": 0.06077361456381108,
      "ci_low": 0.05603497087002907,
      "ci_high": 0.06619370601862974,
      "n": 1310,
      "method": "BCa"
    },
    "-1.0": {
      "mean": 0.05334432665197217,
      "ci_low": 0.048111560406152026,
      "ci_high": 0.05954868579205279,
      "n": 1310,
      "method": "BCa"
    }
  },
  "mmlu_accuracy": {
    "1.5": {
      "mean": 0.2603550295857988,
      "ci_low": 0.21597633136094674,
      "ci_high": 0.3106508875739645,
      "n": 338,
      "method": "BCa"
    },
    "0.25": {
      "mean": 0.2514792899408284,
      "ci_low": 0.20710059171597633,
      "ci_high": 0.2988165680473373,
      "n": 338,
      "method": "BCa"
    },
    "-2.0": {
      "mean": 0.10946745562130178,
      "ci_low": 0.07988165680473373,
      "ci_high": 0.14792899408284024,
      "n": 338,
      "method": "BCa"
    },
    "5.0": {
      "mean": 0.10946745562130178,
      "ci_low": 0.07988165680473373,
      "ci_high": 0.14497041420118342,
      "n": 338,
      "method": "BCa"
    },
    "1.0": {
      "mean": 0.2514792899408284,
      "ci_low": 0.20710059171597633,
      "ci_high": 0.2988165680473373,
      "n": 338,
      "method": "BCa"
    },
    "0.0": {
      "mean": 0.23964497041420119,
      "ci_low": 0.1952662721893491,
      "ci_high": 0.2869822485207101,
      "n": 338,
      "method": "BCa"
    },
    "-3.0": {
      "mean": 0.07988165680473373,
      "ci_low": 0.05325443786982249,
      "ci_high": 0.11242603550295859,
      "n": 338,
      "method": "BCa"
    },
    "3.0": {
      "mean": 0.30177514792899407,
      "ci_low": 0.25443786982248523,
      "ci_high": 0.3520710059171598,
      "n": 338,
      "method": "BCa"
    },
    "0.75": {
      "mean": 0.2603550295857988,
      "ci_low": 0.21597633136094674,
      "ci_high": 0.3076923076923077,
      "n": 338,
      "method": "BCa"
    },
    "-0.5": {
      "mean": 0.21005917159763313,
      "ci_low": 0.16863905325443787,
      "ci_high": 0.25443786982248523,
      "n": 338,
      "method": "BCa"
    },
    "-5.0": {
      "mean": 0.07988165680473373,
      "ci_low": 0.05325443786982249,
      "ci_high": 0.11242603550295859,
      "n": 338,
      "method": "BCa"
    },
    "2.0": {
      "mean": 0.28106508875739644,
      "ci_low": 0.23372781065088755,
      "ci_high": 0.33136094674556216,
      "n": 338,
      "method": "BCa"
    },
    "0.5": {
      "mean": 0.2603550295857988,
      "ci_low": 0.21597633136094674,
      "ci_high": 0.3076923076923077,
      "n": 338,
      "method": "BCa"
    },
    "-1.0": {
      "mean": 0.15976331360946747,
      "ci_low": 0.1242603550295858,
      "ci_high": 0.20118343195266272,
      "n": 338,
      "method": "BCa"
    }
  },
  "reasoning_em": {
    "1.5": {
      "mean": 0.48660714285714285,
      "ci_low": 0.41964285714285715,
      "ci_high": 0.5491071428571429,
      "n": 224,
      "method": "BCa"
    },
    "0.25": {
      "mean": 0.5625,
      "ci_low": 0.4955357142857143,
      "ci_high": 0.625,
      "n": 224,
      "method": "BCa"
    },
    "-2.0": {
      "mean": 0.09821428571428571,
      "ci_low": 0.06696428571428571,
      "ci_high": 0.14285714285714285,
      "n": 224,
      "method": "BCa"
    },
    "5.0": {
      "mean": 0.0,
      "ci_low": NaN,
      "ci_high": NaN,
      "n": 224,
      "method": "BCa"
    },
    "1.0": {
      "mean": 0.5223214285714286,
      "ci_low": 0.45982142857142855,
      "ci_high": 0.5892857142857143,
      "n": 224,
      "method": "BCa"
    },
    "0.0": {
      "mean": 0.5446428571428571,
      "ci_low": 0.47767857142857145,
      "ci_high": 0.6112251082361938,
      "n": 224,
      "method": "BCa"
    },
    "-3.0": {
      "mean": 0.04017857142857143,
      "ci_low": 0.017857142857142856,
      "ci_high": 0.07142857142857142,
      "n": 224,
      "method": "BCa"
    },
    "3.0": {
      "mean": 0.07589285714285714,
      "ci_low": 0.044642857142857144,
      "ci_high": 0.11607142857142858,
      "n": 224,
      "method": "BCa"
    },
    "0.75": {
      "mean": 0.5223214285714286,
      "ci_low": 0.45535714285714285,
      "ci_high": 0.5848214285714286,
      "n": 224,
      "method": "BCa"
    },
    "-0.5": {
      "mean": 0.4419642857142857,
      "ci_low": 0.375,
      "ci_high": 0.5089285714285714,
      "n": 224,
      "method": "BCa"
    },
    "-5.0": {
      "mean": 0.07142857142857142,
      "ci_low": 0.04017857142857143,
      "ci_high": 0.11160714285714286,
      "n": 224,
      "method": "BCa"
    },
    "2.0": {
      "mean": 0.5,
      "ci_low": 0.4330357142857143,
      "ci_high": 0.5669642857142857,
      "n": 224,
      "method": "BCa"
    },
    "0.5": {
      "mean": 0.5491071428571429,
      "ci_low": 0.48214285714285715,
      "ci_high": 0.6116071428571429,
      "n": 224,
      "method": "BCa"
    },
    "-1.0": {
      "mean": 0.3125,
      "ci_low": 0.2544642857142857,
      "ci_high": 0.375,
      "n": 224,
      "method": "BCa"
    }
  },
  "gsm8k_em": {
    "1.5": {
      "mean": 0.35267857142857145,
      "ci_low": 0.29017857142857145,
      "ci_high": 0.41517857142857145,
      "n": 224,
      "method": "BCa"
    },
    "0.25": {
      "mean": 0.4419642857142857,
      "ci_low": 0.3794642857142857,
      "ci_high": 0.5089285714285714,
      "n": 224,
      "method": "BCa"
    },
    "-2.0": {
      "mean": 0.017857142857142856,
      "ci_low": 0.004464285714285714,
      "ci_high": 0.044642857142857144,
      "n": 224,
      "method": "BCa"
    },
    "5.0": {
      "mean": 0.0,
      "ci_low": NaN,
      "ci_high": NaN,
      "n": 224,
      "method": "BCa"
    },
    "1.0": {
      "mean": 0.39285714285714285,
      "ci_low": 0.33035714285714285,
      "ci_high": 0.4598214285714286,
      "n": 224,
      "method": "BCa"
    },
    "0.0": {
      "mean": 0.4107142857142857,
      "ci_low": 0.3482142857142857,
      "ci_high": 0.47767857142857145,
      "n": 224,
      "method": "BCa"
    },