{
  "random_vs_governance": {
    "1": 0.9333360197157513,
    "2": 0.9596246401493597,
    "3": 0.9737386181517707,
    "4": 0.9478959971888248,
    "5": 0.9783879699368203,
    "6": 0.9919357387904428,
    "7": 0.817564075587796,
    "8": 0.9145588400331863,
    "9": 0.8719428267877793,
    "10": 0.9368183054388597,
    "11": 0.9738347724904556,
    "12": 0.9711787082130945,
    "13": 0.8732160823493451,
    "14": 0.9602355131759149,
    "15": 0.9762807494457821,
    "16": 0.9722242704546586,
    "17": 0.9703556476245834,
    "18": 0.8649977101049988,
    "19": 0.9631006777345251,
    "20": 0.8911622532740402,
    "21": 0.9300060685535272,
    "22": 0.8950668448242599,
    "23": 0.9544832355840218,
    "24": 0.995544154675594,
    "25": 0.9368192938205138,
    "26": 0.9930949530334658,
    "27": 0.9883560041153756,
    "28": 0.9933018055256194,
    "29": 0.9751350858594476,
    "30": 0.9960004438425829,
    "31": 0.9402616375572851,
    "32": 0.9967947283677533,
    "33": 0.9748885033939442
  },
  "bottom_vs_governance": {
    "1": 0.6611194603220141,
    "2": 0.9740620652477456,
    "3": 0.9955248039349777,
    "4": 0.976783207986351,
    "5": 0.9888588913777877,
    "6": 0.9974791387021559,
    "7": 0.9664854758759936,
    "8": 0.9785771588958387,
    "9": 0.9777891661297202,
    "10": 0.9826426844443207,
    "11": 0.988105815588124,
    "12": 0.993124564416408,
    "13": 0.9745195139670515,
    "14": 0.9863132444345083,
    "15": 0.9924629979541071,
    "16": 0.9917395527614984,
    "17": 0.9868192737552935,
    "18": 0.9732331006844969,
    "19": 0.9856205537771366,
    "20": 0.9709639723788812,
    "21": 0.9806090561235774,
    "22": 0.9633231776418903,
    "23": 0.9867451718858963,
    "24": 0.9973896350363156,
    "25": 0.9735977254033494,
    "26": 0.9967741476279538,
    "27": 0.9947196765349564,
    "28": 0.9964473953220698,
    "29": 0.9873155743951612,
    "30": 0.9979697069441114,
    "31": 0.973229453575285,
    "32": 0.997361032709719,
    "33": 0.990903205870139
  },
  "random_vs_governance_corrective_mean": 0.9614939294591022,
  "random_vs_governance_corrective_min": 0.8911622532740402,
  "interpretation": "governance selection unnecessary (cosine > 0.95)"
}