{
  "gemma3_4b": {
    "structural_token_ratio": {
      "spearman_rho": -0.35824175824175825,
      "p_value": 0.20849812479076696,
      "n_points": 14
    },
    "format_compliance_v2": {
      "spearman_rho": 0.6439560439560439,
      "p_value": 0.01294215255932295,
      "n_points": 14
    },
    "mmlu_forced_choice": {
      "spearman_rho": 0.7084712757956979,
      "p_value": 0.00456728440806386,
      "n_points": 14
    },
    "exp3_reasoning_em": {
      "spearman_rho": 0.3730720687093328,
      "p_value": 0.18891042736395774,
      "n_points": 14
    },
    "exp3_alignment_behavior": {
      "spearman_rho": 0.5022038614286872,
      "p_value": 0.06724964765206946,
      "n_points": 14
    }
  },
  "llama31_8b": {
    "structural_token_ratio": {
      "spearman_rho": 0.0989010989010989,
      "p_value": 0.7365853699253173,
      "n_points": 14
    },
    "format_compliance_v2": {
      "spearman_rho": 0.6424646351936143,
      "p_value": 0.013221806050245933,
      "n_points": 14
    },
    "mmlu_forced_choice": {
      "spearman_rho": -0.6879861228130347,
      "p_value": 0.006531916924770985,
      "n_points": 14
    },
    "exp3_reasoning_em": {
      "spearman_rho": -0.3186813186813187,
      "p_value": 0.26678496081136144,
      "n_points": 14
    },
    "exp3_alignment_behavior": {
      "spearman_rho": -0.693376135650461,
      "p_value": 0.0059611129643776985,
      "n_points": 14
    }
  },
  "qwen3_4b": {
    "structural_token_ratio": {
      "spearman_rho": 0.3098901098901099,
      "p_value": 0.2809332808692584,
      "n_points": 14
    },
    "format_compliance_v2": {
      "spearman_rho": 0.4845826733083823,
      "p_value": 0.07907655135025737,
      "n_points": 14
    },
    "mmlu_forced_choice": {
      "spearman_rho": 0.9251123763160026,
      "p_value": 2.163798084499467e-06,
      "n_points": 14
    },
    "exp3_reasoning_em": {
      "spearman_rho": 0.761078710607313,
      "p_value": 0.001569094751589441,
      "n_points": 14
    },
    "exp3_alignment_behavior": {
      "spearman_rho": 0.7411667675972379,
      "p_value": 0.0024195539363040057,
      "n_points": 14
    }
  },
  "mistral_7b": {
    "structural_token_ratio": {
      "spearman_rho": -1.0,
      "p_value": 0.0,
      "n_points": 14
    },
    "format_compliance_v2": {
      "spearman_rho": -0.6147542227967666,
      "p_value": 0.01930798738356875,
      "n_points": 14
    },
    "mmlu_forced_choice": {
      "spearman_rho": -0.35780512859957697,
      "p_value": 0.20909342861594402,
      "n_points": 14
    },
    "exp3_reasoning_em": {
      "spearman_rho": -0.6277548267858589,
      "p_value": 0.016234363954429974,
      "n_points": 14
    },
    "exp3_alignment_behavior": {
      "spearman_rho": -0.46002839769117126,
      "p_value": 0.09790024491950707,
      "n_points": 14
    }
  },
  "deepseek_v2_lite": {
    "structural_token_ratio": {
      "spearman_rho": -0.5824175824175825,
      "p_value": 0.028854655357671767,
      "n_points": 14
    },
    "format_compliance_v2": {
      "spearman_rho": 0.9296703296703297,
      "p_value": 1.4995250703291503e-06,
      "n_points": 14
    },
    "mmlu_forced_choice": {
      "spearman_rho": 0.9118964852257739,
      "p_value": 5.57200890975192e-06,
      "n_points": 14
    },
    "exp3_reasoning_em": {
      "spearman_rho": 0.693834282237002,
      "p_value": 0.005914450681046645,
      "n_points": 14
    },
    "exp3_alignment_behavior": {
      "spearman_rho": -0.5458646846685119,
      "p_value": 0.043459344905570074,
      "n_points": 14
    }
  },
  "olmo2_7b": {
    "structural_token_ratio": {
      "spearman_rho": -0.6571428571428571,
      "p_value": 0.010661967747329814,
      "n_points": 14
    },
    "format_compliance_v2": {
      "spearman_rho": 0.8637362637362638,
      "p_value": 6.846377605646036e-05,
      "n_points": 14
    },
    "mmlu_forced_choice": {
      "spearman_rho": 0.11233507426694317,
      "p_value": 0.7022051630290733,
      "n_points": 14
    },
    "exp3_reasoning_em": {
      "spearman_rho": 0.6600505831011273,
      "p_value": 0.010203717134240679,
      "n_points": 14
    },
    "exp3_alignment_behavior": {
      "spearman_rho": 0.0,
      "p_value": 1.0,
      "n_points": 14
    }
  }
}