{
  "n_prompts": 600,
  "max_new_tokens_asserted": 512,
  "n_at_cap": 41,
  "fraction_at_cap": 0.06833333333333333,
  "mean_teacher_length": 168.79833333333335,
  "median_teacher_length": 91.0,
  "max_teacher_length": 512
}