{
  "merged_jsonl": "results/exp18_midlate_token_handoff/full_runpod_20260423_095122/pure_flow/deepseek_v2_lite/pt/pure_flow_results.jsonl",
  "n_prompts": 600,
  "n_steps": 38071,
  "windows": {
    "early": {
      "by_token_category": {
        "CONTENT": {
          "count": 35052,
          "fraction_positive": 0.5923199817414128,
          "fraction_top1_displaced": 0.6868509642816387,
          "handoff_rate": 0.5923199817414128,
          "margin_delta": 2.394453204066304,
          "mean_first_top1_layer": 17.53092548214082,
          "mean_first_top20_layer": 12.906082391874929,
          "mean_first_top5_layer": 14.901745977404998,
          "mean_top20_entries": 11.358046616455551,
          "mean_top20_exits": 11.358046616455551,
          "repulsion_top10_delta": -2.0300408338481937,
          "support_target_delta": 0.3644123702181109,
          "teacher_rank_gain": null
        },
        "DISCOURSE": {
          "count": 114,
          "fraction_positive": 0.5263157894736842,
          "fraction_top1_displaced": 0.625,
          "handoff_rate": 0.5263157894736842,
          "margin_delta": 2.5428382192953825,
          "mean_first_top1_layer": 16.07017543859649,
          "mean_first_top20_layer": 10.710526315789474,
          "mean_first_top5_layer": 13.701754385964913,
          "mean_top20_entries": 9.346491228070175,
          "mean_top20_exits": 9.346491228070175,
          "repulsion_top10_delta": -2.1231922787698925,
          "support_target_delta": 0.4196459405254899,
          "teacher_rank_gain": null
        },
        "FORMAT": {
          "count": 10208,
          "fraction_positive": 0.5941418495297806,
          "fraction_top1_displaced": 0.7158478644200627,
          "handoff_rate": 0.5941418495297806,
          "margin_delta": 2.603422339796511,
          "mean_first_top1_layer": 16.28164184952978,
          "mean_first_top20_layer": 10.04878526645768,
          "mean_first_top5_layer": 12.687402037617554,
          "mean_top20_entries": 11.58261902429467,
          "mean_top20_exits": 11.58261902429467,
          "repulsion_top10_delta": -2.086105324243082,
          "support_target_delta": 0.517317015553429,
          "teacher_rank_gain": null
        },
        "FUNCTION": {
          "count": 10168,
          "fraction_positive": 0.5292092840283241,
          "fraction_top1_displaced": 0.6796567663257278,
          "handoff_rate": 0.5292092840283241,
          "margin_delta": 2.1557891391515933,
          "mean_first_top1_layer": 17.551140833988985,
          "mean_first_top20_layer": 10.541404405979543,
          "mean_first_top5_layer": 13.934008654602675,
          "mean_top20_entries": 11.063606412273801,
          "mean_top20_exits": 11.063606412273801,
          "repulsion_top10_delta": -1.8198175932074265,
          "support_target_delta": 0.33597154594416695,
          "teacher_rank_gain": null
        },
        "FUNCTION_OTHER": {
          "count": 10337,
          "fraction_positive": 0.5275224920189611,
          "fraction_top1_displaced": 0.6801900938376705,
          "handoff_rate": 0.5275224920189611,
          "margin_delta": 2.162378871320905,
          "mean_first_top1_layer": 17.536616039469866,
          "mean_first_top20_layer": 10.556641191835155,
          "mean_first_top5_layer": 13.929960336654736,
          "mean_top20_entries": 11.072724194640612,
          "mean_top20_exits": 11.072724194640612,
          "repulsion_top10_delta": -1.824228815262327,
          "support_target_delta": 0.33815005605857823,
          "teacher_rank_gain": null
        },
        "OTHER": {
          "count": 169,
          "fraction_positive": 0.4260355029585799,
          "fraction_top1_displaced": 0.7122781065088757,
          "handoff_rate": 0.4260355029585799,
          "margin_delta": 2.558854591424822,
          "mean_first_top1_layer": 16.662721893491124,
          "mean_first_top20_layer": 11.47337278106509,
          "mean_first_top5_layer": 13.68639053254438,
          "mean_top20_entries": 11.621301775147929,
          "mean_top20_exits": 11.621301775147929,
          "repulsion_top10_delta": -2.089632991914563,
          "support_target_delta": 0.46922159951025916,
          "teacher_rank_gain": null
        },
        "PUNCTUATION": {
          "count": 9628,
          "fraction_positive": 0.5962816784378895,
          "fraction_top1_displaced": 0.71720502700457,
          "handoff_rate": 0.5962816784378895,
          "margin_delta": 2.60640236714093,
          "mean_first_top1_layer": 16.376609887827172,
          "mean_first_top20_layer": 10.071250519318655,
          "mean_first_top5_layer": 12.723930203572912,
          "mean_top20_entries": 11.610614873286249,
          "mean_top20_exits": 11.610614873286249,
          "repulsion_top10_delta": -2.0846174447448123,
          "support_target_delta": 0.521784922396118,
          "teacher_rank_gain": null
        },
        "STRUCTURAL": {
          "count": 466,
          "fraction_positive": 0.5665236051502146,
          "fraction_top1_displaced": 0.7100321888412017,
          "handoff_rate": 0.5665236051502146,
          "margin_delta": 2.5566731691206837,
          "mean_first_top1_layer": 14.371244635193133,
          "mean_first_top20_layer": 9.42274678111588,
          "mean_first_top5_layer": 11.684549356223176,
          "mean_top20_entries": 11.5512339055794,
          "mean_top20_exits": 11.5512339055794,
          "repulsion_top10_delta": -2.1077735452587234,
          "support_target_delta": 0.4488996238619601,
          "teacher_rank_gain": null
        }
      }
    },
    "late_reconciliation": {
      "by_token_category": {
        "CONTENT": {
          "count": 35052,
          "fraction_positive": 0.5923199817414128,
          "fraction_top1_displaced": 0.20795597190661413,
          "handoff_rate": 0.5923199817414128,
          "margin_delta": 1.4465793233184,
          "mean_first_top1_layer": 17.53092548214082,
          "mean_first_top20_layer": 12.906082391874929,
          "mean_first_top5_layer": 14.901745977404998,
          "mean_top20_entries": 4.871743798823581,
          "mean_top20_exits": 4.871743798823581,
          "repulsion_top10_delta": -0.5456702486203044,
          "support_target_delta": 0.9009090746980875,
          "teacher_rank_gain": null
        },
        "DISCOURSE": {
          "count": 114,
          "fraction_positive": 0.5263157894736842,
          "fraction_top1_displaced": 0.14912280701754388,
          "handoff_rate": 0.5263157894736842,
          "margin_delta": 0.5773390570587325,
          "mean_first_top1_layer": 16.07017543859649,
          "mean_first_top20_layer": 10.710526315789474,
          "mean_first_top5_layer": 13.701754385964913,
          "mean_top20_entries": 3.8676236044657117,
          "mean_top20_exits": 3.8676236044657117,
          "repulsion_top10_delta": -0.12934940997067396,
          "support_target_delta": 0.4479896470880585,
          "teacher_rank_gain": null
        },
        "FORMAT": {
          "count": 10208,
          "fraction_positive": 0.5941418495297806,
          "fraction_top1_displaced": 0.2146533912795592,
          "handoff_rate": 0.5941418495297806,
          "margin_delta": 1.0685593817493746,
          "mean_first_top1_layer": 16.28164184952978,
          "mean_first_top20_layer": 10.04878526645768,
          "mean_first_top5_layer": 12.687402037617554,
          "mean_top20_entries": 4.9009155029922855,
          "mean_top20_exits": 4.9009155029922855,
          "repulsion_top10_delta": -0.3860558112162545,
          "support_target_delta": 0.6825035705331164,
          "teacher_rank_gain": null
        },
        "FUNCTION": {
          "count": 10168,
          "fraction_positive": 0.5292092840283241,
          "fraction_top1_displaced": 0.22387525928044516,
          "handoff_rate": 0.5292092840283241,
          "margin_delta": 0.9820458193615467,
          "mean_first_top1_layer": 17.551140833988985,