{
  "merged_jsonl": "results/exp18_midlate_token_handoff/full_runpod_20260423_095122/pure_flow/qwen3_4b/pt/pure_flow_results.jsonl",
  "n_prompts": 600,
  "n_steps": 123725,
  "windows": {
    "early": {
      "by_token_category": {
        "CONTENT": {
          "count": 119736,
          "fraction_positive": 0.22531235384512593,
          "fraction_top1_displaced": 0.6490901194748434,
          "handoff_rate": 0.22531235384512593,
          "margin_delta": 1.4497308066031063,
          "mean_first_top1_layer": 27.721437161755862,
          "mean_first_top20_layer": 23.10207456404089,
          "mean_first_top5_layer": 25.134412373889223,
          "mean_top20_entries": 11.625094905762316,
          "mean_top20_exits": 11.625094905762316,
          "repulsion_top10_delta": -1.406634329290424,
          "support_target_delta": 0.04309647731266916,
          "teacher_rank_gain": null
        },
        "DISCOURSE": {
          "count": 326,
          "fraction_positive": 0.558282208588957,
          "fraction_top1_displaced": 0.6511433351924143,
          "handoff_rate": 0.558282208588957,
          "margin_delta": 1.280745698696217,
          "mean_first_top1_layer": 25.29754601226994,
          "mean_first_top20_layer": 20.199386503067483,
          "mean_first_top5_layer": 22.28527607361963,
          "mean_top20_entries": 11.572783045175688,
          "mean_top20_exits": 11.572783045175688,
          "repulsion_top10_delta": -1.2526008302906986,
          "support_target_delta": 0.02814486840551815,
          "teacher_rank_gain": null
        },
        "FORMAT": {
          "count": 29798,
          "fraction_positive": 0.46939391905497013,
          "fraction_top1_displaced": 0.6249107627723207,
          "handoff_rate": 0.46939391905497013,
          "margin_delta": 1.6610341202226977,
          "mean_first_top1_layer": 25.9959393247869,
          "mean_first_top20_layer": 21.46402443116988,
          "mean_first_top5_layer": 23.231794080139608,
          "mean_top20_entries": 11.496116273819517,
          "mean_top20_exits": 11.496116273819517,
          "repulsion_top10_delta": -1.600874789919678,
          "support_target_delta": 0.06015933030302838,
          "teacher_rank_gain": null
        },
        "FUNCTION": {
          "count": 33538,
          "fraction_positive": 0.5121354881030473,
          "fraction_top1_displaced": 0.5855393339441023,
          "handoff_rate": 0.5121354881030473,
          "margin_delta": 1.6410709739660916,
          "mean_first_top1_layer": 25.510107937265193,
          "mean_first_top20_layer": 20.468751863557756,
          "mean_first_top5_layer": 22.680452024569146,
          "mean_top20_entries": 10.76590190774104,
          "mean_top20_exits": 10.76590190774104,
          "repulsion_top10_delta": -1.5486070920828143,
          "support_target_delta": 0.0924638818832696,
          "teacher_rank_gain": null
        },
        "FUNCTION_OTHER": {
          "count": 34059,
          "fraction_positive": 0.5068263895005726,
          "fraction_top1_displaced": 0.5863861908079018,
          "handoff_rate": 0.5068263895005726,
          "margin_delta": 1.6420632632551109,
          "mean_first_top1_layer": 25.561936639361107,
          "mean_first_top20_layer": 20.51446020141519,
          "mean_first_top5_layer": 22.731847676091487,
          "mean_top20_entries": 10.785799508339805,
          "mean_top20_exits": 10.785799508339805,
          "repulsion_top10_delta": -1.5525786569514084,
          "support_target_delta": 0.08948460630369676,
          "teacher_rank_gain": null
        },
        "OTHER": {
          "count": 521,
          "fraction_positive": 0.16506717850287908,
          "fraction_top1_displaced": 0.6409003664281978,
          "handoff_rate": 0.16506717850287908,
          "margin_delta": 1.7059392674300267,
          "mean_first_top1_layer": 28.89827255278311,
          "mean_first_top20_layer": 23.456813819577736,
          "mean_first_top5_layer": 26.040307101727446,
          "mean_top20_entries": 12.066655034025464,
          "mean_top20_exits": 12.066655034025464,
          "repulsion_top10_delta": -1.8082376637898785,
          "support_target_delta": -0.10229839635985287,
          "teacher_rank_gain": null
        },
        "PUNCTUATION": {
          "count": 27534,
          "fraction_positive": 0.4828212391951769,
          "fraction_top1_displaced": 0.6222653644749688,
          "handoff_rate": 0.4828212391951769,
          "margin_delta": 1.6925489810003036,
          "mean_first_top1_layer": 25.890571656860608,
          "mean_first_top20_layer": 21.33257063993608,
          "mean_first_top5_layer": 23.100239703639136,
          "mean_top20_entries": 11.438532194906207,
          "mean_top20_exits": 11.438532194906207,
          "repulsion_top10_delta": -1.6288127954610867,
          "support_target_delta": 0.06373618553922045,
          "teacher_rank_gain": null
        },
        "STRUCTURAL": {
          "count": 1938,
          "fraction_positive": 0.26367389060887514,
          "fraction_top1_displaced": 0.658082371704669,
          "handoff_rate": 0.26367389060887514,
          "margin_delta": 1.2772590163873563,
          "mean_first_top1_layer": 27.610423116615067,
          "mean_first_top20_layer": 23.54437564499484,
          "mean_first_top5_layer": 25.260061919504643,
          "mean_top20_entries": 12.301341589267276,
          "mean_top20_exits": 12.301341589267276,
          "repulsion_top10_delta": -1.2625323060506415,
          "support_target_delta": 0.01472671033671439,
          "teacher_rank_gain": null
        }
      }
    },
    "late_reconciliation": {
      "by_token_category": {
        "CONTENT": {
          "count": 119736,
          "fraction_positive": 0.22531235384512593,
          "fraction_top1_displaced": 0.3239818075957635,
          "handoff_rate": 0.22531235384512593,
          "margin_delta": 1.8722269660830317,
          "mean_first_top1_layer": 27.721437161755862,
          "mean_first_top20_layer": 23.10207456404089,
          "mean_first_top5_layer": 25.134412373889223,
          "mean_top20_entries": 6.870442354131467,
          "mean_top20_exits": 6.870442354131467,
          "repulsion_top10_delta": 0.3110280199432137,
          "support_target_delta": 2.1832549860262187,
          "teacher_rank_gain": null
        },
        "DISCOURSE": {
          "count": 326,
          "fraction_positive": 0.558282208588957,
          "fraction_top1_displaced": 0.28198948290972825,
          "handoff_rate": 0.558282208588957,
          "margin_delta": 1.2982118883606446,
          "mean_first_top1_layer": 25.29754601226994,
          "mean_first_top20_layer": 20.199386503067483,
          "mean_first_top5_layer": 22.28527607361963,
          "mean_top20_entries": 5.376643295354951,
          "mean_top20_exits": 5.376643295354951,
          "repulsion_top10_delta": 0.4254301893444448,
          "support_target_delta": 1.7236420777050898,
          "teacher_rank_gain": null
        },
        "FORMAT": {
          "count": 29798,
          "fraction_positive": 0.46939391905497013,
          "fraction_top1_displaced": 0.27223782995980855,
          "handoff_rate": 0.46939391905497013,
          "margin_delta": 1.7361195061858385,
          "mean_first_top1_layer": 25.9959393247869,
          "mean_first_top20_layer": 21.46402443116988,
          "mean_first_top5_layer": 23.231794080139608,
          "mean_top20_entries": 6.634699836038798,
          "mean_top20_exits": 6.634699836038798,
          "repulsion_top10_delta": 0.505949747204486,
          "support_target_delta": 2.242069253390327,
          "teacher_rank_gain": null
        },
        "FUNCTION": {
          "count": 33538,
          "fraction_positive": 0.5121354881030473,
          "fraction_top1_displaced": 0.25022149715033637,
          "handoff_rate": 0.5121354881030473,
          "margin_delta": 1.5178257772465165,
          "mean_first_top1_layer": 25.510107937265193,