{
  "A": {
    "delta_cosine": [
      -0.05383948803299893,
      -0.031181334191794117,
      -0.034065433208905385,
      -0.03838490999719529,
      -0.036037177681933354,
      -0.07498236385514827,
      -0.10821192419382722,
      -0.11722908799663205,
      -0.14907099544342162,
      -0.18602553292412324,
      -0.14610679618894842,
      -0.1767456959990931,
      -0.16266371893432452,
      -0.14047971159165798,
      -0.0843669563468126,
      -0.08268498760601078,
      -0.09115841672863073,
      -0.08298009393776776,
      -0.041501880615468126,
      -0.0474002902473826,
      -0.040732434040020936,
      -0.014943234473770148,
      -0.013254904354216399,
      0.02355199398920201,
      0.007267492415705859,
      0.0229672410699179,
      0.018962215369399283,
      0.01436025773892056,
      0.014077085348340445,
      -0.008418280303511457,
      0.05693421758462217,
      0.19550449454067173
    ],
    "kl_to_own_final": [
      7.355589965841599,
      7.237837048599201,
      7.127317173980918,
      6.957475729250893,
      6.750004491503789,
      6.5283940836164565,
      6.291414720941465,
      6.297161169986888,
      6.3951261473898855,
      5.967319074209243,
      5.907468339593901,
      5.932022747583991,
      5.775530187965939,
      5.730300349651168,
      5.732337514417589,
      5.544839036598711,
      5.306256628535143,
      4.832425278945149,
      3.9877245337533718,
      3.857813462506666,
      3.145428992722165,
      1.7509853903880432,
      1.708054301677509,
      1.450232838084688,
      1.1017912297702463,
      1.0277653987545003,
      0.8043071829655375,
      0.5320299683675331,
      0.4335272066951011,
      0.25896958065544595,
      0.10088369051454166,
      0.0
    ],
    "structural_mass_prob_tier1": [
      0.00802436600455139,
      0.00804460950503442,
      0.007254222741102335,
      0.006629628203109146,
      0.007724858419494041,
      0.010066804912478723,
      0.009978562895389812,
      0.012773109948808679,
      0.012970550091231704,
      0.010857702513593111,
      0.01113613693429991,
      0.010382668391391537,
      0.011572805632282884,
      0.013248779476318914,
      0.011483615707907176,
      0.01242537096745259,
      0.012490794500477713,
      0.013979439224462362,
      0.012113010532052694,
      0.012290278029248827,
      0.010935427270975368,
      0.00536721598709844,
      0.006189687734068757,
      0.005097765588235118,
      0.00489631577386918,
      0.0050340566287506204,
      0.004990820169987432,
      0.004572852895213789,
      0.0046236947938844255,
      0.004578244550995641,
      0.00482764348149469,
      0.004762775003446947
    ],
    "entropy": [
      6.5597849287670105,
      6.5242698389465295,
      6.3760417612221545,
      6.165998744787683,
      5.888568548642969,
      5.704024522123728,
      5.56667694857209,
      5.498321362970368,
      5.662317442646045,
      5.320353204102522,
      5.408822482564746,
      5.332690210114214,
      5.078386516006614,
      5.048866869464965,
      5.081186800193354,
      5.033898214418555,
      4.807868288181515,
      4.394117597160544,
      3.7898599177422985,
      3.7620184771582,
      3.3587182756090797,
      2.261363816458854,
      2.377172473553702,
      2.2328411096378815,
      1.850841802639878,
      1.8559072287413292,
      1.6221560350448938,
      1.247329609192668,
      1.1788168572223157,
      0.9713327433191651,
      0.843802375570295,
      0.9218576871663526
    ],
    "cross_kl": [
      null,
      null,
      null,
      null,
      null,
      null,
      null,
      null,
      null,
      null,
      null,
      null,
      null,
      null,
      null,
      null,
      null,
      null,
      null,
      null,
      null,
      null,
      null,
      null,
      null,
      null,
      null,
      null,
      null,
      null,
      null,
      null
    ],
    "kl_to_pt_final": [
      null,
      null,
      null,
      null,
      null,
      null,
      null,
      null,
      null,
      null,
      null,
      null,
      null,
      null,
      null,
      null,
      null,
      null,
      null,
      null,
      null,
      null,
      null,
      null,
      null,
      null,
      null,
      null,
      null,
      null,
      null,
      null
    ],
    "residual_cosine": [
      null,
      null,
      null,
      null,
      null,
      null,
      null,
      null,
      null,
      null,
      null,
      null,
      null,
      null,
      null,
      null,
      null,
      null,
      null,
      null,
      null,
      null,
      null,
      null,
      null,
      null,
      null,
      null,
      null,
      null,
      null,
      null
    ],
    "residual_divergence": [
      null,
      null,
      null,
      null,
      null,
      null,
      null,
      null,
      null,
      null,
      null,
      null,
      null,
      null,
      null,
      null,
      null,
      null,
      null,
      null,
      null,
      null,
      null,
      null,
      null,
      null,
      null,
      null,
      null,
      null,
      null,
      null
    ]
  },
  "B": {
    "delta_cosine": [
      -0.05581742672736283,
      -0.036113217557724495,
      -0.0416815325328823,
      -0.04512875202064076,
      -0.04136279208758154,
      -0.08049374445463693,
      -0.10995147967663858,
      -0.11806319456560595,
      -0.15440815767974714,
      -0.18879126553316733,
      -0.1472662523052113,
      -0.17394110059054435,
      -0.1630390822817312,
      -0.1444750674746569,
      -0.08725863891887503,
      -0.08096689304187976,
      -0.08839205795437316,
      -0.08136216850883707,
      -0.039037907782836015,
      -0.04735295544859619,
      -0.04255462868859165,
      -0.0201184073329199,
      -0.015206155668345654,
      0.02009705720864549,
      0.00729790287477225,
      0.025728374251091056,
      0.018877540308816925,
      0.017475963142706268,
      0.014625214739645545,
      -0.01171733263138947,
      0.020099091654702275,
      0.07555232565293105
    ],
    "kl_to_own_final": [
      9.579521132485858,
      9.347220886890565,
      9.238079240281747,
      9.157049966530817,
      8.883826310745043,
      8.727672296906407,
      8.455034835965899,
      8.450135913026683,
      8.651588774971557,
      8.130579159946645,
      8.020998227863478,
      7.99343121582782,
      7.7265006364255155,
      7.659758024605729,
      7.597847623749723,
      7.344315346065341,
      7.015013032210471,
      6.479121894774468,
      5.544844194944411,
      5.337791617241432,
      4.398876326920264,
      2.450240921505272,
      2.291867878324067,
      1.7434313610387522,
      1.277139287917378,
      1.111341446899821,
      0.838949060358234,
      0.573871219240333,
      0.4722364221095726,
      0.30713037505361246,
      0.10491265411085735,
      0.0
    ],
    "structural_mass_prob_tier1": [
      0.009014121780557648,
      0.009442297695408568,
      0.007689295556746716,
      0.007251910693029588,
      0.007928303218874826,
      0.010528298262630376,
      0.011048035238658074,
      0.013419308202796057,
      0.01456567322467033,
      0.012196828478459687,
      0.012225419480760004,
      0.012076378669335319,
      0.012382143134351995,
      0.014086960045165981,
      0.01209830953618376,
      0.012800912346503334,
      0.012686217499908928,
      0.01623973866455397,
      0.01468634983415797,
      0.015924228622118182,
      0.011650191002779212,
      0.005835450512194858,
      0.007017419796297588,
      0.005664603273778116,
      0.004884381750618468,
      0.005140512001093884,
      0.004853463289305406,
      0.0045366459918729975,
      0.004535387834898661,
      0.004423426418072762,
      0.004554740541991216,
      0.004344731204620991
    ],