{
  "overall": {
    "n_prompts": 2936,
    "mean_divergence_step": 3.8975628332063974,
    "pipeline_a_mean_length": 270.19311989100817,
    "pipeline_b_mean_length": 238.41450953678475,
    "pipeline_a_mean_structural_ratio_tier1_proxy": 0.2412509290133827,
    "pipeline_b_mean_structural_ratio_tier1_proxy": 0.20792840222722492
  },
  "per_category": {
    "": {
      "n_prompts": 2936,
      "mean_divergence_step": 3.8975628332063974,
      "pipeline_a_mean_length": 270.19311989100817,
      "pipeline_b_mean_length": 238.41450953678475
    }
  }
}