{
  "A": {
    "delta_cosine": [
      -0.048721401559678065,
      -0.029686964259349333,
      -0.029072660505508965,
      -0.035265459872523865,
      -0.03704646900233135,
      -0.07241345076151176,
      -0.11021313068347191,
      -0.11346386807835468,
      -0.1445289169610132,
      -0.18233489184929202,
      -0.1432851407743976,
      -0.1760798850287905,
      -0.1530622284276004,
      -0.1346885542582789,
      -0.07902682547489948,
      -0.0798781248405681,
      -0.08824331223502598,
      -0.07745137378270649,
      -0.03604742869821814,
      -0.039889135140206596,
      -0.033121188471397646,
      -0.008379595686029898,
      -0.006524784435721073,
      0.028077506003683077,
      0.008950558233354769,
      0.0269033874746555,
      0.022223241169474044,
      0.01394973738107594,
      0.014006450252033767,
      -0.0038033154235841806,
      0.05829794940751744,
      0.1998751727842754
    ],
    "kl_to_own_final": [
      7.506891286714925,
      7.365459572602661,
      7.258614325601721,
      7.120556035818979,
      6.917359214462165,
      6.680188884027395,
      6.422208918512297,
      6.442878039789973,
      6.552161622897007,
      6.088398510952543,
      6.009985018052748,
      6.018825480671101,
      5.8757742551216685,
      5.843920044886147,
      5.819958614013611,
      5.620275973829675,
      5.363741086326718,
      4.86261519862365,
      3.9594388384683468,
      3.8688656644544235,
      3.2380159642459465,
      1.7086476472146888,
      1.6356611137587307,
      1.4117804101288627,
      1.0825224115923833,
      1.000156451111435,
      0.8006086902519396,
      0.536401484620474,
      0.4292915665798088,
      0.2589784345234897,
      0.10536020757317976,
      0.0
    ],
    "structural_mass_prob_tier1": [
      0.006615226508479781,
      0.006907819279027551,
      0.006396595555245293,
      0.005909164482737424,
      0.006866652850346541,
      0.008493824383583213,
      0.008455988476188605,
      0.01076519853085538,
      0.010716419176599773,
      0.008850074947047872,
      0.009077489155301337,
      0.008594349877047006,
      0.009386746738817077,
      0.010712247324114523,
      0.009264404435445605,
      0.01001159796861837,
      0.010057577851244507,
      0.010734548659362042,
      0.009441072167635388,
      0.00952282542533892,
      0.0083239761282343,
      0.005024422445539642,
      0.005581461840949857,
      0.004853235121389852,
      0.004678721767910096,
      0.004831789242283184,
      0.004787982367837353,
      0.0044710282886815484,
      0.004510082779011651,
      0.004427250826879353,
      0.004528175983693403,
      0.004590679786553836
    ],
    "entropy": [
      6.475545721632966,
      6.465012644161685,
      6.325999176927077,
      6.162780807133624,
      5.918014257508097,
      5.714176269851306,
      5.5270331690036825,
      5.4759854300062205,
      5.608403851654973,
      5.257712401897019,
      5.335183084509549,
      5.241263307092052,
      5.021471562930031,
      5.020355173396196,
      5.0328742539732545,
      4.958265204281782,
      4.724878488391252,
      4.305055345388329,
      3.670323587161726,
      3.649705241676084,
      3.2702641672337065,
      2.1211554535761334,
      2.187244096304738,
      2.0668221725078446,
      1.7166144357122834,
      1.7133315890510425,
      1.526089378659799,
      1.1855083681049028,
      1.1101366950288223,
      0.9391424335363504,
      0.8310717306277109,
      0.8510862149769514
    ]
  },
  "B": {
    "delta_cosine": [
      -0.0511020932102806,
      -0.0356243119559055,
      -0.03625345521489573,
      -0.042559919798661666,
      -0.04271644644224145,
      -0.07812399864045932,
      -0.11467998012053426,
      -0.1147649637715711,
      -0.14941576650421623,
      -0.18429556700345584,
      -0.14396959484912186,
      -0.17395664527696317,
      -0.1533309740293762,
      -0.1364529808147212,
      -0.07977186507838023,
      -0.07774024099479757,
      -0.0843921100842681,
      -0.07553308134457766,
      -0.03302641582185407,
      -0.039797616471473944,
      -0.034016793685379014,
      -0.012474996717198693,
      -0.008350575619424701,
      0.024482600666687032,
      0.009192725989968106,
      0.028810745946046473,
      0.021698110712262915,
      0.016799324465900056,
      0.014363613119737969,
      -0.007721891732762978,
      0.022251184481289626,
      0.08276240257145928
    ],
    "kl_to_own_final": [
      9.588819738405704,
      9.438877938277129,
      9.298457450084063,
      9.172135795875262,
      8.907142571657529,
      8.671058508905746,
      8.36194902038281,
      8.386733826777927,
      8.489547620473488,
      8.05243337492217,
      7.916411492467049,
      7.918521908550912,
      7.7809335329511145,
      7.7171959444753,
      7.649144260378039,
      7.383876041250742,
      7.086700971975732,
      6.538371805285999,
      5.454782159931819,
      5.3595785875288895,
      4.468878352920699,
      2.525196701349189,
      2.3889309234055687,
      1.9804877660395281,
      1.5064144698866542,
      1.3644479299908925,
      1.065787622957062,
      0.6657978933851684,
      0.5483956478085998,
      0.3311381616941336,
      0.12916108307695692,
      0.0
    ],
    "structural_mass_prob_tier1": [
      0.006359004835827396,
      0.006715726693958089,
      0.0060149566398994886,
      0.005673230539347776,
      0.006528956948291756,
      0.008289478993984236,
      0.008388601725563277,
      0.010817049865988165,
      0.010895265867033467,
      0.009319140276681473,
      0.009712034274484652,
      0.00900316453949593,
      0.010027618309916476,
      0.011489559626852311,
      0.00983344505111437,
      0.01048547284175822,
      0.010383141890718876,
      0.010687785655287541,
      0.009366376513473924,
      0.009479104010047278,
      0.008428713501247246,
      0.004480900148779263,
      0.005085325786840674,
      0.004350818526135003,
      0.004240487055530319,
      0.004451274758949287,
      0.004194161049149305,
      0.0037881246341394796,
      0.003841712690964366,
      0.003626687497244151,
      0.0036970368335609606,
      0.0036491912587192383
    ],
    "entropy": [
      6.586098673350698,
      6.536189207281119,
      6.385436192628629,
      6.271330927271721,
      6.002718015864499,
      5.87073956090695,
      5.726485845472619,
      5.671646894110237,
      5.796103681559555,
      5.568432348803431,
      5.638316863907051,
      5.517284778225737,
      5.2860879007284,
      5.268981080043479,
      5.259671888088436,
      5.1824635725671016,
      4.980401481890509,
      4.590285257730027,
      3.978853022062764,
      3.9515912091279666,
      3.506181573586404,
      2.4528937622101474,
      2.461775970469745,
      2.2530710056477616,
      1.838161223725068,
      1.7648673823372747,
      1.519669522767526,
      1.1827113690072986,
      1.1025383111111189,
      0.8680578392841847,
      0.6830997134879322,
      0.6548807851862134
    ],
    "cross_kl": [
      2.9363904193319623,
      2.7787499063469583,
      2.7274247868641597,
      2.7198695056317486,
      2.8018150306480014,
      2.9881422943699745,
      3.3749757677322174,
      3.301246262512291,
      3.1996402072263557,
      3.7899107948829847,
      3.9185151044169486,
      3.8837168421656685,
      4.072497760162124,
      4.067138868007469,
      4.248913372801311,
      4.425644007857858,
      4.811513739243152,
      5.424073994245212,
      6.358574393073078,
      6.412557452740302,
      6.756541798397472,
      8.890760864141063,
      8.575689067977185,
      8.774248310635011,
      8.865702818453101,
      8.810814871771315,
      8.879794164596563,
      9.858085799555298,
      9.787488683246517,
      10.48042125539982,
      10.461755547269073,
      10.30680461780708
    ],