{
  "n_prompts": 1400,
  "intrinsic_dim": [
    8.289043408399197,
    9.015856296730346,
    9.531394720130432,
    9.734251604147861,
    9.494464706224132,
    9.300907146592033,
    8.942714487331727,
    8.718700757445477,
    8.61750596204367,
    8.29621961832963,
    8.227865806533721,
    8.190604174403218,
    8.513643706803615,
    8.536070987287347,
    8.32744700766488,
    8.589149933725118,
    8.45780331509264,
    8.690610722451193,
    8.68901474859065,
    8.663156713737335,
    8.474013344798964,
    8.395202193776194,
    8.458823867348407,
    8.422406363173847,
    8.130992800211684,
    8.108267656279889,
    8.128165485785937,
    7.812720390204436,
    7.685063889222172,
    7.528042364894884,
    7.428366414400521,
    7.5050645078812845
  ],
  "intrinsic_dim_ci_low": [
    7.485267536970943,
    8.290001506802795,
    8.69636372796546,
    8.875200800387175,
    8.788382152544278,
    8.545417034955499,
    8.26581972707129,
    8.182151220596845,
    7.986865231471033,
    7.7404794812914535,
    7.478488759423411,
    7.522710201278172,
    7.927442663114114,
    7.97287898003739,
    7.649790999323304,
    8.047959332101279,
    7.78806910323331,
    7.941037243408301,
    8.051574997415727,
    8.062199047104297,
    7.974362923422675,
    7.902036498613776,
    7.9141471551094185,
    7.941974284423162,
    7.6011427510348595,
    7.62800294570645,
    7.675920338181778,
    7.345803654945344,
    7.227284568471649,
    6.939921031679975,
    7.0134247356178765,
    7.030338580752277
  ],
  "intrinsic_dim_ci_high": [
    9.057723472252993,
    9.703306755205222,
    10.217253834705707,
    10.462399923862543,
    10.718292731697515,
    10.219101500540598,
    9.980072354366396,
    9.642700815652347,
    9.502258303329416,
    9.14938118015373,
    8.99658950909802,
    9.193719648463816,
    9.110127806851674,
    9.224375653816022,
    9.066381789981987,
    9.194241300598739,
    9.275537137270783,
    9.193137562011675,
    9.291256161575959,
    9.360479923539454,
    9.274331582728486,
    9.196027587849057,
    9.144172358638647,
    9.206345745260956,
    8.848778989971262,
    9.086980796574906,
    8.923415051820447,
    8.698962887497016,
    8.865636011280197,
    8.644308167602505,
    8.359339524844072,
    8.767902880949574
  ],
  "model": "llama31_8b",
  "variant": "it",
  "n_layers": 32
}