{
  "residuals_npz": "/root/results/cross_model_runs/l8_eval_20260414_v2_llama31_8b/llama31_8b/it/L8_residuals.npz",
  "n_prompts_used": 1400,
  "metrics": {
    "participation_ratio": [
      3.7151948111274873,
      3.9911860002211896,
      4.59237822943027,
      5.586193050834906,
      7.3921708852547825,
      7.269774475547339,
      8.454043484567844,
      9.060757976194244,
      9.570459412109393,
      9.473176202816985,
      9.727041133085452,
      9.746375912746002,
      9.462743739330215,
      10.864606220880534,
      12.332098939028043,
      14.443635139984934,
      15.538849902034764,
      17.261439340054935,
      17.898088278047222,
      17.931357353214725,
      18.51864082670198,
      20.04524114364572,
      20.89697914502787,
      20.838003248496186,
      21.558718244775235,
      22.786686424129527,
      23.58558264924167,
      25.06833564927088,
      28.21467674081018,
      29.372244518370294,
      33.422020740258446,
      36.79427272824517
    ],
    "effective_rank": [
      8.40420646242733,
      10.127381794943323,
      11.93560583891283,
      16.448195932210147,
      23.14666579155323,
      21.835869548390473,
      25.93432466869057,
      28.92456795501386,
      32.064137965222336,
      33.233335818000384,
      36.11722658587868,
      36.17949205156944,
      35.76554843618082,
      43.02862463071327,
      49.556664572455816,
      57.76096503790481,
      61.8928449150728,
      68.98109363504015,
      72.07829620267519,
      72.89556739479292,
      75.2454079502704,
      82.75510657300697,
      88.20134820552241,
      90.66186539969081,
      97.90733729288014,
      104.91596534025035,
      110.87172818320265,
      120.61895115526649,
      137.33658765849367,
      146.08052843022872,
      163.94722575090978,
      160.99477530019664
    ],
    "pc1_ratio": [
      0.46252130460317625,
      0.45251711855555465,
      0.3950061240997133,
      0.344568859281204,
      0.2848331332285226,
      0.28762775023199333,
      0.25372193693458606,
      0.23989829012760852,
      0.23674559521630884,
      0.2552755469303114,
      0.2586059322182741,
      0.2606068188247839,
      0.2695074936219836,
      0.24449038365488204,
      0.22581103634923033,
      0.20253678130969333,
      0.1899639912327993,
      0.1753377539266924,
      0.17370779734765432,
      0.17331056433338204,
      0.16589916415419984,
      0.15628277871816634,
      0.15245392672383037,
      0.151793721643911,
      0.1501694830674611,
      0.14546951241284678,
      0.142801398200639,
      0.13843903351855913,
      0.1284548813244873,
      0.12400517816339632,
      0.11129597240877985,
      0.10496560819964958
    ],
    "pc5_ratio": [
      0.8376456881634018,
      0.8063325089479512,
      0.787400641460157,
      0.7340515966973931,
      0.6669279318105349,
      0.6831045200091038,
      0.6519883838515879,
      0.6288087104168053,
      0.6125548837645316,
      0.5970357471262375,
      0.5889933264903878,
      0.5931817652157494,
      0.603218076043949,
      0.5711241496556196,
      0.5423437668077056,
      0.5099554528317981,
      0.4950379741182949,
      0.47168749431895457,
      0.4600883886119271,
      0.4581447897846329,
      0.45497582768053796,
      0.43795879240773755,
      0.4277035657113838,
      0.42789899654768443,
      0.4191853568937186,
      0.4075944506877467,
      0.3989567443066093,
      0.3860362333948556,
      0.36405986043955957,
      0.35614069047938274,
      0.33465579604465884,
      0.31330581563513343
    ],
    "pc10_ratio": [
      0.9006938918583308,
      0.8769026835301252,
      0.8583473317344036,
      0.8170170895394415,
      0.7708851794736213,
      0.7842473671448932,
      0.7598857830194663,
      0.7388539100032951,
      0.7171709427365109,
      0.6967159732820208,
      0.6817846124865917,
      0.6855694397018022,
      0.6902791879804013,
      0.6610488500374596,
      0.6341091546748124,
      0.6051432616421382,
      0.5951050207013774,
      0.5745501296923345,
      0.5654382116683861,
      0.5638095199070059,
      0.5583797552009031,
      0.5406904306435414,
      0.5309066739746049,
      0.5269025791192238,
      0.51237108905025,
      0.5008082208591902,
      0.49138655565283224,
      0.4758169059374717,
      0.45226783240264823,
      0.44028874352577246,
      0.4173156328260586,
      0.41139580994816616
    ]
  },
  "summary": {
    "late_start_layer": 25,
    "participation_ratio_last": 36.79427272824517,
    "participation_ratio_late_mean": 28.463402778618022,
    "effective_rank_last": 160.99477530019664,
    "effective_rank_late_mean": 134.96653740264975,
    "pc1_ratio_last": 0.10496560819964958,
    "pc1_ratio_late_mean": 0.12791879774690829,
    "pc5_ratio_last": 0.31330581563513343,
    "pc5_ratio_late_mean": 0.36582137014113514,
    "pc10_ratio_last": 0.41139580994816616,
    "pc10_ratio_late_mean": 0.45561138587887706
  }
}