{
  "n_prompts": 600,
  "max_new_tokens_asserted": 512,
  "n_at_cap": 176,
  "fraction_at_cap": 0.29333333333333333,
  "mean_teacher_length": 188.26166666666666,
  "median_teacher_length": 65.5,
  "max_teacher_length": 512
}