{
  "A1_alpha_-0.5": {
    "condition": "A1_alpha_-0.5",
    "alpha": -0.5,
    "mean_commitment": 27.103725687557358,
    "median_commitment": 29.0,
    "std_commitment": 4.456590114705809,
    "n_tokens": 270232,
    "n_layers": 32,
    "skip_first_n": 5
  },
  "A1_alpha_-2": {
    "condition": "A1_alpha_-2",
    "alpha": -2.0,
    "mean_commitment": 27.178849173431296,
    "median_commitment": 29.0,
    "std_commitment": 4.431866487940448,
    "n_tokens": 270032,
    "n_layers": 32,
    "skip_first_n": 5
  },
  "A1_alpha_-5": {
    "condition": "A1_alpha_-5",
    "alpha": -5.0,
    "mean_commitment": 29.328890111333706,
    "median_commitment": 31.0,
    "std_commitment": 3.360335808674887,
    "n_tokens": 243592,
    "n_layers": 32,
    "skip_first_n": 5
  },
  "A1_alpha_0.25": {
    "condition": "A1_alpha_0.25",
    "alpha": 0.25,
    "mean_commitment": 27.16671228215522,
    "median_commitment": 29.0,
    "std_commitment": 4.405226601071563,
    "n_tokens": 270376,
    "n_layers": 32,
    "skip_first_n": 5
  },
  "A1_alpha_0.75": {
    "condition": "A1_alpha_0.75",
    "alpha": 0.75,
    "mean_commitment": 27.26646881854289,
    "median_commitment": 29.0,
    "std_commitment": 4.351542997962752,
    "n_tokens": 269904,
    "n_layers": 32,
    "skip_first_n": 5
  },
  "A1_alpha_1.5": {
    "condition": "A1_alpha_1.5",
    "alpha": 1.5,
    "mean_commitment": 27.430395099912065,
    "median_commitment": 29.0,
    "std_commitment": 4.272005322075467,
    "n_tokens": 263832,
    "n_layers": 32,
    "skip_first_n": 5
  },
  "A1_alpha_3": {
    "condition": "A1_alpha_3",
    "alpha": 3.0,
    "mean_commitment": 26.241029984753514,
    "median_commitment": 28.0,
    "std_commitment": 4.716406256738584,
    "n_tokens": 236120,
    "n_layers": 32,
    "skip_first_n": 5
  },
  "A1_baseline": {
    "condition": "A1_baseline",
    "alpha": 1.0,
    "mean_commitment": 27.299919996411052,
    "median_commitment": 29.0,
    "std_commitment": 4.326844084089166,
    "n_tokens": 267488,
    "n_layers": 32,
    "skip_first_n": 5
  },
  "A1_ctrl_random_b1": {
    "condition": "A1_ctrl_random_b1",
    "alpha": 1.0,
    "mean_commitment": 26.9362209439877,
    "median_commitment": 29.0,
    "std_commitment": 4.75611530556465,
    "n_tokens": 270512,
    "n_layers": 32,
    "skip_first_n": 5
  },
  "A1_alpha_-1": {
    "condition": "A1_alpha_-1",
    "alpha": -1.0,
    "mean_commitment": 27.100461098940137,
    "median_commitment": 29.0,
    "std_commitment": 4.449720166152062,
    "n_tokens": 270224,
    "n_layers": 32,
    "skip_first_n": 5
  },
  "A1_alpha_-3": {
    "condition": "A1_alpha_-3",
    "alpha": -3.0,
    "mean_commitment": 27.391950468976535,
    "median_commitment": 29.0,
    "std_commitment": 4.322753508018648,
    "n_tokens": 270376,
    "n_layers": 32,
    "skip_first_n": 5
  },
  "A1_alpha_0.5": {
    "condition": "A1_alpha_0.5",
    "alpha": 0.5,
    "mean_commitment": 27.218348228866653,
    "median_commitment": 29.0,
    "std_commitment": 4.377936707082097,
    "n_tokens": 269432,
    "n_layers": 32,
    "skip_first_n": 5
  },
  "A1_alpha_0": {
    "condition": "A1_alpha_0",
    "alpha": 0.0,
    "mean_commitment": 27.12565435348397,
    "median_commitment": 29.0,
    "std_commitment": 4.439502965854296,
    "n_tokens": 270496,
    "n_layers": 32,
    "skip_first_n": 5
  },
  "A1_alpha_1": {
    "condition": "A1_alpha_1",
    "alpha": 1.0,
    "mean_commitment": 27.299919996411052,
    "median_commitment": 29.0,
    "std_commitment": 4.326844084089166,
    "n_tokens": 267488,
    "n_layers": 32,
    "skip_first_n": 5
  },
  "A1_alpha_2": {
    "condition": "A1_alpha_2",
    "alpha": 2.0,
    "mean_commitment": 27.374757712808915,
    "median_commitment": 29.0,
    "std_commitment": 4.324720186805614,
    "n_tokens": 247640,
    "n_layers": 32,
    "skip_first_n": 5
  },
  "A1_ctrl_random_b0": {
    "condition": "A1_ctrl_random_b0",
    "alpha": 1.0,
    "mean_commitment": 27.299919996411052,
    "median_commitment": 29.0,
    "std_commitment": 4.326844084089166,
    "n_tokens": 267488,
    "n_layers": 32,
    "skip_first_n": 5
  },
  "A1_ctrl_random_b3": {
    "condition": "A1_ctrl_random_b3",
    "alpha": 1.0,
    "mean_commitment": 26.710552282768777,
    "median_commitment": 26.0,
    "std_commitment": 1.5840740863937008,
    "n_tokens": 271600,
    "n_layers": 32,
    "skip_first_n": 5
  }
}