{
  "model": "mistral_7b",
  "n_prompts": 200,
  "profiles": {
    "1.0": {
      "alpha": 1.0,
      "id_twonn": [
        3.2136848429582368,
        4.381903394276809,
        5.79300874691854,
        6.119630772562511,
        6.747290579803479,
        7.019120011292082,
        7.689337193289646,
        7.904798536128393,
        8.097033574948792,
        8.952196157612674,
        9.326444604825602,
        10.340260329146545,
        10.443535599671021,
        10.381964552546505,
        9.94742325125736,
        9.91390424649548,
        9.269086764024404,
        9.774682236482649,
        9.21923512200549,
        8.827962974185343,
        8.497491020013566,
        8.331248434081262,
        8.441409302920281,
        8.575750934976943,
        8.39399113611979,
        8.645312184292319,
        8.285914346225029,
        9.066608017980316,
        9.1004861343729,
        8.411309055744885,
        8.635662180488225,
        8.740054886662
      ],
      "n_tokens": 5000,
      "n_layers": 32
    },
    "0.0": {
      "alpha": 0.0,
      "id_twonn": [
        3.4508503001894004,
        4.567135770033622,
        6.333185110793768,
        7.16844038783389,
        7.171133506440063,
        7.436446135569855,
        8.010778424643169,
        8.794843657628594,
        9.123992374353024,
        9.08473223395693,
        10.305955795639655,
        10.900583525155147,
        10.799589366272201,
        11.139485695114825,
        10.504980447858573,
        10.345133153077644,
        9.674188590331166,
        9.884824618429855,
        10.092813993061451,
        9.18268623997369,
        9.279877546802144,
        9.118370467214667,
        9.104854459174696,
        9.017412067796403,
        9.304152177230332,
        9.267431303640608,
        9.137362661725739,
        9.533248507025204,
        9.845313377082883,
        9.609279059482498,
        9.775753818045075,
        9.582197652924126
      ],
      "n_tokens": 5000,
      "n_layers": 32
    },
    "-1.0": {
      "alpha": -1.0,
      "id_twonn": [
        3.573616542034846,
        5.565999399422045,
        6.542963632782125,
        7.507760622878407,
        7.767696246190446,
        8.237339364425663,
        8.703674072649404,
        8.851074218091991,
        9.524140302043183,
        9.473464762434874,
        10.139064906281359,
        10.164319241193807,
        10.976014129875034,
        11.685909455122369,
        10.644180284145486,
        10.635997827465,
        10.061911110222933,
        10.30237892221916,
        9.355791186480891,
        9.373932187919705,
        9.269865595168339,
        8.615449188039802,
        9.670081372529168,
        9.480569205773437,
        9.293801121294749,
        9.848467232405909,
        9.364113662307355,
        9.800980823348926,
        10.415220521878094,
        9.635995252709836,
        9.179353094832042,
        9.797060899314857
      ],
      "n_tokens": 5000,
      "n_layers": 32
    }
  }
}