{
  "model": "qwen3_4b",
  "n_records": 200,
  "n_resamples": 100,
  "corrective_layers": [
    22,
    23,
    24,
    25,
    26,
    27,
    28,
    29,
    30,
    31,
    32,
    33,
    34,
    35
  ],
  "per_layer": {
    "22": {
      "bootstrap_vs_full_cosines": {
        "mean": 0.8075586557388306,
        "std": 0.041304539889097214,
        "min": 0.704156219959259,
        "p5": 0.7406032264232636,
        "p95": 0.8711617678403855
      },
      "pairwise_cosines": {
        "mean": 0.9659305214881897,
        "std": 0.013184545561671257,
        "min": 0.8821971416473389,
        "p5": 0.9400209367275238,
        "p95": 0.9812083303928375
      }
    },
    "23": {
      "bootstrap_vs_full_cosines": {
        "mean": 0.817497730255127,
        "std": 0.03458551689982414,
        "min": 0.7160064578056335,
        "p5": 0.7516309350728989,
        "p95": 0.8729329824447631
      },
      "pairwise_cosines": {
        "mean": 0.962855339050293,
        "std": 0.012056080624461174,
        "min": 0.8857322335243225,
        "p5": 0.9402528405189514,
        "p95": 0.9783395528793335
      }
    },
    "24": {
      "bootstrap_vs_full_cosines": {
        "mean": 0.8655180931091309,
        "std": 0.026463396847248077,
        "min": 0.7905519604682922,
        "p5": 0.8225960224866867,
        "p95": 0.9027988612651825
      },
      "pairwise_cosines": {
        "mean": 0.9639230370521545,
        "std": 0.011177998036146164,
        "min": 0.8960279822349548,
        "p5": 0.9425082921981811,
        "p95": 0.9783658623695374
      }
    },
    "25": {
      "bootstrap_vs_full_cosines": {
        "mean": 0.8370401263237,
        "std": 0.038886524736881256,
        "min": 0.7403949499130249,
        "p5": 0.7584204614162445,
        "p95": 0.8921740919351577
      },
      "pairwise_cosines": {
        "mean": 0.9496282935142517,
        "std": 0.019269362092018127,
        "min": 0.8352409601211548,
        "p5": 0.9131160348653793,
        "p95": 0.9714382857084274
      }
    },
    "26": {
      "bootstrap_vs_full_cosines": {
        "mean": 0.8086368441581726,
        "std": 0.042109180241823196,
        "min": 0.6506930589675903,
        "p5": 0.7424475818872451,
        "p95": 0.8631070762872696
      },
      "pairwise_cosines": {
        "mean": 0.9513366222381592,
        "std": 0.017916804179549217,
        "min": 0.8355884552001953,
        "p5": 0.9168288558721542,
        "p95": 0.9718321204185486
      }
    },
    "27": {
      "bootstrap_vs_full_cosines": {
        "mean": 0.8354320526123047,
        "std": 0.035550981760025024,
        "min": 0.7154691815376282,
        "p5": 0.7776952743530273,
        "p95": 0.8845311313867569
      },
      "pairwise_cosines": {
        "mean": 0.9487217664718628,
        "std": 0.014881291426718235,
        "min": 0.836394727230072,
        "p5": 0.9212759584188461,
        "p95": 0.9673360168933869
      }
    },
    "28": {
      "bootstrap_vs_full_cosines": {
        "mean": 0.8363630175590515,
        "std": 0.0317002534866333,
        "min": 0.7215976715087891,
        "p5": 0.7836621850728989,
        "p95": 0.8817842423915863
      },
      "pairwise_cosines": {
        "mean": 0.947317898273468,
        "std": 0.014104347676038742,
        "min": 0.8571156859397888,
        "p5": 0.921193876862526,
        "p95": 0.9652028471231461
      }
    },
    "29": {
      "bootstrap_vs_full_cosines": {
        "mean": 0.8491398096084595,
        "std": 0.02525048702955246,
        "min": 0.7479040026664734,
        "p5": 0.8044082134962082,
        "p95": 0.8857650041580201
      },
      "pairwise_cosines": {
        "mean": 0.9500172734260559,
        "std": 0.01251079048961401,
        "min": 0.8900054693222046,
        "p5": 0.9268238723278046,
        "p95": 0.9667104423046112
      }
    },
    "30": {
      "bootstrap_vs_full_cosines": {
        "mean": 0.849610447883606,
        "std": 0.03501053526997566,
        "min": 0.7437999248504639,
        "p5": 0.7827116310596466,
        "p95": 0.9016189247369766
      },
      "pairwise_cosines": {
        "mean": 0.9491862058639526,
        "std": 0.017837924882769585,
        "min": 0.8034266233444214,
        "p5": 0.9151697307825089,
        "p95": 0.9694221168756485
      }
    },
    "31": {
      "bootstrap_vs_full_cosines": {
        "mean": 0.8597946763038635,
        "std": 0.027598673477768898,
        "min": 0.7701844573020935,
        "p5": 0.8125679343938828,
        "p95": 0.9012464195489883
      },
      "pairwise_cosines": {
        "mean": 0.9593656063079834,
        "std": 0.01074791606515646,
        "min": 0.8943538665771484,
        "p5": 0.9390061646699905,
        "p95": 0.9734724879264831
      }
    },
    "32": {
      "bootstrap_vs_full_cosines": {
        "mean": 0.8935971856117249,
        "std": 0.022494951263070107,
        "min": 0.839891791343689,
        "p5": 0.8588978230953217,
        "p95": 0.9325411289930343
      },
      "pairwise_cosines": {
        "mean": 0.9705553650856018,
        "std": 0.00871738325804472,
        "min": 0.9282504320144653,
        "p5": 0.9540564060211182,
        "p95": 0.9820656895637512
      }
    },
    "33": {
      "bootstrap_vs_full_cosines": {
        "mean": 0.9378297328948975,
        "std": 0.011957134120166302,
        "min": 0.909127414226532,
        "p5": 0.9151992321014404,
        "p95": 0.9551228404045105
      },
      "pairwise_cosines": {
        "mean": 0.981742799282074,
        "std": 0.006091048009693623,
        "min": 0.946135401725769,
        "p5": 0.970049512386322,
        "p95": 0.9894049078226089
      }
    },
    "34": {
      "bootstrap_vs_full_cosines": {
        "mean": 0.9795984029769897,
        "std": 0.004255007021129131,
        "min": 0.9651256203651428,
        "p5": 0.9713058292865753,
        "p95": 0.9843812435865402
      },
      "pairwise_cosines": {
        "mean": 0.9948200583457947,
        "std": 0.0025521868374198675,
        "min": 0.9727327823638916,
        "p5": 0.9898393809795379,
        "p95": 0.9974926531314849
      }
    },
    "35": {
      "bootstrap_vs_full_cosines": {
        "mean": 0.993140459060669,
        "std": 0.0018942583119496703,
        "min": 0.9867364168167114,
        "p5": 0.9896050602197647,
        "p95": 0.9959134340286255
      },
      "pairwise_cosines": {
        "mean": 0.999437153339386,
        "std": 0.0004559671797323972,
        "min": 0.9961216449737549,
        "p5": 0.9984895884990692,
        "p95": 0.9998465031385422
      }
    }
  },
  "summary": {
    "mean_bootstrap_vs_full": 0.8693398024354663,
    "mean_pairwise": 0.9639169956956591,
    "min_pairwise": 0.8034266233444214,
    "stable": true
  }
}