{
  "model": "qwen3_4b",
  "corrective_layers": [
    22,
    23,
    24,
    25,
    26,
    27,
    28,
    29,
    30,
    31,
    32,
    33,
    34,
    35
  ],
  "n_records": 200,
  "per_layer_pca": {
    "22": {
      "variance_explained": [
        0.244568333029747,
        0.15114077925682068,
        0.09006994217634201,
        0.04095138981938362,
        0.0302056223154068,
        0.025870369747281075,
        0.023716216906905174,
        0.020981356501579285,
        0.018623529002070427,
        0.015213847160339355
      ],
      "cumulative_variance": [
        0.244568333029747,
        0.3957090973854065,
        0.4857790470123291,
        0.5267304182052612,
        0.5569360256195068,
        0.582806408405304,
        0.6065226197242737,
        0.6275039911270142,
        0.6461275219917297,
        0.6613413691520691
      ],
      "singular_values": [
        82.55882263183594,
        64.90142059326172,
        50.10179901123047,
        33.782958984375,
        29.01397705078125,
        26.851261138916016,
        25.70905303955078,
        24.18132781982422,
        22.78213119506836,
        20.591259002685547
      ],
      "total_variance": 27869.34375,
      "pc1_variance_ratio": 0.244568333029747,
      "n_records": 200,
      "d_model": 2560,
      "rank_1_justified": false
    },
    "23": {
      "variance_explained": [
        0.17836977541446686,
        0.1482803076505661,
        0.09737284481525421,
        0.044937312602996826,
        0.03802400082349777,
        0.029510995373129845,
        0.025313345715403557,
        0.02050366997718811,
        0.020083699375391006,
        0.015484476462006569
      ],
      "cumulative_variance": [
        0.17836977541446686,
        0.32665008306503296,
        0.424022912979126,
        0.4689602255821228,
        0.5069842338562012,
        0.5364952087402344,
        0.5618085265159607,
        0.5823122262954712,
        0.6023959517478943,
        0.6178804039955139
      ],
      "singular_values": [
        77.15493774414062,
        70.34687805175781,
        57.00619125366211,
        38.726356506347656,
        35.62312316894531,
        31.383041381835938,
        29.06550407409668,
        26.158864974975586,
        25.889575958251953,
        22.732717514038086
      ],
      "total_variance": 33373.83984375,
      "pc1_variance_ratio": 0.17836977541446686,
      "n_records": 200,
      "d_model": 2560,
      "rank_1_justified": false
    },
    "24": {
      "variance_explained": [
        0.14757539331912994,
        0.1368444263935089,
        0.08326704055070877,
        0.047409914433956146,
        0.04203244298696518,
        0.03701472282409668,
        0.03110579028725624,
        0.02412080019712448,
        0.017963528633117676,
        0.015409025363624096
      ],
      "cumulative_variance": [
        0.14757539331912994,
        0.28441983461380005,
        0.3676868677139282,
        0.41509678959846497,
        0.45712924003601074,
        0.4941439628601074,
        0.5252497792243958,
        0.5493705868721008,
        0.5673341155052185,
        0.5827431678771973
      ],
      "singular_values": [
        76.6887435913086,
        73.84790802001953,
        57.60513687133789,
        43.466957092285156,
        40.92766571044922,
        38.407135009765625,
        35.208316802978516,
        31.00419807434082,
        26.755956649780273,
        24.780624389648438
      ],
      "total_variance": 39851.92578125,
      "pc1_variance_ratio": 0.14757539331912994,
      "n_records": 200,
      "d_model": 2560,
      "rank_1_justified": false
    },
    "25": {
      "variance_explained": [
        0.16323399543762207,
        0.11015703529119492,
        0.08371511846780777,
        0.04496205598115921,
        0.04173023998737335,
        0.036771949380636215,
        0.0308911744505167,
        0.024735601618885994,
        0.019903119653463364,
        0.016116930171847343
      ],
      "cumulative_variance": [
        0.16323399543762207,
        0.2733910381793976,
        0.35710614919662476,
        0.40206819772720337,
        0.4437984228134155,
        0.48057037591934204,
        0.5114615559577942,
        0.5361971855163574,
        0.5561003088951111,
        0.5722172260284424
      ],
      "singular_values": [
        79.5710220336914,
        65.3665771484375,
        56.983821868896484,
        41.76117706298828,
        40.23231887817383,
        37.766605377197266,
        34.61520004272461,
        30.97496795654297,
        27.784988403320312,
        25.0029239654541
      ],
      "total_variance": 38788.16796875,
      "pc1_variance_ratio": 0.16323399543762207,
      "n_records": 200,
      "d_model": 2560,
      "rank_1_justified": false
    },
    "26": {
      "variance_explained": [
        0.16921402513980865,
        0.1483258306980133,
        0.05860966444015503,
        0.037671227008104324,
        0.0302942655980587,
        0.02631228417158127,
        0.02527795173227787,
        0.021296948194503784,
        0.01938580349087715,
        0.015553942881524563
      ],
      "cumulative_variance": [
        0.16921402513980865,
        0.31753987073898315,
        0.3761495351791382,
        0.4138207733631134,
        0.4441150426864624,
        0.47042733430862427,
        0.4957052767276764,
        0.5170022249221802,
        0.5363880395889282,
        0.551941990852356
      ],
      "singular_values": [
        84.44705963134766,
        79.06326293945312,
        49.699378967285156,
        39.84476089477539,
        35.73111343383789,
        33.300106048583984,
        32.639034271240234,
        29.958843231201172,
        28.58302879333496,
        25.60274887084961
      ],
      "total_variance": 42143.703125,
      "pc1_variance_ratio": 0.16921402513980865,
      "n_records": 200,
      "d_model": 2560,
      "rank_1_justified": false
    },
    "27": {
      "variance_explained": [
        0.1472705453634262,
        0.08653281629085541,
        0.07512079924345016,
        0.04051866754889488,
        0.03929563984274864,
        0.030959030613303185,
        0.026008240878582,
        0.025171451270580292,
        0.01976918615400791,
        0.01646195724606514
      ],
      "cumulative_variance": [
        0.1472705453634262,
        0.23380336165428162,
        0.3089241683483124,
        0.34944283962249756,
        0.3887384831905365,
        0.41969752311706543,
        0.445705771446228,
        0.4708772301673889,
        0.4906464219093323,
        0.5071083903312683
      ],
      "singular_values": [
        88.34009552001953,
        67.71585083007812,
        63.092830657958984,
        46.33695602416992,
        45.63227462768555,
        40.503597259521484,
        37.124053955078125,
        36.52195739746094,
        32.36639404296875,
        29.535249710083008
      ],
      "total_variance": 52990.72265625,
      "pc1_variance_ratio": 0.1472705453634262,
      "n_records": 200,
      "d_model": 2560,
      "rank_1_justified": false
    },
    "28": {
      "variance_explained": [
        0.12033785879611969,
        0.1170070469379425,
        0.07855990529060364,
        0.03751504421234131,
        0.03192993625998497,
        0.02673204429447651,
        0.02480967715382576,
        0.021816464141011238,
        0.017344601452350616,
        0.01661011576652527
      ],
      "cumulative_variance": [
        0.12033785879611969,
        0.2373449057340622,
        0.31590479612350464,
        0.35341984033584595,
        0.3853497803211212,
        0.41208183765411377,
        0.4368915259838104,
        0.4587079882621765,
        0.47605258226394653,
        0.4926626980304718
      ],