prompt_category,metric,estimate,ci95_low,ci95_high,n_records,n_prompt_clusters
GOV-CONV,interaction,1.1097916666666667,0.97915625,1.2452135416666665,300,300
GOV-CONV,late_given_pt,0.4525,0.3551666666666667,0.5583385416666666,300,300
GOV-CONV,late_given_it,1.5622916666666666,1.414375,1.7173020833333332,300,300
GOV-FORMAT,interaction,1.8485416666666667,1.3637395833333334,2.444463541666666,150,150
GOV-FORMAT,late_given_pt,1.7783333333333333,1.3791666666666667,2.1687604166666667,150,150
GOV-FORMAT,late_given_it,3.626875,3.0899479166666666,4.278369791666666,150,150
SAFETY,interaction,1.1377936241610738,0.7965027265100671,1.5319158976510066,149,149
SAFETY,late_given_pt,1.4630872483221478,1.2008808724832214,1.7282403523489929,149,149
SAFETY,late_given_it,2.6008808724832213,2.170249580536913,3.0766568791946303,149,149
