{
  "summary": {
    "mode": "reverse_governance",
    "cosine_matched_vs_canonical_mean_corrective": -0.5888754225305851,
    "cosine_matched_vs_canonical_min_corrective": -0.9538270159177742,
    "cosine_by_group": {
      "early": {
        "mean": -0.6545611172898462,
        "min": -0.9191771384221549,
        "std": 0.25033905025022546
      },
      "mid": {
        "mean": -0.4472681104491629,
        "min": -0.7744936512617392,
        "std": 0.30100739487193184
      },
      "corrective": {
        "mean": -0.5888754225305851,
        "min": -0.9538270159177742,
        "std": 0.545763274742707
      }
    },
    "corrective_vs_early_drop": -0.06568569475926112,
    "corrective_drop_flag": "MINIMAL: cosine stable across layers \u2014 token confound is not layer-specific",
    "n_matched_records": 600
  },
  "per_layer": {
    "1": {
      "cosine_matched_vs_canonical": -0.4920803634338026
    },
    "2": {
      "cosine_matched_vs_canonical": -0.9191771384221549
    },
    "3": {
      "cosine_matched_vs_canonical": -0.8032645501589081
    },
    "4": {
      "cosine_matched_vs_canonical": -0.5906898166159508
    },
    "5": {
      "cosine_matched_vs_canonical": -0.5783324515791927
    },
    "6": {
      "cosine_matched_vs_canonical": -0.5730500094715598
    },
    "7": {
      "cosine_matched_vs_canonical": -0.8718449549073815
    },
    "8": {
      "cosine_matched_vs_canonical": -0.7816597796937764
    },
    "9": {
      "cosine_matched_vs_canonical": -0.8008323791435176
    },
    "10": {
      "cosine_matched_vs_canonical": -0.8035197605530151
    },
    "11": {
      "cosine_matched_vs_canonical": 0.014278913790950094
    },
    "12": {
      "cosine_matched_vs_canonical": -0.7744936512617392
    },
    "13": {
      "cosine_matched_vs_canonical": -0.36546891111181834
    },
    "14": {
      "cosine_matched_vs_canonical": -0.07312524016737776
    },
    "15": {
      "cosine_matched_vs_canonical": 0.11948801694427386
    },
    "16": {
      "cosine_matched_vs_canonical": -0.5740961614888648
    },
    "17": {
      "cosine_matched_vs_canonical": -0.5161720059814434
    },
    "18": {
      "cosine_matched_vs_canonical": -0.7428389328093528
    },
    "19": {
      "cosine_matched_vs_canonical": -0.6514379977169809
    },
    "20": {
      "cosine_matched_vs_canonical": -0.8421131514305988
    },
    "21": {
      "cosine_matched_vs_canonical": -0.8406791856113505
    },
    "22": {
      "cosine_matched_vs_canonical": -0.4562381538200969
    },
    "23": {
      "cosine_matched_vs_canonical": -0.860446855527838
    },
    "24": {
      "cosine_matched_vs_canonical": -0.884969661441195
    },
    "25": {
      "cosine_matched_vs_canonical": -0.688973630429665
    },
    "26": {
      "cosine_matched_vs_canonical": -0.9538270159177742
    },
    "27": {
      "cosine_matched_vs_canonical": 0.8091762945193948
    },
    "28": {
      "cosine_matched_vs_canonical": -0.9105742673872038
    },
    "29": {
      "cosine_matched_vs_canonical": -0.9183240923395244
    },
    "30": {
      "cosine_matched_vs_canonical": -0.9418576175329919
    },
    "31": {
      "cosine_matched_vs_canonical": 0.5473342497664466
    },
    "32": {
      "cosine_matched_vs_canonical": -0.9066150515092259
    },
    "33": {
      "cosine_matched_vs_canonical": -0.3961477767665693
    }
  }
}