{
  "n_prompts": 1400,
  "intrinsic_dim": [
    5.923541738026264,
    6.753266625055267,
    7.375134952299515,
    8.15876953095032,
    8.17849425251117,
    8.028494744385673,
    8.097852783510273,
    7.981986109459,
    8.127012538803127,
    8.221813667871709,
    8.10691799038465,
    8.295893130477806,
    8.295987735057304,
    8.308401515324613,
    8.284043803402144,
    8.313593840914594,
    8.433540775021223,
    8.541536413366797,
    8.853272887457411,
    8.95322924707681,
    9.093355637973593,
    9.379333562950237,
    9.420412126962034,
    9.691568801471114,
    9.589261714336914,
    9.34595325934212,
    9.381244422799515,
    9.16228272016336,
    8.690557560243295,
    8.513394130996323,
    8.2935240348681,
    8.275857199762473,
    8.484125128257542,
    8.844712302303947,
    8.983015665098689,
    9.24801507545065
  ],
  "intrinsic_dim_ci_low": [
    4.877703220029974,
    5.688321044074095,
    6.141763106247991,
    7.092848610850685,
    7.115644467949185,
    6.8507483154327815,
    6.779651484274446,
    7.098752784614083,
    7.2861593588352305,
    7.236771061571618,
    7.343069670943825,
    7.469087458583314,
    7.226926839526921,
    7.507461154268014,
    7.52331558601772,
    7.442790695946641,
    7.67028163620854,
    7.663668125679485,
    7.8801218986299855,
    8.060226619038197,
    8.113261061101596,
    8.370995519288064,
    8.478981236033668,
    8.75135150807683,
    8.735762060997637,
    8.541535643847787,
    8.61443187767715,
    8.38908400976788,
    8.087629097447719,
    7.921281729194804,
    7.787764142467987,
    7.783067245565028,
    8.015886759061706,
    8.319255960513406,
    8.584513962359091,
    8.720925492370995
  ],
  "intrinsic_dim_ci_high": [
    7.144654602475819,
    7.82499116167196,
    8.183417544767721,
    8.677869440369681,
    8.930445164023592,
    8.478030078104911,
    8.782021446464107,
    8.55691904669136,
    8.612216920197035,
    8.832505003920895,
    8.61882112196885,
    8.892453517515552,
    9.015593178088675,
    8.761453856671007,
    8.815993360235987,
    8.591255413048286,
    8.94300230999728,
    9.292614804047101,
    9.483102128815847,
    9.410143814639428,
    9.490981999998109,
    10.006462656644935,
    10.203144950174591,
    10.131653965229585,
    10.15781814796266,
    9.892870843024667,
    9.909408433335878,
    9.923063999615483,
    9.371706017444382,
    9.303035021700374,
    9.212228685804604,
    9.07029003576101,
    9.517547921121787,
    9.935368475845866,
    10.013358794128317,
    10.390028692918928
  ],
  "model": "qwen3_4b",
  "variant": "pt",
  "n_layers": 36
}