{
  "residuals_npz": "/root/results/cross_model_runs/l8_eval_20260414_v2_qwen3_4b/qwen3_4b/pt/L8_residuals.npz",
  "n_prompts_used": 1400,
  "metrics": {
    "participation_ratio": [
      3.0730072168821096,
      3.6735123273541794,
      5.024143531549787,
      6.254091855464627,
      7.396253227131979,
      6.898681943248839,
      6.540472942697742,
      6.098058828342721,
      6.261473312057378,
      7.17307565954053,
      7.837200192274063,
      8.537453863519064,
      8.56007572873381,
      8.2758281849188,
      8.62714654823337,
      10.301688032804615,
      11.213274593457015,
      11.508963704334572,
      11.242090535523715,
      11.579426516647354,
      11.972930239248791,
      12.700431805846858,
      12.823887409897834,
      14.500381771259551,
      16.443920263805772,
      15.827127960980217,
      17.145830202368852,
      18.22887486107803,
      19.838065815930996,
      22.196223183858965,
      23.98580547081393,
      25.31912749111383,
      27.107260655038594,
      30.084052582488034,
      32.42844369149077,
      21.143321927455577
    ],
    "effective_rank": [
      8.03458237348517,
      11.21574820786831,
      16.03466121662761,
      20.921217181130558,
      24.16517474749814,
      22.651274452709124,
      18.592667436893397,
      17.73208103443174,
      19.8913304831254,
      24.02185167093607,
      26.662014361501825,
      29.045768902275604,
      29.460020115817578,
      28.46610652961099,
      30.186539316036182,
      35.27369498462096,
      38.97393902381533,
      40.49305070974962,
      39.8421103220899,
      41.367167322731866,
      42.313893577073415,
      45.299731112546716,
      46.501826690471255,
      53.046653402199546,
      63.65383904276768,
      61.37418826500825,
      69.5701910047568,
      75.16425150231582,
      83.75402020918558,
      97.50263746000468,
      107.51556691023862,
      117.20393928901699,
      127.22801617139388,
      146.93886484399601,
      155.29526842219016,
      97.22686026485472
    ],
    "pc1_ratio": [
      0.5494497319939576,
      0.5013959573597714,
      0.41534958987809933,
      0.3631226228423053,
      0.32663458264162076,
      0.3425108330031661,
      0.320114284484679,
      0.33744609457072544,
      0.3434562616884746,
      0.32004455236496004,
      0.30783998501928395,
      0.2875086305261594,
      0.28647925911900474,
      0.2953207584854933,
      0.2867586785064908,
      0.24740480242409285,
      0.23427265461488136,
      0.22672017486456986,
      0.22580690084838625,
      0.21865663128474927,
      0.20188034561929685,
      0.1852834086385675,
      0.1869551924176078,
      0.1582692700998527,
      0.15392372364145718,
      0.1583282586207069,
      0.15299534237767712,
      0.15048167494508186,
      0.14425143723697972,
      0.1368709016458834,
      0.1359941686082661,
      0.13326298033626027,
      0.12524249375317117,
      0.11781324674666621,
      0.1105025953022199,
      0.1418723518038391
    ],
    "pc5_ratio": [
      0.8049995055941057,
      0.7567833337352602,
      0.7034370965504229,
      0.6569191831053028,
      0.6304299638153229,
      0.637796127261258,
      0.7062604320235396,
      0.7178618714891254,
      0.6937058284865385,
      0.6584124059949203,
      0.6396463118814925,
      0.6229548126759553,
      0.6218975527550272,
      0.6268324704130429,
      0.6160145345327822,
      0.5892691280277534,
      0.5692553301850466,
      0.5637654609651951,
      0.5740274519020195,
      0.5721527374261753,
      0.5680761243041565,
      0.5564947021084138,
      0.5533476228795721,
      0.5342049074747404,
      0.5001305966811455,
      0.509535590150649,
      0.487849384349287,
      0.47116218901730234,
      0.4503153167663765,
      0.42451219277471497,
      0.4028153348423339,
      0.3898468798948806,
      0.3769061753338119,
      0.35592739768838033,
      0.34045658155810743,
      0.4247370924040249
    ],
    "pc10_ratio": [
      0.8748420803957616,
      0.8343286798989518,
      0.7974624633739321,
      0.7579570465430298,
      0.7427230943025999,
      0.7527847323550677,
      0.7997895037750247,
      0.8044392914607295,
      0.7842124058726267,
      0.7590231632708294,
      0.746045434502848,
      0.7318384878925083,
      0.7283320444129859,
      0.7330009237914548,
      0.7203201002067805,
      0.6990361259500735,
      0.6835358521660742,
      0.6777834978394713,
      0.6830170882905774,
      0.6778577477119532,
      0.6746858415880428,
      0.6663164086500933,
      0.6622048908834276,
      0.6425686313490834,
      0.6014710650695919,
      0.6106437784828487,
      0.5860989605302861,
      0.5702571329947568,
      0.5475249842430442,
      0.5178194060261644,
      0.4954875019255096,
      0.47934181972689965,
      0.46727675770062893,
      0.444021820320316,
      0.43285436424822044,
      0.5332771683886092
    ]
  },
  "summary": {
    "late_start_layer": 28,
    "participation_ratio_last": 21.143321927455577,
    "participation_ratio_late_mean": 25.26278760227384,
    "effective_rank_last": 97.22686026485472,
    "effective_rank_late_mean": 116.58314669636007,
    "pc1_ratio_last": 0.1418723518038391,
    "pc1_ratio_late_mean": 0.13072627192916073,
    "pc5_ratio_last": 0.4247370924040249,
    "pc5_ratio_late_mean": 0.3956896214078288,
    "pc10_ratio_last": 0.5332771683886092,
    "pc10_ratio_late_mean": 0.48970047782242404
  }
}