{
  "model": "olmo2_7b",
  "n_records": 200,
  "n_resamples": 100,
  "corrective_layers": [
    19,
    20,
    21,
    22,
    23,
    24,
    25,
    26,
    27,
    28,
    29,
    30,
    31
  ],
  "per_layer": {
    "19": {
      "bootstrap_vs_full_cosines": {
        "mean": 0.5298787951469421,
        "std": 0.09012261778116226,
        "min": 0.32842379808425903,
        "p5": 0.3910797193646431,
        "p95": 0.6631436765193939
      },
      "pairwise_cosines": {
        "mean": 0.9528228640556335,
        "std": 0.01946396939456463,
        "min": 0.8254360556602478,
        "p5": 0.9155032843351364,
        "p95": 0.9756468832492828
      }
    },
    "20": {
      "bootstrap_vs_full_cosines": {
        "mean": 0.3467644453048706,
        "std": 0.13812211155891418,
        "min": 0.07622355967760086,
        "p5": 0.09845333509147167,
        "p95": 0.5813824385404587
      },
      "pairwise_cosines": {
        "mean": 0.9352099895477295,
        "std": 0.03654317185282707,
        "min": 0.7282260060310364,
        "p5": 0.8621839463710785,
        "p95": 0.970540714263916
      }
    },
    "21": {
      "bootstrap_vs_full_cosines": {
        "mean": 0.10833616554737091,
        "std": 0.12360654771327972,
        "min": -0.12305950373411179,
        "p5": -0.07731062993407249,
        "p95": 0.3442982956767082
      },
      "pairwise_cosines": {
        "mean": 0.9463500380516052,
        "std": 0.030163466930389404,
        "min": 0.748978853225708,
        "p5": 0.8848212867975235,
        "p95": 0.9739698320627213
      }
    },
    "22": {
      "bootstrap_vs_full_cosines": {
        "mean": 0.00877409428358078,
        "std": 0.1480829268693924,
        "min": -0.31099772453308105,
        "p5": -0.21250627040863038,
        "p95": 0.2661274254322051
      },
      "pairwise_cosines": {
        "mean": 0.9367522597312927,
        "std": 0.03767898678779602,
        "min": 0.6944776177406311,
        "p5": 0.857728922367096,
        "p95": 0.9718571692705155
      }
    },
    "23": {
      "bootstrap_vs_full_cosines": {
        "mean": -0.05557098239660263,
        "std": 0.14146308600902557,
        "min": -0.3338739573955536,
        "p5": -0.26488063037395476,
        "p95": 0.18510609120130533
      },
      "pairwise_cosines": {
        "mean": 0.9369949698448181,
        "std": 0.03896701708436012,
        "min": 0.6621548533439636,
        "p5": 0.8610503822565079,
        "p95": 0.9724781751632691
      }
    },
    "24": {
      "bootstrap_vs_full_cosines": {
        "mean": -0.030870236456394196,
        "std": 0.16955627501010895,
        "min": -0.3782409727573395,
        "p5": -0.2654288187623024,
        "p95": 0.3000179648399353
      },
      "pairwise_cosines": {
        "mean": 0.9331098794937134,
        "std": 0.05331852659583092,
        "min": 0.5325124263763428,
        "p5": 0.8194225907325745,
        "p95": 0.9764765948057175
      }
    },
    "25": {
      "bootstrap_vs_full_cosines": {
        "mean": -0.14080989360809326,
        "std": 0.20390309393405914,
        "min": -0.4904128909111023,
        "p5": -0.39242367148399354,
        "p95": 0.22268176078796378
      },
      "pairwise_cosines": {
        "mean": 0.9118106961250305,
        "std": 0.07579880207777023,
        "min": 0.3694424331188202,
        "p5": 0.7559370219707489,
        "p95": 0.976009926199913
      }
    },
    "26": {
      "bootstrap_vs_full_cosines": {
        "mean": -0.011154633946716785,
        "std": 0.14279216527938843,
        "min": -0.2689245045185089,
        "p5": -0.21653891429305078,
        "p95": 0.21486655771732327
      },
      "pairwise_cosines": {
        "mean": 0.9525454640388489,
        "std": 0.04563127085566521,
        "min": 0.5599128603935242,
        "p5": 0.8728932797908783,
        "p95": 0.984585416316986
      }
    },
    "27": {
      "bootstrap_vs_full_cosines": {
        "mean": 0.31886541843414307,
        "std": 0.11664508283138275,
        "min": 0.10525751113891602,
        "p5": 0.1347358614206314,
        "p95": 0.5077569514513015
      },
      "pairwise_cosines": {
        "mean": 0.964724600315094,
        "std": 0.02577243000268936,
        "min": 0.815190315246582,
        "p5": 0.9102357208728791,
        "p95": 0.9877464801073075
      }
    },
    "28": {
      "bootstrap_vs_full_cosines": {
        "mean": 0.17677579820156097,
        "std": 0.09766563773155212,
        "min": -0.014712612144649029,
        "p5": 0.02411935245618224,
        "p95": 0.33944153636693947
      },
      "pairwise_cosines": {
        "mean": 0.9666352868080139,
        "std": 0.023973703384399414,
        "min": 0.7816731929779053,
        "p5": 0.9180419564247131,
        "p95": 0.9873629361391068
      }
    },
    "29": {
      "bootstrap_vs_full_cosines": {
        "mean": 0.7434826493263245,
        "std": 0.05002191662788391,
        "min": 0.6249772310256958,
        "p5": 0.6386776477098465,
        "p95": 0.8169124513864517
      },
      "pairwise_cosines": {
        "mean": 0.9844537973403931,
        "std": 0.011614542454481125,
        "min": 0.9193078279495239,
        "p5": 0.9597882986068725,
        "p95": 0.994617474079132
      }
    },
    "30": {
      "bootstrap_vs_full_cosines": {
        "mean": 0.8790602684020996,
        "std": 0.017667323350906372,
        "min": 0.839745044708252,
        "p5": 0.8523743510246277,
        "p95": 0.9078543663024903
      },
      "pairwise_cosines": {
        "mean": 0.99457848072052,
        "std": 0.0036033433862030506,
        "min": 0.9693997502326965,
        "p5": 0.9869810968637467,
        "p95": 0.9978004217147827
      }
    },
    "31": {
      "bootstrap_vs_full_cosines": {
        "mean": 0.903414785861969,
        "std": 0.015201251022517681,
        "min": 0.867292582988739,
        "p5": 0.8735444337129593,
        "p95": 0.9238441199064255
      },
      "pairwise_cosines": {
        "mean": 0.996029257774353,
        "std": 0.002450390486046672,
        "min": 0.9777593612670898,
        "p5": 0.990953516960144,
        "p95": 0.9984784424304962
      }
    }
  },
  "summary": {
    "mean_bootstrap_vs_full": 0.29053435954623497,
    "mean_pairwise": 0.9547705833728497,
    "min_pairwise": 0.3694424331188202,
    "stable": true
  }
}