{
  "model": "olmo2_7b",
  "corrective_layers": [
    19,
    20,
    21,
    22,
    23,
    24,
    25,
    26,
    27,
    28,
    29,
    30,
    31
  ],
  "n_records": 200,
  "per_layer_pca": {
    "19": {
      "variance_explained": [
        0.2899790406227112,
        0.11866240203380585,
        0.04806824028491974,
        0.038307540118694305,
        0.024688011035323143,
        0.02039559744298458,
        0.01837589591741562,
        0.015854423865675926,
        0.014277618378400803,
        0.013204170390963554
      ],
      "cumulative_variance": [
        0.2899790406227112,
        0.4086414575576782,
        0.45670968294143677,
        0.49501723051071167,
        0.5197052359580994,
        0.5401008129119873,
        0.5584766864776611,
        0.5743311047554016,
        0.5886087417602539,
        0.6018128991127014
      ],
      "singular_values": [
        39.836944580078125,
        25.48351287841797,
        16.219289779663086,
        14.479209899902344,
        11.623737335205078,
        10.565034866333008,
        10.028292655944824,
        9.314894676208496,
        8.839559555053711,
        8.500770568847656
      ],
      "total_variance": 5472.748046875,
      "pc1_variance_ratio": 0.2899790406227112,
      "n_records": 200,
      "d_model": 4096,
      "rank_1_justified": false
    },
    "20": {
      "variance_explained": [
        0.3955551087856293,
        0.10572782158851624,
        0.03346346691250801,
        0.02633451670408249,
        0.023072756826877594,
        0.018116001039743423,
        0.014273121953010559,
        0.012916810810565948,
        0.011127949692308903,
        0.010564489290118217
      ],
      "cumulative_variance": [
        0.3955551087856293,
        0.5012829303741455,
        0.5347464084625244,
        0.5610809326171875,
        0.5841537117958069,
        0.60226970911026,
        0.6165428161621094,
        0.6294596195220947,
        0.640587568283081,
        0.6511520743370056
      ],
      "singular_values": [
        57.65977478027344,
        29.810144424438477,
        16.770843505859375,
        14.87757396697998,
        13.925768852233887,
        12.33958625793457,
        10.952895164489746,
        10.41950511932373,
        9.671125411987305,
        9.423097610473633
      ],
      "total_variance": 8405.0224609375,
      "pc1_variance_ratio": 0.3955551087856293,
      "n_records": 200,
      "d_model": 4096,
      "rank_1_justified": false
    },
    "21": {
      "variance_explained": [
        0.40116721391677856,
        0.08356927335262299,
        0.03337962552905083,
        0.02634250558912754,
        0.019697364419698715,
        0.017692506313323975,
        0.014907235279679298,
        0.01242095697671175,
        0.011796588078141212,
        0.010588087141513824
      ],
      "cumulative_variance": [
        0.40116721391677856,
        0.48473650217056274,
        0.5181161165237427,
        0.5444586277008057,
        0.5641559958457947,
        0.5818485021591187,
        0.5967557430267334,
        0.6091766953468323,
        0.6209732890129089,
        0.6315613985061646
      ],
      "singular_values": [
        62.88673400878906,
        28.70249366760254,
        18.139989852905273,
        16.114797592163086,
        13.934788703918457,
        13.206599235534668,
        12.122574806213379,
        11.065571784973145,
        10.783866882324219,
        10.216568946838379
      ],
      "total_variance": 9858.0869140625,
      "pc1_variance_ratio": 0.40116721391677856,
      "n_records": 200,
      "d_model": 4096,
      "rank_1_justified": false
    },
    "22": {
      "variance_explained": [
        0.4929320514202118,
        0.06379354000091553,
        0.02498077228665352,
        0.019381200894713402,
        0.015681862831115723,
        0.014477424323558807,
        0.011705586686730385,
        0.01016653049737215,
        0.009340445511043072,
        0.008717194199562073
      ],
      "cumulative_variance": [
        0.4929320514202118,
        0.5567256212234497,
        0.5817064046859741,
        0.6010876297950745,
        0.6167694926261902,
        0.6312469244003296,
        0.6429525017738342,
        0.6531190276145935,
        0.6624594926834106,
        0.6711766719818115
      ],
      "singular_values": [
        91.45338439941406,
        32.89990234375,
        20.587764739990234,
        18.134124755859375,
        16.311920166015625,
        15.672991752624512,
        14.09298038482666,
        13.133867263793945,
        12.58896541595459,
        12.16170883178711
      ],
      "total_variance": 16967.291015625,
      "pc1_variance_ratio": 0.4929320514202118,
      "n_records": 200,
      "d_model": 4096,
      "rank_1_justified": false
    },
    "23": {
      "variance_explained": [
        0.5280036926269531,
        0.05902577564120293,
        0.025523722171783447,
        0.018926270306110382,
        0.015405903570353985,
        0.012871097773313522,
        0.01021835207939148,
        0.009789650328457355,
        0.009052194654941559,
        0.008133486844599247
      ],
      "cumulative_variance": [
        0.5280036926269531,
        0.5870294570922852,
        0.6125531792640686,
        0.6314794421195984,
        0.646885335445404,
        0.6597564220428467,
        0.6699748039245605,
        0.679764449596405,
        0.6888166666030884,
        0.6969501376152039
      ],
      "singular_values": [
        109.95307922363281,
        36.762901306152344,
        24.17469024658203,
        20.817157745361328,
        18.781597137451172,
        17.167091369628906,
        15.296051979064941,
        14.971748352050781,
        14.396796226501465,
        13.646689414978027
      ],
      "total_variance": 22896.9609375,
      "pc1_variance_ratio": 0.5280036926269531,
      "n_records": 200,
      "d_model": 4096,
      "rank_1_justified": false
    },
    "24": {
      "variance_explained": [
        0.6033586263656616,
        0.05366545915603638,
        0.019553467631340027,
        0.015228415839374065,
        0.014086326584219933,
        0.011748569086194038,
        0.009376032277941704,
        0.008424094878137112,
        0.0074619753286242485,
        0.006940600462257862
      ],
      "cumulative_variance": [
        0.6033586263656616,
        0.657024085521698,
        0.6765775680541992,
        0.6918059587478638,
        0.7058922648429871,
        0.7176408171653748,
        0.7270168662071228,
        0.7354409694671631,
        0.742902934551239,
        0.7498435378074646
      ],
      "singular_values": [
        149.33489990234375,
        44.53700256347656,
        26.88347816467285,
        23.72471046447754,
        22.817729949951172,
        20.83847999572754,
        18.615859985351562,
        17.645549774169922,
        16.60735511779785,
        16.016664505004883
      ],
      "total_variance": 36961.2890625,
      "pc1_variance_ratio": 0.6033586263656616,
      "n_records": 200,
      "d_model": 4096,
      "rank_1_justified": true
    },
    "25": {
      "variance_explained": [
        0.6529209017753601,
        0.03900524601340294,
        0.016259031370282173,
        0.011695441789925098,
        0.008874649181962013,
        0.008715800940990448,
        0.0075256843119859695,
        0.006802841555327177,
        0.006259279791265726,
        0.006080768071115017
      ],
      "cumulative_variance": [
        0.6529209017753601,
        0.691926121711731,
        0.7081851363182068,
        0.7198805809020996,
        0.7287552356719971,
        0.7374710440635681,
        0.7449967265129089,
        0.7517995834350586,
        0.7580588459968567,
        0.7641395926475525
      ],