{
  "n_prompts": 1400,
  "intrinsic_dim": [
    10.509790545315965,
    9.93088057962805,
    10.28530172773023,
    10.438551792274428,
    10.724450947267325,
    10.717850598398933,
    10.7991426195272,
    9.736255105076081,
    9.509635634580103,
    9.198589176397531,
    9.180735252914127,
    8.874583024974989,
    8.789180992307301,
    8.83879535579872,
    9.038629181977255,
    9.072948127141856,
    8.59201147109482,
    8.517523836203925,
    8.444611472643961,
    8.730165297026527,
    8.462123528839914,
    8.415799747547592,
    8.307199947373888,
    8.260209430424174,
    8.135834657698553,
    8.040451712111842,
    7.916297814355764,
    7.838882871902792,
    7.693075818262636,
    7.622030811477302,
    7.650156320605028,
    7.22512974922366
  ],
  "intrinsic_dim_ci_low": [
    9.769777510484689,
    9.209669577748546,
    9.364865031554428,
    9.734044271554554,
    9.746274229782667,
    9.872344463440093,
    9.812656928543559,
    8.84832019962298,
    8.690926755894608,
    8.212742389297022,
    8.180342213764172,
    7.926665497726796,
    7.922779511648245,
    7.933942635038951,
    8.140920018147371,
    8.2934591549316,
    7.649356476329817,
    7.703991194527499,
    7.740684017299748,
    8.207695387601865,
    8.068153330709128,
    7.915225740860516,
    7.738840531281698,
    7.696676645572904,
    7.5329286722336635,
    7.597155031146152,
    7.284612384786028,
    7.362597858773974,
    7.26402011363797,
    7.221260516252128,
    7.22605942560871,
    6.671194184894125
  ],
  "intrinsic_dim_ci_high": [
    11.505396828345573,
    10.529039710485861,
    10.95383655344074,
    11.242120882242546,
    11.549255015057577,
    11.38915024115515,
    11.524359037317508,
    10.34040107864747,
    10.436162189186348,
    10.265719684716233,
    9.907517210084785,
    9.904111469748587,
    9.595621799069347,
    9.49025644556242,
    9.86806259421931,
    9.89227653478492,
    9.460832273697028,
    9.346486359032186,
    9.196526737140472,
    9.51580826224093,
    9.233192218248725,
    9.216043686160505,
    9.077151333624583,
    9.070821571811662,
    9.10199048474611,
    8.858331643012875,
    8.630525155788087,
    8.59067106518913,
    8.632199573086522,
    8.702472788167466,
    8.404272657122501,
    8.081292242102878
  ],
  "model": "mistral_7b",
  "variant": "it",
  "n_layers": 32
}