{
  "residuals_npz": "/root/results/cross_model_runs/l8_eval_20260414_v2_mistral_7b/mistral_7b/it/L8_residuals.npz",
  "n_prompts_used": 1400,
  "metrics": {
    "participation_ratio": [
      1.7792875790618967,
      6.424060169317981,
      6.976702916483365,
      6.796494116000386,
      5.800418228070396,
      6.503390884866819,
      6.588612201229299,
      8.226417779315511,
      10.292420079276226,
      10.326937658937888,
      10.224385358692844,
      10.640828804809749,
      11.239558221914121,
      11.088528165663533,
      12.506172444441887,
      14.424428601701967,
      15.986184241100524,
      15.7569069899847,
      16.088685943357888,
      17.659887299809256,
      18.945829574003813,
      20.10140343236298,
      20.982214163448443,
      21.078330103926255,
      22.144442938413242,
      22.669470580875373,
      23.24883637440608,
      24.359111077217058,
      24.37788833357918,
      25.487822449740914,
      26.061567102142092,
      30.945936835146878
    ],
    "effective_rank": [
      4.787623031350224,
      19.649898902153055,
      23.186105670029566,
      24.387812840906427,
      21.862856014327715,
      24.907507810054387,
      23.83543262689502,
      30.9311136341248,
      38.70900187183888,
      38.79535503281521,
      38.21388110541785,
      39.911958401117325,
      42.251608846433236,
      42.35802808778418,
      50.2832812889905,
      62.263753234406956,
      68.70700337925268,
      67.5384907086584,
      69.62374250750123,
      78.12984218315984,
      84.8373621266438,
      91.28597210928254,
      96.06639931222608,
      97.76980575612406,
      104.04498797401442,
      107.87258032918393,
      110.50449775198501,
      115.05424981168214,
      115.6839844599453,
      123.81060915978307,
      126.32888647709702,
      141.06014340179908
    ],
    "pc1_ratio": [
      0.7472111610701512,
      0.29679245788476016,
      0.3043618711818695,
      0.32520177359546426,
      0.369608519716936,
      0.33788968810038617,
      0.3260008975853558,
      0.2802732117339043,
      0.23662342278970694,
      0.23738841110444064,
      0.2332602270332894,
      0.2299628818823218,
      0.21822870722670198,
      0.2218166949332003,
      0.21084672642105973,
      0.19602873944443333,
      0.1802510257960214,
      0.1811464592746505,
      0.18000436777060064,
      0.1703997231168464,
      0.16403832341586225,
      0.15711445919523234,
      0.15217413028807242,
      0.15496456768216754,
      0.14724991957872355,
      0.14477212862175004,
      0.14357641493890932,
      0.1374708166141438,
      0.13538629891779846,
      0.13252755766092447,
      0.12823280744892512,
      0.11821686083301361
    ],
    "pc5_ratio": [
      0.8533568079671652,
      0.7005649408464065,
      0.6829811249126673,
      0.6738657839972055,
      0.6891980450388298,
      0.6693675073126972,
      0.6825214482789328,
      0.6375461482525161,
      0.5941179454521479,
      0.5886762461856122,
      0.5925553816895315,
      0.5765131317974067,
      0.5616082739544817,
      0.5684023719673539,
      0.5447025634919308,
      0.5079234731690884,
      0.48742142920424025,
      0.49271913134825723,
      0.4861257362701266,
      0.46356753279125273,
      0.44625726190594084,
      0.4348951389618426,
      0.4275649160374469,
      0.42378110350345605,
      0.4156046660004832,
      0.4089906348740429,
      0.40257809578547815,
      0.3946590862140174,
      0.39257875519875796,
      0.38529924076905175,
      0.3806767890736652,
      0.3502001518274958
    ],
    "pc10_ratio": [
      0.8921497916556069,
      0.7835636214611016,
      0.7648207888130125,
      0.7541278729929807,
      0.7649428565670245,
      0.745326198340606,
      0.7560973081621757,
      0.7164898187727385,
      0.6838012468563162,
      0.6839876275317606,
      0.6870991287805029,
      0.6800453478699102,
      0.6692547571961344,
      0.6714779581326924,
      0.6430975209009752,
      0.6003360860170196,
      0.5785919970698823,
      0.5821210757857668,
      0.5760437966828281,
      0.5541505407077304,
      0.5379344447089619,
      0.5255511123906416,
      0.517480256405965,
      0.5132765659806742,
      0.5038662349991548,
      0.4974435152248005,
      0.494057248413055,
      0.48690265004011757,
      0.48858889964717606,
      0.477792678194139,
      0.47483054410555736,
      0.43967265628053986
    ]
  },
  "summary": {
    "late_start_layer": 25,
    "participation_ratio_last": 30.945936835146878,
    "participation_ratio_late_mean": 25.30723325044394,
    "effective_rank_last": 141.06014340179908,
    "effective_rank_late_mean": 120.04499305592508,
    "pc1_ratio_last": 0.11821686083301361,
    "pc1_ratio_late_mean": 0.13431184071935212,
    "pc5_ratio_last": 0.3502001518274958,
    "pc5_ratio_late_mean": 0.38785467910607274,
    "pc10_ratio_last": 0.43967265628053986,
    "pc10_ratio_late_mean": 0.4798983131293407
  }
}