{
  "A1_alpha_-0.5": {
    "condition": "A1_alpha_-0.5",
    "alpha": -0.5,
    "mean_commitment": 28.961181885125185,
    "median_commitment": 30.0,
    "std_commitment": 4.716005297592211,
    "n_tokens": 271600,
    "n_layers": 36,
    "skip_first_n": 5
  },
  "A1_alpha_-2": {
    "condition": "A1_alpha_-2",
    "alpha": -2.0,
    "mean_commitment": 34.86241899852725,
    "median_commitment": 35.0,
    "std_commitment": 0.9823029257767542,
    "n_tokens": 271600,
    "n_layers": 36,
    "skip_first_n": 5
  },
  "A1_alpha_-5": {
    "condition": "A1_alpha_-5",
    "alpha": -5.0,
    "mean_commitment": 34.99960235640648,
    "median_commitment": 35.0,
    "std_commitment": 0.01993703772109625,
    "n_tokens": 271600,
    "n_layers": 36,
    "skip_first_n": 5
  },
  "A1_alpha_0.25": {
    "condition": "A1_alpha_0.25",
    "alpha": 0.25,
    "mean_commitment": 29.388954344624448,
    "median_commitment": 30.0,
    "std_commitment": 4.717315603817041,
    "n_tokens": 271600,
    "n_layers": 36,
    "skip_first_n": 5
  },
  "A1_alpha_0.75": {
    "condition": "A1_alpha_0.75",
    "alpha": 0.75,
    "mean_commitment": 29.259580265095728,
    "median_commitment": 30.0,
    "std_commitment": 4.694666494116509,
    "n_tokens": 271600,
    "n_layers": 36,
    "skip_first_n": 5
  },
  "A1_alpha_1.5": {
    "condition": "A1_alpha_1.5",
    "alpha": 1.5,
    "mean_commitment": 29.198343151693667,
    "median_commitment": 30.0,
    "std_commitment": 4.700161081444472,
    "n_tokens": 271600,
    "n_layers": 36,
    "skip_first_n": 5
  },
  "A1_alpha_3": {
    "condition": "A1_alpha_3",
    "alpha": 3.0,
    "mean_commitment": 29.140338733431516,
    "median_commitment": 30.0,
    "std_commitment": 4.789098002659174,
    "n_tokens": 271600,
    "n_layers": 36,
    "skip_first_n": 5
  },
  "A1_baseline": {
    "condition": "A1_baseline",
    "alpha": 1.0,
    "mean_commitment": 29.27187407952872,
    "median_commitment": 30.0,
    "std_commitment": 4.681618689838522,
    "n_tokens": 271600,
    "n_layers": 36,
    "skip_first_n": 5
  },
  "A1_ctrl_random_b1": {
    "condition": "A1_ctrl_random_b1",
    "alpha": 1.0,
    "mean_commitment": 26.797577319587628,
    "median_commitment": 25.0,
    "std_commitment": 5.1356593613797745,
    "n_tokens": 271600,
    "n_layers": 36,
    "skip_first_n": 5
  },
  "A1_alpha_-1": {
    "condition": "A1_alpha_-1",
    "alpha": -1.0,
    "mean_commitment": 30.395522827687778,
    "median_commitment": 31.0,
    "std_commitment": 4.631526305612653,
    "n_tokens": 271600,
    "n_layers": 36,
    "skip_first_n": 5
  },
  "A1_alpha_-3": {
    "condition": "A1_alpha_-3",
    "alpha": -3.0,
    "mean_commitment": 34.99431885125184,
    "median_commitment": 35.0,
    "std_commitment": 0.21235957837658923,
    "n_tokens": 271600,
    "n_layers": 36,
    "skip_first_n": 5
  },
  "A1_alpha_0.5": {
    "condition": "A1_alpha_0.5",
    "alpha": 0.5,
    "mean_commitment": 29.298298969072164,
    "median_commitment": 30.0,
    "std_commitment": 4.6939642620953235,
    "n_tokens": 271600,
    "n_layers": 36,
    "skip_first_n": 5
  },
  "A1_alpha_0": {
    "condition": "A1_alpha_0",
    "alpha": 0.0,
    "mean_commitment": 29.367827687776142,
    "median_commitment": 30.0,
    "std_commitment": 4.749289257086876,
    "n_tokens": 271600,
    "n_layers": 36,
    "skip_first_n": 5
  },
  "A1_alpha_1": {
    "condition": "A1_alpha_1",
    "alpha": 1.0,
    "mean_commitment": 29.26451030927835,
    "median_commitment": 30.0,
    "std_commitment": 4.682363706294431,
    "n_tokens": 271600,
    "n_layers": 36,
    "skip_first_n": 5
  },
  "A1_alpha_2": {
    "condition": "A1_alpha_2",
    "alpha": 2.0,
    "mean_commitment": 29.204101620029455,
    "median_commitment": 30.0,
    "std_commitment": 4.715093362309944,
    "n_tokens": 271600,
    "n_layers": 36,
    "skip_first_n": 5
  },
  "A1_alpha_5": {
    "condition": "A1_alpha_5",
    "alpha": 5.0,
    "mean_commitment": 31.722665684830634,
    "median_commitment": 33.0,
    "std_commitment": 3.6083594596233617,
    "n_tokens": 271600,
    "n_layers": 36,
    "skip_first_n": 5
  },
  "A1_ctrl_random_b0": {
    "condition": "A1_ctrl_random_b0",
    "alpha": 1.0,
    "mean_commitment": 29.26451030927835,
    "median_commitment": 30.0,
    "std_commitment": 4.682363706294431,
    "n_tokens": 271600,
    "n_layers": 36,
    "skip_first_n": 5
  },
  "A1_ctrl_random_b3": {
    "condition": "A1_ctrl_random_b3",
    "alpha": 1.0,
    "mean_commitment": 34.99918262150221,
    "median_commitment": 35.0,
    "std_commitment": 0.02857814532439462,
    "n_tokens": 271600,
    "n_layers": 36,
    "skip_first_n": 5
  }
}