{
  "model": "qwen3_4b",
  "n_prompts": 200,
  "profiles": {
    "1.0": {
      "alpha": 1.0,
      "id_twonn": [
        2.5051013326748683,
        2.964418421282859,
        3.5544870938767303,
        3.8171420700792837,
        3.6822362077301043,
        4.351966724996515,
        4.476475568280787,
        4.7292616349390535,
        5.823999454239397,
        5.878874009438409,
        6.004133847282471,
        6.6475238647421975,
        7.220921731406139,
        7.2499378912048735,
        7.689014635154245,
        8.323716836809272,
        8.994209677409449,
        8.91859025194385,
        9.37906925591277,
        9.9096176216185,
        10.085447077853843,
        10.445004757583577,
        9.715907895292615,
        8.969996996997788,
        8.787247468801393,
        8.223318190144555,
        8.325719244377146,
        8.10617607391528,
        8.851725023666264,
        8.033758466504702,
        8.290725758579521,
        8.544254332707986,
        7.828468688878408,
        7.97297337980946,
        7.804579807082028,
        8.040817175151435
      ],
      "n_tokens": 5000,
      "n_layers": 36
    },
    "0.0": {
      "alpha": 0.0,
      "id_twonn": [
        2.3209707026020063,
        2.6372586659488984,
        3.1879369659608474,
        3.3101420426045025,
        3.657660858767028,
        3.7997240159491112,
        3.9517285132152575,
        4.131750277505626,
        5.073932927000423,
        5.23231477809254,
        5.749061564466269,
        5.450680836257037,
        6.738891132782133,
        6.525397611069444,
        7.495656676494419,
        8.04310029011057,
        8.60988114038083,
        8.945871925945381,
        9.800206711042499,
        10.210985440815108,
        9.673219401047351,
        10.251111215473522,
        9.338784837808767,
        8.859532234478563,
        8.28203467526866,
        8.069457496953843,
        8.101724341511671,
        7.698689918814016,
        7.664839342652871,
        7.700184681473766,
        7.107543509327484,
        7.28857298825286,
        7.036118370280767,
        6.845811866421102,
        6.944016641786651,
        7.230066501823303
      ],
      "n_tokens": 5000,
      "n_layers": 36
    },
    "-1.0": {
      "alpha": -1.0,
      "id_twonn": [
        5.566944300232634,
        5.612119962370673,
        5.522564676817873,
        5.221356860946506,
        4.782072099169442,
        4.829888627593583,
        5.183854616081156,
        5.315069141774856,
        5.2085528008186035,
        5.197706706142076,
        4.886363789807058,
        5.0424575742458035,
        5.562963995992419,
        5.175765312761371,
        5.449934062142428,
        5.546993350304978,
        5.411259885824658,
        5.099609198835609,
        5.314677094908236,
        5.522990499381372,
        5.204432678343583,
        5.10157655567727,
        4.7971325325425545,
        4.680044531195483,
        4.236338034931963,
        4.418776436032943,
        4.319789917029313,
        4.331549857563363,
        4.207808171932439,
        4.333987813825048,
        4.113651049577789,
        4.0679805591157665,
        3.9690674109332384,
        3.916081525215384,
        3.9272546265089048,
        3.7467002547108303
      ],
      "n_tokens": 5000,
      "n_layers": 36
    }
  }
}