{
  "native": {
    "quality_ok": true,
    "dense5_first_diff_mean_step": 0.30366666666666664,
    "dense5_first_diff_present": 3000,
    "dense5_it_token_category_fraction": {
      "CONTENT": 0.33066666666666666,
      "FORMAT": 0.11166666666666666,
      "FUNCTION_OTHER": 0.5576666666666666
    },
    "dense5_pt_token_category_fraction": {
      "CONTENT": 0.23733333333333334,
      "FORMAT": 0.6443333333333333,
      "FUNCTION_OTHER": 0.11833333333333333
    },
    "B_mid_raw": {
      "it_token_fraction": 0.04666666666666667,
      "pt_token_fraction": 0.6093333333333333,
      "it_winner_fraction": 0.047,
      "pt_winner_fraction": 0.611,
      "mid_margin_delta": -0.767194668451945,
      "late_margin_delta": -7.145929327646892
    },
    "B_late_raw": {
      "it_token_fraction": 0.010333333333333333,
      "pt_token_fraction": 0.759,
      "it_winner_fraction": 0.010333333333333333,
      "pt_winner_fraction": 0.7603333333333333,
      "mid_margin_delta": -1.2197389475504556,
      "late_margin_delta": -9.206962928771972
    },
    "D_mid_ptswap": {
      "it_token_fraction": 0.5853333333333334,
      "pt_token_fraction": 0.0013333333333333333,
      "it_winner_fraction": 0.6223333333333333,
      "pt_winner_fraction": 0.020666666666666667,
      "mid_margin_delta": 1.8028540398279826,
      "late_margin_delta": 11.872341692606607
    },
    "D_late_ptswap": {
      "it_token_fraction": 0.759,
      "pt_token_fraction": 0.006333333333333333,
      "it_winner_fraction": 0.7616666666666667,
      "pt_winner_fraction": 0.006333333333333333,
      "mid_margin_delta": 1.293104881922404,
      "late_margin_delta": 10.749083030700683
    },
    "C_it_chat": {
      "it_token_fraction": 1.0,
      "pt_token_fraction": 0.0,
      "it_winner_fraction": 0.9993333333333333,
      "pt_winner_fraction": 0.0003333333333333333,
      "mid_margin_delta": 1.293104881922404,
      "late_margin_delta": 21.924584007263185
    },
    "A_pt_raw": {
      "it_token_fraction": 0.0,
      "pt_token_fraction": 1.0,
      "it_winner_fraction": 0.0006666666666666666,
      "pt_winner_fraction": 0.999,
      "mid_margin_delta": -1.2197389475504556,
      "late_margin_delta": -7.652512285868327
    }
  },
  "raw_shared": {
    "quality_ok": true,
    "dense5_first_diff_mean_step": 1.608112638283607,
    "dense5_first_diff_present": 2983,
    "dense5_it_token_category_fraction": {
      "CONTENT": 0.4113308749580959,
      "FORMAT": 0.4170298357358364,
      "FUNCTION_OTHER": 0.17163928930606773
    },
    "dense5_pt_token_category_fraction": {
      "CONTENT": 0.4488769694937982,
      "FORMAT": 0.3925578276902447,
      "FUNCTION_OTHER": 0.1585652028159571
    },
    "B_mid_raw": {
      "it_token_fraction": 0.3345625209520617,
      "pt_token_fraction": 0.4116661079450218,
      "it_winner_fraction": 0.35769359704994974,
      "pt_winner_fraction": 0.4428427757291317,
      "mid_margin_delta": -0.354932318907075,
      "late_margin_delta": -0.10714667458043496
    },
    "B_late_raw": {
      "it_token_fraction": 0.13610459269192088,
      "pt_token_fraction": 0.6034193764666443,
      "it_winner_fraction": 0.14716728126047604,
      "pt_winner_fraction": 0.6469996647670131,
      "mid_margin_delta": -0.8573968420083036,
      "late_margin_delta": -1.042522260337878
    },
    "D_mid_ptswap": {
      "it_token_fraction": 0.43043915521287296,
      "pt_token_fraction": 0.3446195105598391,
      "it_winner_fraction": 0.45222929936305734,
      "pt_winner_fraction": 0.3586992960107275,
      "mid_margin_delta": 0.10476447158798131,
      "late_margin_delta": 0.8607994064244096
    },
    "D_late_ptswap": {
      "it_token_fraction": 0.5903452899765337,
      "pt_token_fraction": 0.15789473684210525,
      "it_winner_fraction": 0.6248742876299028,
      "pt_winner_fraction": 0.17096882333221589,
      "mid_margin_delta": 0.6107188102346197,
      "late_margin_delta": 1.8412025993876597
    },
    "C_it_chat": {
      "it_token_fraction": 1.0,
      "pt_token_fraction": 0.0,
      "it_winner_fraction": 0.9943010392222594,
      "pt_winner_fraction": 0.002011397921555481,
      "mid_margin_delta": 0.6107188102346197,
      "late_margin_delta": 4.359770894729968
    },
    "A_pt_raw": {
      "it_token_fraction": 0.0,
      "pt_token_fraction": 1.0,
      "it_winner_fraction": 0.004358028830036876,
      "pt_winner_fraction": 0.9859202145491116,
      "mid_margin_delta": -0.8573968420083036,
      "late_margin_delta": -1.2336072470971573
    }
  }
}