{
  "n_prompts": 600,
  "max_new_tokens_asserted": 512,
  "n_at_cap": 476,
  "fraction_at_cap": 0.7933333333333333,
  "mean_teacher_length": 430.9166666666667,
  "median_teacher_length": 512.0,
  "max_teacher_length": 512
}