{
  "merged_jsonl": "results/exp18_midlate_token_handoff/full_runpod_20260423_095122/pure_flow/gemma3_4b/pt/pure_flow_results.jsonl",
  "n_prompts": 600,
  "n_steps": 131913,
  "windows": {
    "early": {
      "by_token_category": {
        "CONTENT": {
          "count": 124484,
          "fraction_positive": 0.42220686995919154,
          "fraction_top1_displaced": 0.2508675813758976,
          "handoff_rate": 0.42220686995919154,
          "margin_delta": 6.770536486302371,
          "mean_first_top1_layer": 23.48401400983259,
          "mean_first_top20_layer": 19.81425725394428,
          "mean_first_top5_layer": 21.596928119276374,
          "mean_top20_entries": 4.631003181131695,
          "mean_top20_exits": 4.631003181131695,
          "repulsion_top10_delta": -7.488214838790676,
          "support_target_delta": -0.717678352488194,
          "teacher_rank_gain": null
        },
        "DISCOURSE": {
          "count": 257,
          "fraction_positive": 0.7937743190661478,
          "fraction_top1_displaced": 0.27704280155642014,
          "handoff_rate": 0.7937743190661478,
          "margin_delta": 5.091846300698528,
          "mean_first_top1_layer": 20.867704280155642,
          "mean_first_top20_layer": 16.68093385214008,
          "mean_first_top5_layer": 18.69260700389105,
          "mean_top20_entries": 5.122568093385213,
          "mean_top20_exits": 5.122568093385213,
          "repulsion_top10_delta": -6.666262500164194,
          "support_target_delta": -1.5744161994656707,
          "teacher_rank_gain": null
        },
        "FORMAT": {
          "count": 35435,
          "fraction_positive": 0.9051220544659235,
          "fraction_top1_displaced": 0.28924227458728446,
          "handoff_rate": 0.9051220544659235,
          "margin_delta": 5.489049964279673,
          "mean_first_top1_layer": 19.166981797657684,
          "mean_first_top20_layer": 14.651954282489065,
          "mean_first_top5_layer": 16.478538168477495,
          "mean_top20_entries": 4.753438690560208,
          "mean_top20_exits": 4.753438690560208,
          "repulsion_top10_delta": -7.575446402895373,
          "support_target_delta": -2.08639643861577,
          "teacher_rank_gain": null
        },
        "FUNCTION": {
          "count": 33879,
          "fraction_positive": 0.7184981847161959,
          "fraction_top1_displaced": 0.25312730600077,
          "handoff_rate": 0.7184981847161959,
          "margin_delta": 7.005913643017356,
          "mean_first_top1_layer": 17.53254228283007,
          "mean_first_top20_layer": 12.387880397886596,
          "mean_first_top5_layer": 14.322087428790697,
          "mean_top20_entries": 4.1694412467900515,
          "mean_top20_exits": 4.1694412467900515,
          "repulsion_top10_delta": -7.947876166830509,
          "support_target_delta": -0.9419625238131729,
          "teacher_rank_gain": null
        },
        "FUNCTION_OTHER": {
          "count": 34236,
          "fraction_positive": 0.716409627292908,
          "fraction_top1_displaced": 0.2532159130739605,
          "handoff_rate": 0.716409627292908,
          "margin_delta": 6.9920052648369975,
          "mean_first_top1_layer": 17.608102582077347,
          "mean_first_top20_layer": 12.43670405421194,
          "mean_first_top5_layer": 14.378928613155743,
          "mean_top20_entries": 4.1730050239514105,
          "mean_top20_exits": 4.1730050239514105,
          "repulsion_top10_delta": -7.950784604957114,
          "support_target_delta": -0.9587793401201271,
          "teacher_rank_gain": null
        },
        "OTHER": {
          "count": 357,
          "fraction_positive": 0.5182072829131653,
          "fraction_top1_displaced": 0.26162464985994366,
          "handoff_rate": 0.5182072829131653,
          "margin_delta": 5.672111863233424,
          "mean_first_top1_layer": 24.77871148459384,
          "mean_first_top20_layer": 17.07002801120448,
          "mean_first_top5_layer": 19.77310924369748,
          "mean_top20_entries": 4.5112044817927135,
          "mean_top20_exits": 4.5112044817927135,
          "repulsion_top10_delta": -8.226792939104913,
          "support_target_delta": -2.55468107587149,
          "teacher_rank_gain": null
        },
        "PUNCTUATION": {
          "count": 34129,
          "fraction_positive": 0.914647367341557,
          "fraction_top1_displaced": 0.28996161622082145,
          "handoff_rate": 0.914647367341557,
          "margin_delta": 5.51272837785694,
          "mean_first_top1_layer": 19.12625626300214,
          "mean_first_top20_layer": 14.646224618359753,
          "mean_first_top5_layer": 16.455008936681416,
          "mean_top20_entries": 4.751258460546773,
          "mean_top20_exits": 4.751258460546773,
          "repulsion_top10_delta": -7.574150463909112,
          "support_target_delta": -2.0614220860522,
          "teacher_rank_gain": null
        },
        "STRUCTURAL": {
          "count": 1049,
          "fraction_positive": 0.6224976167778837,
          "fraction_top1_displaced": 0.26882745471877956,
          "handoff_rate": 0.6224976167778837,
          "margin_delta": 4.815990635930289,
          "mean_first_top1_layer": 20.07530981887512,
          "mean_first_top20_layer": 14.341277407054337,
          "mean_first_top5_layer": 16.701620591039084,
          "mean_top20_entries": 4.733937082936128,
          "mean_top20_exits": 4.733937082936128,
          "repulsion_top10_delta": -7.840355234797043,
          "support_target_delta": -3.0243645988667605,
          "teacher_rank_gain": null
        }
      }
    },
    "late_reconciliation": {
      "by_token_category": {
        "CONTENT": {
          "count": 124484,
          "fraction_positive": 0.42220686995919154,
          "fraction_top1_displaced": 0.1879151422788209,
          "handoff_rate": 0.42220686995919154,
          "margin_delta": 1.0896932928232888,
          "mean_first_top1_layer": 23.48401400983259,
          "mean_first_top20_layer": 19.81425725394428,
          "mean_first_top5_layer": 21.596928119276374,
          "mean_top20_entries": 4.35169063608862,
          "mean_top20_exits": 4.35169063608862,
          "repulsion_top10_delta": 0.14551965198228503,
          "support_target_delta": 1.2352129448055922,
          "teacher_rank_gain": null
        },
        "DISCOURSE": {
          "count": 257,
          "fraction_positive": 0.7937743190661478,
          "fraction_top1_displaced": 0.17509727626459148,
          "handoff_rate": 0.7937743190661478,
          "margin_delta": 0.8306205531886858,
          "mean_first_top1_layer": 20.867704280155642,
          "mean_first_top20_layer": 16.68093385214008,
          "mean_first_top5_layer": 18.69260700389105,
          "mean_top20_entries": 3.9560867148415766,
          "mean_top20_exits": 3.9560867148415766,
          "repulsion_top10_delta": 0.18498113056101084,
          "support_target_delta": 1.0156016837496964,
          "teacher_rank_gain": null
        },
        "FORMAT": {
          "count": 35435,
          "fraction_positive": 0.9051220544659235,
          "fraction_top1_displaced": 0.1127940494668341,
          "handoff_rate": 0.9051220544659235,
          "margin_delta": 0.7783391757294572,
          "mean_first_top1_layer": 19.166981797657684,
          "mean_first_top20_layer": 14.651954282489065,
          "mean_first_top5_layer": 16.478538168477495,
          "mean_top20_entries": 4.040230603317938,
          "mean_top20_exits": 4.040230603317938,
          "repulsion_top10_delta": 0.14489291433040521,
          "support_target_delta": 0.9232320900598736,
          "teacher_rank_gain": null
        },
        "FUNCTION": {
          "count": 33879,
          "fraction_positive": 0.7184981847161959,
          "fraction_top1_displaced": 0.10304950812344757,
          "handoff_rate": 0.7184981847161959,
          "margin_delta": 0.7274455262558988,
          "mean_first_top1_layer": 17.53254228283007,