{
  "n_prompts": 600,
  "max_new_tokens_asserted": 512,
  "n_at_cap": 43,
  "fraction_at_cap": 0.07166666666666667,
  "mean_teacher_length": 161.35833333333332,
  "median_teacher_length": 100.0,
  "max_teacher_length": 512
}