{
  "merged_jsonl": "results/exp18_midlate_token_handoff/full_runpod_20260423_095122/pure_flow/deepseek_v2_lite/it/pure_flow_results.jsonl",
  "n_prompts": 600,
  "n_steps": 31964,
  "windows": {
    "early": {
      "by_token_category": {
        "CONTENT": {
          "count": 31338,
          "fraction_positive": 0.5221137277426766,
          "fraction_top1_displaced": 0.7078865913587338,
          "handoff_rate": 0.5221137277426766,
          "margin_delta": 2.5828396306608026,
          "mean_first_top1_layer": 17.975429191397026,
          "mean_first_top20_layer": 13.308060501627418,
          "mean_first_top5_layer": 15.343161656774523,
          "mean_top20_entries": 12.050019146084626,
          "mean_top20_exits": 12.050019146084626,
          "repulsion_top10_delta": -2.292893145340974,
          "support_target_delta": 0.28994648531982736,
          "teacher_rank_gain": null
        },
        "DISCOURSE": {
          "count": 198,
          "fraction_positive": 0.7424242424242424,
          "fraction_top1_displaced": 0.5984848484848485,
          "handoff_rate": 0.7424242424242424,
          "margin_delta": 2.898669828687244,
          "mean_first_top1_layer": 17.03030303030303,
          "mean_first_top20_layer": 12.181818181818182,
          "mean_first_top5_layer": 14.5,
          "mean_top20_entries": 11.339015151515152,
          "mean_top20_exits": 11.339015151515152,
          "repulsion_top10_delta": -2.3260358451387018,
          "support_target_delta": 0.5726339835485424,
          "teacher_rank_gain": null
        },
        "FORMAT": {
          "count": 6618,
          "fraction_positive": 0.5550015110305229,
          "fraction_top1_displaced": 0.6999848896947718,
          "handoff_rate": 0.5550015110305229,
          "margin_delta": 2.662183492250226,
          "mean_first_top1_layer": 17.026896343306134,
          "mean_first_top20_layer": 10.8632517376851,
          "mean_first_top5_layer": 13.526745240253852,
          "mean_top20_entries": 11.815049864007253,
          "mean_top20_exits": 11.815049864007253,
          "repulsion_top10_delta": -2.1600469898269816,
          "support_target_delta": 0.5021365024232446,
          "teacher_rank_gain": null
        },
        "FUNCTION": {
          "count": 9423,
          "fraction_positive": 0.5003714316035233,
          "fraction_top1_displaced": 0.7188130107184548,
          "handoff_rate": 0.5003714316035233,
          "margin_delta": 2.4879660406866795,
          "mean_first_top1_layer": 17.025045102409,
          "mean_first_top20_layer": 10.851002865329512,
          "mean_first_top5_layer": 13.649262442958719,
          "mean_top20_entries": 11.78019208320068,
          "mean_top20_exits": 11.78019208320068,
          "repulsion_top10_delta": -2.11510308891773,
          "support_target_delta": 0.37286295176894946,
          "teacher_rank_gain": null
        },
        "FUNCTION_OTHER": {
          "count": 9677,
          "fraction_positive": 0.49602149426475145,
          "fraction_top1_displaced": 0.7185336364575798,
          "handoff_rate": 0.49602149426475145,
          "margin_delta": 2.501230202996084,
          "mean_first_top1_layer": 17.08980055802418,
          "mean_first_top20_layer": 10.961248320760566,
          "mean_first_top5_layer": 13.744238917019738,
          "mean_top20_entries": 11.79013382246564,
          "mean_top20_exits": 11.79013382246564,
          "repulsion_top10_delta": -2.1279680440514155,
          "support_target_delta": 0.3732621589446685,
          "teacher_rank_gain": null
        },
        "OTHER": {
          "count": 254,
          "fraction_positive": 0.3346456692913386,
          "fraction_top1_displaced": 0.7081692913385826,
          "handoff_rate": 0.3346456692913386,
          "margin_delta": 2.993309736230404,
          "mean_first_top1_layer": 19.492125984251967,
          "mean_first_top20_layer": 15.051181102362206,
          "mean_first_top5_layer": 17.26771653543307,
          "mean_top20_entries": 12.158956692913385,
          "mean_top20_exits": 12.158956692913385,
          "repulsion_top10_delta": -2.605237619739276,
          "support_target_delta": 0.38807211649112816,
          "teacher_rank_gain": null
        },
        "PUNCTUATION": {
          "count": 6120,
          "fraction_positive": 0.55,
          "fraction_top1_displaced": 0.7029820261437908,
          "handoff_rate": 0.55,
          "margin_delta": 2.652994512991802,
          "mean_first_top1_layer": 17.059640522875817,
          "mean_first_top20_layer": 10.811111111111112,
          "mean_first_top5_layer": 13.501960784313725,
          "mean_top20_entries": 11.81875,
          "mean_top20_exits": 11.81875,
          "repulsion_top10_delta": -2.150866460882479,
          "support_target_delta": 0.5021280521093229,
          "teacher_rank_gain": null
        },
        "STRUCTURAL": {
          "count": 300,
          "fraction_positive": 0.5333333333333333,
          "fraction_top1_displaced": 0.7058333333333333,
          "handoff_rate": 0.5333333333333333,
          "margin_delta": 2.69355768707365,
          "mean_first_top1_layer": 16.356666666666666,
          "mean_first_top20_layer": 11.056666666666667,
          "mean_first_top5_layer": 13.39,
          "mean_top20_entries": 12.05375,
          "mean_top20_exits": 12.05375,
          "repulsion_top10_delta": -2.2377771357890985,
          "support_target_delta": 0.45578055128455164,
          "teacher_rank_gain": null
        }
      }
    },
    "late_reconciliation": {
      "by_token_category": {
        "CONTENT": {
          "count": 31338,
          "fraction_positive": 0.5221137277426766,
          "fraction_top1_displaced": 0.23962195185624327,
          "handoff_rate": 0.5221137277426766,
          "margin_delta": 2.129271752547546,
          "mean_first_top1_layer": 17.975429191397026,
          "mean_first_top20_layer": 13.308060501627418,
          "mean_first_top5_layer": 15.343161656774523,
          "mean_top20_entries": 5.345151689206841,
          "mean_top20_exits": 5.345151689206841,
          "repulsion_top10_delta": 0.1478139537110078,
          "support_target_delta": 2.2770857062585477,
          "teacher_rank_gain": null
        },
        "DISCOURSE": {
          "count": 198,
          "fraction_positive": 0.7424242424242424,
          "fraction_top1_displaced": 0.18319559228650162,
          "handoff_rate": 0.7424242424242424,
          "margin_delta": 1.1866124127070412,
          "mean_first_top1_layer": 17.03030303030303,
          "mean_first_top20_layer": 12.181818181818182,
          "mean_first_top5_layer": 14.5,
          "mean_top20_entries": 4.458218549127638,
          "mean_top20_exits": 4.458218549127638,
          "repulsion_top10_delta": 0.8985113541736774,
          "support_target_delta": 2.0851237668807183,
          "teacher_rank_gain": null
        },
        "FORMAT": {
          "count": 6618,
          "fraction_positive": 0.5550015110305229,
          "fraction_top1_displaced": 0.24350943707243922,
          "handoff_rate": 0.5550015110305229,
          "margin_delta": 1.6770948642619572,
          "mean_first_top1_layer": 17.026896343306134,
          "mean_first_top20_layer": 10.8632517376851,
          "mean_first_top5_layer": 13.526745240253852,
          "mean_top20_entries": 5.388843100085156,
          "mean_top20_exits": 5.388843100085156,
          "repulsion_top10_delta": 0.34857182935988723,
          "support_target_delta": 2.025666693621834,
          "teacher_rank_gain": null
        },
        "FUNCTION": {
          "count": 9423,
          "fraction_positive": 0.5003714316035233,
          "fraction_top1_displaced": 0.24080344997249645,
          "handoff_rate": 0.5003714316035233,
          "margin_delta": 1.5689442232117383,
          "mean_first_top1_layer": 17.025045102409,
          "mean_first_top20_layer": 10.851002865329512,
          "mean_first_top5_layer": 13.649262442958719,