{
  "n_prompts": 600,
  "max_new_tokens_asserted": 512,
  "n_at_cap": 544,
  "fraction_at_cap": 0.9066666666666666,
  "mean_teacher_length": 480.0733333333333,
  "median_teacher_length": 512.0,
  "max_teacher_length": 512
}