{
  "model": "llama31_8b",
  "n_records": 200,
  "n_resamples": 100,
  "corrective_layers": [
    19,
    20,
    21,
    22,
    23,
    24,
    25,
    26,
    27,
    28,
    29,
    30,
    31
  ],
  "per_layer": {
    "19": {
      "bootstrap_vs_full_cosines": {
        "mean": 0.09886384755373001,
        "std": 0.02334446832537651,
        "min": 0.05220574513077736,
        "p5": 0.06239615734666586,
        "p95": 0.13964193910360337
      },
      "pairwise_cosines": {
        "mean": 0.988035261631012,
        "std": 0.0033205104991793633,
        "min": 0.966282069683075,
        "p5": 0.9817135483026505,
        "p95": 0.9922320365905761
      }
    },
    "20": {
      "bootstrap_vs_full_cosines": {
        "mean": 0.13932505249977112,
        "std": 0.020044097676873207,
        "min": 0.09347984194755554,
        "p5": 0.10690920352935791,
        "p95": 0.17420609742403032
      },
      "pairwise_cosines": {
        "mean": 0.9886718988418579,
        "std": 0.0030628573149442673,
        "min": 0.9724560379981995,
        "p5": 0.9828180700540543,
        "p95": 0.9925635665655136
      }
    },
    "21": {
      "bootstrap_vs_full_cosines": {
        "mean": 0.15289747714996338,
        "std": 0.02178308367729187,
        "min": 0.11072215437889099,
        "p5": 0.1224975347518921,
        "p95": 0.18741368055343627
      },
      "pairwise_cosines": {
        "mean": 0.9870132803916931,
        "std": 0.00335128977894783,
        "min": 0.9671262502670288,
        "p5": 0.9807168364524841,
        "p95": 0.9914175778627395
      }
    },
    "22": {
      "bootstrap_vs_full_cosines": {
        "mean": 0.15178561210632324,
        "std": 0.029526501893997192,
        "min": 0.09925162047147751,
        "p5": 0.10323681756854057,
        "p95": 0.19894100800156592
      },
      "pairwise_cosines": {
        "mean": 0.985639214515686,
        "std": 0.003633652813732624,
        "min": 0.9651803374290466,
        "p5": 0.978643724322319,
        "p95": 0.9903558999300003
      }
    },
    "23": {
      "bootstrap_vs_full_cosines": {
        "mean": 0.1685440093278885,
        "std": 0.022094476968050003,
        "min": 0.12196997553110123,
        "p5": 0.13595143631100653,
        "p95": 0.20619391277432442
      },
      "pairwise_cosines": {
        "mean": 0.9891349077224731,
        "std": 0.003384402021765709,
        "min": 0.9663693904876709,
        "p5": 0.9825646340847015,
        "p95": 0.9931079834699631
      }
    },
    "24": {
      "bootstrap_vs_full_cosines": {
        "mean": 0.10448875278234482,
        "std": 0.014697995968163013,
        "min": 0.07032263278961182,
        "p5": 0.08314255103468896,
        "p95": 0.1322755381464958
      },
      "pairwise_cosines": {
        "mean": 0.9931743144989014,
        "std": 0.0017351479036733508,
        "min": 0.9819403290748596,
        "p5": 0.9899000793695449,
        "p95": 0.9954114407300949
      }
    },
    "25": {
      "bootstrap_vs_full_cosines": {
        "mean": 0.08899606019258499,
        "std": 0.020262598991394043,
        "min": 0.0392950065433979,
        "p5": 0.06017760224640369,
        "p95": 0.12144496999680995
      },
      "pairwise_cosines": {
        "mean": 0.9934183359146118,
        "std": 0.002027886686846614,
        "min": 0.9789969325065613,
        "p5": 0.9895479828119278,
        "p95": 0.9958315074443818
      }
    },
    "26": {
      "bootstrap_vs_full_cosines": {
        "mean": 0.17183689773082733,
        "std": 0.02664874494075775,
        "min": 0.11126206815242767,
        "p5": 0.13240422382950784,
        "p95": 0.21432952508330344
      },
      "pairwise_cosines": {
        "mean": 0.9911637902259827,
        "std": 0.002629753202199936,
        "min": 0.9764595627784729,
        "p5": 0.9860855251550674,
        "p95": 0.9944284737110138
      }
    },
    "27": {
      "bootstrap_vs_full_cosines": {
        "mean": 0.1224183663725853,
        "std": 0.023106520995497704,
        "min": 0.06984749436378479,
        "p5": 0.08424976803362369,
        "p95": 0.1593514434993267
      },
      "pairwise_cosines": {
        "mean": 0.9954929947853088,
        "std": 0.0014443148393183947,
        "min": 0.9861964583396912,
        "p5": 0.9927282810211182,
        "p95": 0.9972586691379547
      }
    },
    "28": {
      "bootstrap_vs_full_cosines": {
        "mean": 0.08625644445419312,
        "std": 0.01842154748737812,
        "min": 0.04414157196879387,
        "p5": 0.06215969268232584,
        "p95": 0.12319806218147278
      },
      "pairwise_cosines": {
        "mean": 0.9955614805221558,
        "std": 0.0014939025277271867,
        "min": 0.9874274730682373,
        "p5": 0.9925804972648621,
        "p95": 0.9973266452550889
      }
    },
    "29": {
      "bootstrap_vs_full_cosines": {
        "mean": 0.1719752848148346,
        "std": 0.03973977640271187,
        "min": 0.071896992623806,
        "p5": 0.11281318850815296,
        "p95": 0.24631600603461265
      },
      "pairwise_cosines": {
        "mean": 0.9917809963226318,
        "std": 0.0032818573527038097,
        "min": 0.971802830696106,
        "p5": 0.9852814257144928,
        "p95": 0.9954250484704972
      }
    },
    "30": {
      "bootstrap_vs_full_cosines": {
        "mean": 0.40911921858787537,
        "std": 0.03155846521258354,
        "min": 0.3234545588493347,
        "p5": 0.35294780880212784,
        "p95": 0.45903076380491253
      },
      "pairwise_cosines": {
        "mean": 0.9936999678611755,
        "std": 0.002659062622115016,
        "min": 0.9737120866775513,
        "p5": 0.98852079808712,
        "p95": 0.9965802580118179
      }
    },
    "31": {
      "bootstrap_vs_full_cosines": {
        "mean": 0.5044832825660706,
        "std": 0.016422109678387642,
        "min": 0.47030678391456604,
        "p5": 0.47440866082906724,
        "p95": 0.5287005722522735
      },
      "pairwise_cosines": {
        "mean": 0.994262158870697,
        "std": 0.0023530120961368084,
        "min": 0.97597336769104,
        "p5": 0.9898582518100738,
        "p95": 0.9970922112464905
      }
    }
  },
  "summary": {
    "mean_bootstrap_vs_full": 0.1823838697029994,
    "mean_pairwise": 0.9913114309310913,
    "min_pairwise": 0.9651803374290466,
    "stable": true
  }
}