{
  "model": "llama31_8b",
  "corrective_layers": [
    19,
    20,
    21,
    22,
    23,
    24,
    25,
    26,
    27,
    28,
    29,
    30,
    31
  ],
  "n_records": 200,
  "per_layer_pca": {
    "19": {
      "variance_explained": [
        0.3873010575771332,
        0.05288828909397125,
        0.03634020313620567,
        0.024627158418297768,
        0.020193224772810936,
        0.019439248368144035,
        0.014754030853509903,
        0.013805919326841831,
        0.011861861683428288,
        0.01139943115413189
      ],
      "cumulative_variance": [
        0.3873010575771332,
        0.4401893615722656,
        0.4765295684337616,
        0.501156747341156,
        0.5213499665260315,
        0.5407891869544983,
        0.5555432438850403,
        0.5693491697311401,
        0.5812110304832458,
        0.5926104784011841
      ],
      "singular_values": [
        27.016260147094727,
        9.983449935913086,
        8.275506019592285,
        6.81252384185791,
        6.1688432693481445,
        6.052581310272217,
        5.2729811668396,
        5.100744247436523,
        4.72799825668335,
        4.634922504425049
      ],
      "total_variance": 1884.5244140625,
      "pc1_variance_ratio": 0.3873010575771332,
      "n_records": 200,
      "d_model": 4096,
      "rank_1_justified": false
    },
    "20": {
      "variance_explained": [
        0.39848268032073975,
        0.04826679453253746,
        0.03238479048013687,
        0.02520953305065632,
        0.022106651216745377,
        0.02094665728509426,
        0.015049212612211704,
        0.014915208332240582,
        0.0126669155433774,
        0.012530713342130184
      ],
      "cumulative_variance": [
        0.39848268032073975,
        0.4467494785785675,
        0.4791342616081238,
        0.5043438076972961,
        0.5264504551887512,
        0.5473971366882324,
        0.5624463558197021,
        0.5773615837097168,
        0.5900285243988037,
        0.6025592088699341
      ],
      "singular_values": [
        27.64663314819336,
        9.621920585632324,
        7.881485462188721,
        6.953763484954834,
        6.5117692947387695,
        6.338622570037842,
        5.372722625732422,
        5.348748683929443,
        4.9291605949401855,
        4.902588367462158
      ],
      "total_variance": 1918.1168212890625,
      "pc1_variance_ratio": 0.39848268032073975,
      "n_records": 200,
      "d_model": 4096,
      "rank_1_justified": false
    },
    "21": {
      "variance_explained": [
        0.3489963412284851,
        0.04819558933377266,
        0.034562092274427414,
        0.029753778129816055,
        0.022324036806821823,
        0.022001834586262703,
        0.018538912758231163,
        0.014817421324551105,
        0.012636858969926834,
        0.012375117279589176
      ],
      "cumulative_variance": [
        0.3489963412284851,
        0.39719194173812866,
        0.4317540228366852,
        0.46150779724121094,
        0.48383182287216187,
        0.5058336853981018,
        0.5243725776672363,
        0.5391899943351746,
        0.5518268346786499,
        0.5642019510269165
      ],
      "singular_values": [
        26.350522994995117,
        9.792248725891113,
        8.292372703552246,
        7.693958759307861,
        6.664463043212891,
        6.616194248199463,
        6.073246955871582,
        5.429565906524658,
        5.014162063598633,
        4.9619622230529785
      ],
      "total_variance": 1989.5625,
      "pc1_variance_ratio": 0.3489963412284851,
      "n_records": 200,
      "d_model": 4096,
      "rank_1_justified": false
    },
    "22": {
      "variance_explained": [
        0.33496275544166565,
        0.05014409124851227,
        0.03647283837199211,
        0.024269726127386093,
        0.02295362763106823,
        0.01994600147008896,
        0.01903758943080902,
        0.015608740039169788,
        0.014075911603868008,
        0.012679076753556728
      ],
      "cumulative_variance": [
        0.33496275544166565,
        0.3851068615913391,
        0.4215796887874603,
        0.4458494186401367,
        0.4688030481338501,
        0.48874905705451965,
        0.5077866315841675,
        0.5233953595161438,
        0.5374712944030762,
        0.5501503944396973
      ],
      "singular_values": [
        25.501415252685547,
        9.866790771484375,
        8.414936065673828,
        6.864335060119629,
        6.675621509552002,
        6.222916126251221,
        6.0795578956604,
        5.50490665435791,
        5.227623462677002,
        4.961463928222656
      ],
      "total_variance": 1941.4761962890625,
      "pc1_variance_ratio": 0.33496275544166565,
      "n_records": 200,
      "d_model": 4096,
      "rank_1_justified": false
    },
    "23": {
      "variance_explained": [
        0.4491470754146576,
        0.046027205884456635,
        0.02548425830900669,
        0.019111618399620056,
        0.017799220979213715,
        0.015965277329087257,
        0.015178835950791836,
        0.012958678416907787,
        0.012271706014871597,
        0.010670178569853306
      ],
      "cumulative_variance": [
        0.4491470754146576,
        0.4951742887496948,
        0.520658552646637,
        0.5397701859474182,
        0.5575693845748901,
        0.5735346674919128,
        0.588713526725769,
        0.6016722321510315,
        0.6139439344406128,
        0.6246141195297241
      ],
      "singular_values": [
        32.88349914550781,
        10.526670455932617,
        7.83284854888916,
        6.78316593170166,
        6.54612398147583,
        6.199717998504639,
        6.045092582702637,
        5.585525989532471,
        5.435458660125732,
        5.068384647369385
      ],
      "total_variance": 2407.50634765625,
      "pc1_variance_ratio": 0.4491470754146576,
      "n_records": 200,
      "d_model": 4096,
      "rank_1_justified": false
    },
    "24": {
      "variance_explained": [
        0.5090762376785278,
        0.04499146714806557,
        0.02577238902449608,
        0.0222801361232996,
        0.0209201667457819,
        0.015980154275894165,
        0.013193083927035332,
        0.012370954267680645,
        0.011496515944600105,
        0.008589508011937141
      ],
      "cumulative_variance": [
        0.5090762376785278,
        0.5540677309036255,
        0.5798401236534119,
        0.6021202802658081,
        0.6230404376983643,
        0.639020562171936,
        0.6522136330604553,
        0.6645845770835876,
        0.676081120967865,
        0.684670627117157
      ],
      "singular_values": [
        38.58820343017578,
        11.471712112426758,
        8.682414054870605,
        8.072760581970215,
        7.822502613067627,
        6.8368120193481445,
        6.212069511413574,
        6.0154032707214355,
        5.798908710479736,
        5.012418270111084
      ],
      "total_variance": 2925.0029296875,
      "pc1_variance_ratio": 0.5090762376785278,
      "n_records": 200,
      "d_model": 4096,
      "rank_1_justified": false
    },
    "25": {
      "variance_explained": [
        0.5400166511535645,
        0.045691195875406265,
        0.030857114121317863,
        0.019617462530732155,
        0.017127010971307755,
        0.014922484755516052,
        0.013460355810821056,
        0.011742860078811646,
        0.009269557893276215,
        0.008912325836718082
      ],
      "cumulative_variance": [
        0.5400166511535645,
        0.5857078433036804,
        0.616564929485321,
        0.6361823678016663,
        0.6533094048500061,
        0.6682319045066833,
        0.6816922426223755,
        0.6934350728988647,
        0.7027046084403992,
        0.7116169333457947
      ],