{
  "ci_method": "family_bootstrap_normal_approx_from_stored_per_family_cis",
  "effect_rows": [
    {
      "ci_method": "family_bootstrap_normal_approx_from_stored_per_family_cis",
      "dense6_ci95_high": 0.7087010750258055,
      "dense6_ci95_low": 0.5701861731491235,
      "dense6_estimate": 0.6394436240874645,
      "dense6_n_models": 6,
      "dense6_n_prompt_clusters": 4380,
      "effect": "late_it_given_pt_upstream",
      "family_median": 0.6877394047529612,
      "gemma_removed_ci95_high": 0.8210635702262448,
      "gemma_removed_ci95_low": 0.6727469609170034,
      "gemma_removed_estimate": 0.7469052655716241,
      "models": "gemma3_4b;llama31_8b;mistral_7b;olmo2_7b;qwen3_4b;qwen25_32b",
      "readout": "common_it",
      "trimmed_mean": 0.6894755780275222
    },
    {
      "ci_method": "family_bootstrap_normal_approx_from_stored_per_family_cis",
      "dense6_ci95_high": 3.174464464544567,
      "dense6_ci95_low": 2.978483326768415,
      "dense6_estimate": 3.076473895656491,
      "dense6_n_models": 6,
      "dense6_n_prompt_clusters": 4380,
      "effect": "late_it_given_it_upstream",
      "family_median": 2.515791931339108,
      "gemma_removed_ci95_high": 2.547398723637069,
      "gemma_removed_ci95_low": 2.364128209271842,
      "gemma_removed_estimate": 2.4557634664544556,
      "models": "gemma3_4b;llama31_8b;mistral_7b;olmo2_7b;qwen3_4b;qwen25_32b",
      "readout": "common_it",
      "trimmed_mean": 2.558028104226924
    },
    {
      "ci_method": "family_bootstrap_normal_approx_from_stored_per_family_cis",
      "dense6_ci95_high": 1.9303043086528953,
      "dense6_ci95_low": 1.7856132110910603,
      "dense6_estimate": 1.8579587598719778,
      "dense6_n_models": 6,
      "dense6_n_prompt_clusters": 4380,
      "effect": "late_weight_effect",
      "family_median": 1.6925768227368114,
      "gemma_removed_ci95_high": 1.6739189820698719,
      "gemma_removed_ci95_low": 1.528749749956208,
      "gemma_removed_estimate": 1.60133436601304,
      "models": "gemma3_4b;llama31_8b;mistral_7b;olmo2_7b;qwen3_4b;qwen25_32b",
      "readout": "common_it",
      "trimmed_mean": 1.6713945200163
    },
    {
      "ci_method": "family_bootstrap_normal_approx_from_stored_per_family_cis",
      "dense6_ci95_high": 3.9872179970125026,
      "dense6_ci95_low": 3.760931732389342,
      "dense6_estimate": 3.874074864700922,
      "dense6_n_models": 6,
      "dense6_n_prompt_clusters": 4380,
      "effect": "upstream_context_effect",
      "family_median": 3.739444987065963,
      "gemma_removed_ci95_high": 3.457492473893852,
      "gemma_removed_ci95_low": 3.223656993055027,
      "gemma_removed_estimate": 3.3405747334744396,
      "models": "gemma3_4b;llama31_8b;mistral_7b;olmo2_7b;qwen3_4b;qwen25_32b",
      "readout": "common_it",
      "trimmed_mean": 3.662993045511625
    },
    {
      "ci_method": "family_bootstrap_normal_approx_from_stored_per_family_cis",
      "dense6_ci95_high": 2.5214213551966105,
      "dense6_ci95_low": 2.3526391879414423,
      "dense6_estimate": 2.4370302715690264,
      "dense6_n_models": 6,
      "dense6_n_prompt_clusters": 4380,
      "effect": "interaction",
      "family_median": 1.655386667783214,
      "gemma_removed_ci95_high": 1.780218686739199,
      "gemma_removed_ci95_low": 1.637497715026465,
      "gemma_removed_estimate": 1.708858200882832,
      "models": "gemma3_4b;llama31_8b;mistral_7b;olmo2_7b;qwen3_4b;qwen25_32b",
      "readout": "common_it",
      "trimmed_mean": 1.8227432833301025
    },
    {
      "ci_method": "family_bootstrap_normal_approx_from_stored_per_family_cis",
      "dense6_ci95_high": 0.723812324334023,
      "dense6_ci95_low": 0.6002960949264958,
      "dense6_estimate": 0.6620542096302594,
      "dense6_n_models": 6,
      "dense6_n_prompt_clusters": 4380,
      "effect": "late_it_given_pt_upstream",
      "family_median": 0.7228163006308408,
      "gemma_removed_ci95_high": 0.8256948951766097,
      "gemma_removed_ci95_low": 0.6984747912693463,
      "gemma_removed_estimate": 0.762084843222978,
      "models": "gemma3_4b;llama31_8b;mistral_7b;olmo2_7b;qwen3_4b;qwen25_32b",
      "readout": "common_pt",
      "trimmed_mean": 0.7203169971210632
    },
    {
      "ci_method": "family_bootstrap_normal_approx_from_stored_per_family_cis",
      "dense6_ci95_high": 3.180159833073407,
      "dense6_ci95_low": 2.9862991506674033,
      "dense6_estimate": 3.083229491870405,
      "dense6_n_models": 6,
      "dense6_n_prompt_clusters": 4380,
      "effect": "late_it_given_it_upstream",
      "family_median": 2.495034402838497,
      "gemma_removed_ci95_high": 2.585115582175165,
      "gemma_removed_ci95_low": 2.412822698313807,
      "gemma_removed_estimate": 2.498969140244486,
      "models": "gemma3_4b;llama31_8b;mistral_7b;olmo2_7b;qwen3_4b;qwen25_32b",
      "readout": "common_pt",
      "trimmed_mean": 2.5816801753056073
    },
    {
      "ci_method": "family_bootstrap_normal_approx_from_stored_per_family_cis",
      "dense6_ci95_high": 1.941242631741863,
      "dense6_ci95_low": 1.8040410697588014,
      "dense6_estimate": 1.8726418507503322,
      "dense6_n_models": 6,
      "dense6_n_prompt_clusters": 4380,
      "effect": "late_weight_effect",
      "family_median": 1.669443575308995,
      "gemma_removed_ci95_high": 1.6949212424953344,
      "gemma_removed_ci95_low": 1.5661327409721295,
      "gemma_removed_estimate": 1.630526991733732,
      "models": "gemma3_4b;llama31_8b;mistral_7b;olmo2_7b;qwen3_4b;qwen25_32b",
      "readout": "common_pt",
      "trimmed_mean": 1.6812576980004983
    },
    {
      "ci_method": "family_bootstrap_normal_approx_from_stored_per_family_cis",
      "dense6_ci95_high": 3.96411403787571,
      "dense6_ci95_low": 3.7365488034791943,
      "dense6_estimate": 3.850331420677452,
      "dense6_n_models": 6,
      "dense6_n_prompt_clusters": 4380,
      "effect": "upstream_context_effect",
      "family_median": 3.794782020004129,
      "gemma_removed_ci95_high": 3.482937560478742,
      "gemma_removed_ci95_low": 3.2482068074804755,
      "gemma_removed_estimate": 3.3655721839796087,
      "models": "gemma3_4b;llama31_8b;mistral_7b;olmo2_7b;qwen3_4b;qwen25_32b",
      "readout": "common_pt",
      "trimmed_mean": 3.688999835378949
    },
    {
      "ci_method": "family_bootstrap_normal_approx_from_stored_per_family_cis",
      "dense6_ci95_high": 2.5055955028887618,
      "dense6_ci95_low": 2.336755061591529,
      "dense6_estimate": 2.4211752822401453,
      "dense6_n_models": 6,
      "dense6_n_prompt_clusters": 4380,
      "effect": "interaction",
      "family_median": 1.6524733366385798,
      "gemma_removed_ci95_high": 1.80831469533269,
      "gemma_removed_ci95_low": 1.6654538987103262,
      "gemma_removed_estimate": 1.7368842970215082,
      "models": "gemma3_4b;llama31_8b;mistral_7b;olmo2_7b;qwen3_4b;qwen25_32b",
      "readout": "common_pt",
      "trimmed_mean": 1.8283823895060516
    }
  ],
  "family_rows": [
    {
      "interaction": 1.25331787109375,
      "interaction_ci95_high": 1.4172403767903645,
      "interaction_ci95_low": 1.1038143513997394,
      "late_it_given_it_upstream": 2.0467049153645833,
      "late_it_given_pt_upstream": 0.7933870442708333,
      "model": "llama31_8b",
      "n_prompt_clusters": 600,
      "readout": "common_it"
    },
    {
      "interaction": 1.4462016821760917,
      "interaction_ci95_high": 1.5711597396206156,
      "interaction_ci95_low": 1.3287932847172512,
      "late_it_given_it_upstream": 2.422825697924123,
      "late_it_given_pt_upstream": 0.9766240157480315,
      "model": "qwen25_32b",
      "n_prompt_clusters": 1397,
      "readout": "common_it"
    },
    {
      "interaction": 1.4641145833333333,
      "interaction_ci95_high": 1.6185019531249998,
      "interaction_ci95_low": 1.3152317708333332,
      "late_it_given_it_upstream": 2.0531510416666667,
      "late_it_given_pt_upstream": 0.5890364583333333,
      "model": "qwen3_4b",
      "n_prompt_clusters": 600,