{
  "A": {
    "delta_cosine": [
      -0.013606332142886956,
      -0.005216033981111099,
      -0.003479215491275274,
      -0.009773979858079212,
      -0.015315689209606936,
      -0.02019539449691202,
      0.05274893229777359,
      -0.008508184604380816,
      -0.012748400828284283,
      0.017124738443617425,
      0.10078891035859175,
      -0.005952501654516337,
      0.015869666121087315,
      -0.017405786367154064,
      0.01582298278360922,
      0.06032149962388048,
      0.04724004908158753,
      0.026225370009850958,
      -0.027184816237662893,
      -0.027105821810890055,
      -0.008236250486588742,
      0.011029906917830606,
      0.07335959987797855,
      -0.08751209474367261,
      0.041732791533110054,
      0.0380473119858511,
      0.1588501492425867,
      0.09397972949884385,
      0.3652046173765271,
      0.09867602249841086,
      -0.007582983691358699,
      -0.0013480088686574129,
      0.11848263711514156,
      -0.01131672624747184
    ],
    "kl_to_own_final": [
      8.583371816695832,
      9.235916480476678,
      8.98322303511286,
      9.186884377275526,
      8.584406407131508,
      8.01339394380126,
      7.873393771134227,
      7.750833644174873,
      7.7681711948507655,
      7.431691286429725,
      7.3353549789769295,
      6.9537561053375905,
      7.014853676779778,
      6.987061923453839,
      6.923979686667715,
      6.450342053587642,
      6.0259356704530855,
      5.2510910574811644,
      4.9820622509839545,
      4.641715327208528,
      4.402673617324498,
      4.014473030534661,
      4.0669566510736574,
      1.7325293409078406,
      1.4439329818561655,
      1.2202774951166835,
      0.8926672382539217,
      0.9046600260532353,
      1.1029675634728309,
      0.40073669137380313,
      0.2625005124165158,
      0.15335863705185693,
      0.06486743068183602,
      0.0
    ],
    "structural_mass_prob_tier1": [
      0.01650446786816608,
      0.016527174115554356,
      0.011931400900829751,
      0.012547210737639104,
      0.012485213705941474,
      0.01164819107363209,
      0.012046925083711281,
      0.011844681288170993,
      0.00928107009252122,
      0.008462798923584843,
      0.006889079822707243,
      0.008619888413298875,
      0.0075805348475514725,
      0.007895005872559032,
      0.007928733663196847,
      0.010137233866604752,
      0.011114140544534848,
      0.00881800511767491,
      0.007103670199390072,
      0.008458840830064625,
      0.010096731334979297,
      0.01597643840692659,
      0.018153583102834474,
      0.008405965722439752,
      0.006372667455031441,
      0.005525126604804799,
      0.005376361178780375,
      0.006221540600968978,
      0.007575090290285607,
      0.004596847620512378,
      0.004455198916350697,
      0.0043103582143565475,
      0.004481839551405772,
      0.004790068567770288
    ],
    "entropy": [
      4.54867484106625,
      4.475605712761761,
      4.589096899202247,
      4.619043582830433,
      5.023641394827868,
      4.6936143554132626,
      4.366048252470954,
      4.424778098392456,
      4.21193870721784,
      4.987201706181585,
      5.4059667088467425,
      4.872869013088433,
      5.255774547963912,
      5.221812297016635,
      5.285178554516432,
      5.002973282291351,
      5.028688097262223,
      4.291808797159616,
      4.189917173817964,
      3.8065268888331225,
      3.6953014873437353,
      3.9418728940272683,
      3.991515778230751,
      2.1463151023812004,
      1.842715677154821,
      1.716580539179465,
      1.3823656291246837,
      1.4176996227794778,
      1.9106234986941866,
      0.7553257935022244,
      0.6154868693414787,
      0.48006350820901184,
      0.6045856722386068,
      0.6611606248401016
    ],
    "cross_kl": [
      null,
      null,
      null,
      null,
      null,
      null,
      null,
      null,
      null,
      null,
      null,
      null,
      null,
      null,
      null,
      null,
      null,
      null,
      null,
      null,
      null,
      null,
      null,
      null,
      null,
      null,
      null,
      null,
      null,
      null,
      null,
      null,
      null,
      null
    ],
    "kl_to_pt_final": [
      null,
      null,
      null,
      null,
      null,
      null,
      null,
      null,
      null,
      null,
      null,
      null,
      null,
      null,
      null,
      null,
      null,
      null,
      null,
      null,
      null,
      null,
      null,
      null,
      null,
      null,
      null,
      null,
      null,
      null,
      null,
      null,
      null,
      null
    ],
    "residual_cosine": [
      null,
      null,
      null,
      null,
      null,
      null,
      null,
      null,
      null,
      null,
      null,
      null,
      null,
      null,
      null,
      null,
      null,
      null,
      null,
      null,
      null,
      null,
      null,
      null,
      null,
      null,
      null,
      null,
      null,
      null,
      null,
      null,
      null,
      null
    ],
    "residual_divergence": [
      null,
      null,
      null,
      null,
      null,
      null,
      null,
      null,
      null,
      null,
      null,
      null,
      null,
      null,
      null,
      null,
      null,
      null,
      null,
      null,
      null,
      null,
      null,
      null,
      null,
      null,
      null,
      null,
      null,
      null,
      null,
      null,
      null,
      null
    ]
  },
  "B": {
    "delta_cosine": [
      -0.010111243527371042,
      -0.0037295533359373704,
      -0.002573894169632669,
      -0.009590165413584989,
      -0.015701818494586767,
      -0.021104587977041563,
      0.05610378409795878,
      -0.007863295736271569,
      -0.013422347419347329,
      0.01969023480221249,
      0.10155642666718803,
      -0.00440874003417361,
      0.01737037759234965,
      -0.016411450463029515,
      0.013477192248607139,
      0.05554267395962115,
      0.04506603149668422,
      0.027817172700733465,
      -0.03125684381622052,
      -0.026870138860418048,
      -0.04640028602119871,
      -0.007552412784287871,
      0.06126116623426997,
      -0.10656504036834948,
      0.027573549153626264,
      0.006245295344517034,
      0.12599703410289875,
      0.09077704961331666,
      0.32589213397777783,
      0.08789099617745924,
      -0.03098350216193158,
      -0.0004352588207909075,
      0.10979149732904038,
      -0.03179028812926918
    ],
    "kl_to_own_final": [
      12.859007798988394,
      13.539341222548913,
      13.094296790633479,
      13.124299193052165,
      12.545434564530423,
      11.954427774445284,
      11.873562465488764,
      11.595511466949985,
      11.717480358749558,
      11.273076721157418,
      11.130297649528417,
      10.676844042391501,
      10.696399595740505,
      10.546906705958314,
      10.427245700972394,
      9.82537873239557,
      9.371862343702805,
      8.533155276218507,
      8.093676991536988,
      7.750838858462472,
      6.96547662810369,
      6.472689404778364,
      6.479243909107999,
      2.918909531470173,
      2.710152917615563,
      2.2047416640966806,
      1.49722400406684,
      1.6251936717675528,
      1.8131602788118644,
      0.5661109987337805,
      0.3695273363875803,
      0.21417889668853093,
      0.07358315007449706,
      0.0
    ],