{
  "A": {
    "delta_cosine": [
      -0.012604337998407196,
      -0.0009030381998909112,
      -0.0007970696267771824,
      -0.007695609209222103,
      -0.014323764478316684,
      -0.018388114269728403,
      0.056982237042195905,
      -0.006760155575897586,
      -0.00038819310874685164,
      0.017479573264819286,
      0.1067528930917226,
      -0.0002384534170680609,
      0.02453483886150842,
      -0.01233053019958005,
      0.011143717244883618,
      0.055319872407911905,
      0.05202849268159193,
      0.03317958615071974,
      -0.02264272022926206,
      -0.022501412670752348,
      -0.006653911548344856,
      0.024423374101290564,
      0.07381434428865533,
      -0.08360613553599297,
      0.04382380266172696,
      0.04116090150170794,
      0.16303209519962972,
      0.09611719498516424,
      0.3713825961153088,
      0.0924417688537703,
      -0.024932458636257652,
      -0.0013129438342104284,
      0.10104948896340717,
      -0.016946319293085852
    ],
    "kl_to_own_final": [
      8.990954338849184,
      9.461744466546069,
      9.273353892206567,
      9.558920524910894,
      8.84657322420334,
      8.302388827599962,
      8.154248857525562,
      7.991674999612023,
      7.967167882212803,
      7.693642112180153,
      7.621488191145742,
      7.266792528292776,
      7.3318691438727415,
      7.29499432044212,
      7.235962451395347,
      6.825876112300455,
      6.468109227808222,
      5.749373971223276,
      5.44714995215846,
      5.075392700248735,
      4.772422035677896,
      4.340089184887327,
      4.364866810700842,
      1.852385948774385,
      1.5856277933742622,
      1.363133124453953,
      0.9863425297482543,
      1.0231742274673785,
      1.2422557366320435,
      0.48426167160255157,
      0.2995033233664046,
      0.17518559867844685,
      0.06517053146333551,
      0.0
    ],
    "structural_mass_prob_tier1": [
      0.016592095529330667,
      0.016298001430637064,
      0.011225404998820077,
      0.01134874251001743,
      0.011108430959737169,
      0.010596858419407202,
      0.010930018094263184,
      0.010691307457700147,
      0.008487862013410861,
      0.007835232436996254,
      0.006569518988807091,
      0.008017250597245082,
      0.007238976883898703,
      0.007580891218777882,
      0.007703852661601037,
      0.009696642640312817,
      0.010627051143387264,
      0.009154801017597358,
      0.00732487905091908,
      0.008678230589403342,
      0.01121597350910292,
      0.01615642897042933,
      0.01793137350620261,
      0.008637977859103954,
      0.007989246741072313,
      0.007213668415039687,
      0.006742702941837571,
      0.007409911388309859,
      0.008903699959097974,
      0.006687082344034079,
      0.006527914940463174,
      0.006606311380952073,
      0.006594676321156409,
      0.006697214293636846
    ],
    "entropy": [
      4.509712707699417,
      4.45155884873741,
      4.592101891645136,
      4.6195010625703254,
      5.107287122946751,
      4.857616662275417,
      4.440092084889027,
      4.448276319507649,
      4.279553790998095,
      4.960050166221278,
      5.371435816641561,
      4.90939358823577,
      5.2982595809460955,
      5.248376309487114,
      5.288998581216377,
      5.017704845949618,
      4.998940053042503,
      4.344232008102136,
      4.199199051255804,
      3.8373209709842655,
      3.6980848933331942,
      3.9193860522869044,
      3.964016792258616,
      2.08064805559234,
      1.8072340397445406,
      1.72302667588852,
      1.3249538158717769,
      1.374023377694305,
      1.8535772923668303,
      0.7271782113772541,
      0.5485192150747594,
      0.43859219858568793,
      0.5227787519584106,
      0.5513823625919209
    ]
  },
  "B": {
    "delta_cosine": [
      -0.00809819013133485,
      4.6977261960360746e-05,
      -7.056949147598154e-05,
      -0.007087238058570614,
      -0.015242821156630922,
      -0.01919629517404197,
      0.06073470424825312,
      -0.0051317882198972905,
      -0.0033305553389975455,
      0.020436332763473983,
      0.10761307853701264,
      -6.847769409906509e-05,
      0.025026230519082187,
      -0.010743646862861965,
      0.009996753421711762,
      0.05050950104038788,
      0.04957768463100708,
      0.034015838927304566,
      -0.029480691894809345,
      -0.023513156534536263,
      -0.0461046862483921,
      0.0034604233877276623,
      0.060332670376176865,
      -0.1025051247374338,
      0.030383764777728216,
      0.009482176507118323,
      0.1289834430539562,
      0.09151675377735453,
      0.33428632878376097,
      0.08538492278595994,
      -0.041767508031730106,
      0.00032902923476512184,
      0.09314678138354607,
      -0.040150584607581065
    ],
    "kl_to_own_final": [
      13.326249771106447,
      13.710243560574696,
      13.548540860488155,
      13.70581313511916,
      13.354140061121004,
      12.886494339061493,
      12.748755255402305,
      12.498802081189407,
      12.460288207051827,
      12.11450962172604,
      12.00941437421877,
      11.574146283142596,
      11.6381635225692,
      11.56426095232462,
      11.475868717934164,
      11.045525048809143,
      10.65266020563464,
      9.838267478405557,
      9.53424633821447,
      9.036178568046918,
      8.596621265445721,
      8.146312675865316,
      8.241552778136233,
      4.842330007448395,
      4.324631551279046,
      3.788404235117148,
      2.856380685991406,
      3.1000102509502616,
      3.529851997437438,
      1.4342365290459296,
      0.8700094577342298,
      0.44465054038049384,
      0.11881589623132449,
      0.0
    ],
    "structural_mass_prob_tier1": [
      0.015980995048019937,
      0.015579953343161073,
      0.011832232513868965,
      0.01194250024621583,
      0.010141806857034988,
      0.009548582634094522,
      0.00917954645665051,
      0.009199932872170177,
      0.006844577839758835,
      0.006744562838207983,
      0.0059295966337321844,
      0.007438165787184366,
      0.006805729304077369,
      0.00703513563920035,
      0.0071957782326924945,
      0.009008899506917842,
      0.009852099257810058,
      0.009010166923807066,
      0.007574309842008194,
      0.009599522941890905,
      0.01214702909148596,
      0.020146086858480183,
      0.01963920166452806,
      0.011641531196517462,
      0.011237329909387105,
      0.010439872709213812,
      0.010488678147001539,
      0.011210170854983865,
      0.012292913520627806,
      0.010767557488645146,
      0.010488003035439421,
      0.010702748777592187,
      0.010399459250063203,
      0.010232018174424897
    ],
    "entropy": [
      4.247787045183101,
      4.204789286370744,
      4.52637764496467,
      4.585154083948502,
      5.15366470778695,
      4.992081655976753,
      4.521101238556885,
      4.604385501769953,
      4.479367125591751,
      5.23540665641944,
      5.703440891068814,
      5.255578095929389,
      5.619974297066709,
      5.537299594378082,
      5.503989670077358,
      5.221644296827654,
      5.190923209270502,
      4.5400297001521555,
      4.3902470805061276,
      3.988070550737708,
      3.6234002399808594,
      4.073787094380499,
      4.190461345979946,
      2.6717687132119514,
      2.3293321115579495,
      2.1734942840822375,
      1.660503659748048,
      1.7557523770039003,
      2.3299135323631766,
      0.9313575887939018,
      0.6221405722011774,
      0.4269466234637,
      0.35876571181478156,
      0.23994510870537372
    ],