{
  "merged_jsonl": "results/exp18_midlate_token_handoff/full_runpod_20260423_095122/pure_flow/mistral_7b/pt/pure_flow_results.jsonl",
  "n_prompts": 600,
  "n_steps": 121813,
  "windows": {
    "early": {
      "by_token_category": {
        "CONTENT": {
          "count": 110278,
          "fraction_positive": 0.4607446634868242,
          "fraction_top1_displaced": 0.6913563902139184,
          "handoff_rate": 0.4607446634868242,
          "margin_delta": 0.8372458766096333,
          "mean_first_top1_layer": 21.64435336150456,
          "mean_first_top20_layer": 16.340974627758936,
          "mean_first_top5_layer": 18.574693048477485,
          "mean_top20_entries": 13.257610765519894,
          "mean_top20_exits": 13.257610765519894,
          "repulsion_top10_delta": -0.7274936427664084,
          "support_target_delta": 0.10975223384324778,
          "teacher_rank_gain": null
        },
        "DISCOURSE": {
          "count": 197,
          "fraction_positive": 0.6040609137055838,
          "fraction_top1_displaced": 0.567005076142132,
          "handoff_rate": 0.6040609137055838,
          "margin_delta": 0.7272003348951043,
          "mean_first_top1_layer": 18.543147208121827,
          "mean_first_top20_layer": 12.710659898477157,
          "mean_first_top5_layer": 15.081218274111675,
          "mean_top20_entries": 11.628934010152285,
          "mean_top20_exits": 11.628934010152285,
          "repulsion_top10_delta": -0.5598986495736522,
          "support_target_delta": 0.16730168532145204,
          "teacher_rank_gain": null
        },
        "FORMAT": {
          "count": 34321,
          "fraction_positive": 0.6803414818915533,
          "fraction_top1_displaced": 0.7700970251449923,
          "handoff_rate": 0.6803414818915533,
          "margin_delta": 0.9524793400518663,
          "mean_first_top1_layer": 21.07016112584132,
          "mean_first_top20_layer": 15.83913638879986,
          "mean_first_top5_layer": 18.200984819789632,
          "mean_top20_entries": 14.191812592873248,
          "mean_top20_exits": 14.191812592873248,
          "repulsion_top10_delta": -0.8226558466349132,
          "support_target_delta": 0.12982349341695615,
          "teacher_rank_gain": null
        },
        "FUNCTION": {
          "count": 31607,
          "fraction_positive": 0.5882241275666783,
          "fraction_top1_displaced": 0.7067864713512737,
          "handoff_rate": 0.5882241275666783,
          "margin_delta": 0.8744180032896306,
          "mean_first_top1_layer": 20.987281298446547,
          "mean_first_top20_layer": 14.54769513082545,
          "mean_first_top5_layer": 17.407030088271586,
          "mean_top20_entries": 13.321726199892387,
          "mean_top20_exits": 13.321726199892387,
          "repulsion_top10_delta": -0.7330237888850447,
          "support_target_delta": 0.14139421440458927,
          "teacher_rank_gain": null
        },
        "FUNCTION_OTHER": {
          "count": 32353,
          "fraction_positive": 0.5843353012085433,
          "fraction_top1_displaced": 0.7073223503229947,
          "handoff_rate": 0.5843353012085433,
          "margin_delta": 0.8747180102017659,
          "mean_first_top1_layer": 20.989212746885915,
          "mean_first_top20_layer": 14.54291719469601,
          "mean_first_top5_layer": 17.39671746051371,
          "mean_top20_entries": 13.321787778567654,
          "mean_top20_exits": 13.321787778567654,
          "repulsion_top10_delta": -0.7329031895178392,
          "support_target_delta": 0.14181482068393209,
          "teacher_rank_gain": null
        },
        "OTHER": {
          "count": 746,
          "fraction_positive": 0.4195710455764075,
          "fraction_top1_displaced": 0.7300268096514722,
          "handoff_rate": 0.4195710455764075,
          "margin_delta": 0.8874288928719214,
          "mean_first_top1_layer": 21.071045576407506,
          "mean_first_top20_layer": 14.340482573726542,
          "mean_first_top5_layer": 16.959785522788202,
          "mean_top20_entries": 13.324396782841825,
          "mean_top20_exits": 13.324396782841825,
          "repulsion_top10_delta": -0.7277935592239652,
          "support_target_delta": 0.15963533364795632,
          "teacher_rank_gain": null
        },
        "PUNCTUATION": {
          "count": 33201,
          "fraction_positive": 0.683262552332761,
          "fraction_top1_displaced": 0.7722116803711032,
          "handoff_rate": 0.683262552332761,
          "margin_delta": 0.9535298208326927,
          "mean_first_top1_layer": 21.139333152615887,
          "mean_first_top20_layer": 15.90822565585374,
          "mean_first_top5_layer": 18.2818589801512,
          "mean_top20_entries": 14.21537303093291,
          "mean_top20_exits": 14.21537303093291,
          "repulsion_top10_delta": -0.825202899392535,
          "support_target_delta": 0.12832692144015925,
          "teacher_rank_gain": null
        },
        "STRUCTURAL": {
          "count": 923,
          "fraction_positive": 0.5915492957746479,
          "fraction_top1_displaced": 0.7373781148428996,
          "handoff_rate": 0.5915492957746479,
          "margin_delta": 0.9627750622747318,
          "mean_first_top1_layer": 19.121343445287106,
          "mean_first_top20_layer": 14.021668472372697,
          "mean_first_top5_layer": 15.95774647887324,
          "mean_top20_entries": 13.89133261105092,
          "mean_top20_exits": 13.89133261105092,
          "repulsion_top10_delta": -0.7871178934553456,
          "support_target_delta": 0.17565716881938637,
          "teacher_rank_gain": null
        }
      }
    },
    "late_reconciliation": {
      "by_token_category": {
        "CONTENT": {
          "count": 110278,
          "fraction_positive": 0.4607446634868242,
          "fraction_top1_displaced": 0.21397670502661248,
          "handoff_rate": 0.4607446634868242,
          "margin_delta": 1.064920857956452,
          "mean_first_top1_layer": 21.64435336150456,
          "mean_first_top20_layer": 16.340974627758936,
          "mean_first_top5_layer": 18.574693048477485,
          "mean_top20_entries": 4.914968743329845,
          "mean_top20_exits": 4.914968743329845,
          "repulsion_top10_delta": 0.038128670936385514,
          "support_target_delta": 1.1030495288928321,
          "teacher_rank_gain": null
        },
        "DISCOURSE": {
          "count": 197,
          "fraction_positive": 0.6040609137055838,
          "fraction_top1_displaced": 0.14681764935572025,
          "handoff_rate": 0.6040609137055838,
          "margin_delta": 0.6149337842446322,
          "mean_first_top1_layer": 18.543147208121827,
          "mean_first_top20_layer": 12.710659898477157,
          "mean_first_top5_layer": 15.081218274111675,
          "mean_top20_entries": 3.7825068332682554,
          "mean_top20_exits": 3.7825068332682554,
          "repulsion_top10_delta": 0.04989663690931086,
          "support_target_delta": 0.6648304211539433,
          "teacher_rank_gain": null
        },
        "FORMAT": {
          "count": 34321,
          "fraction_positive": 0.6803414818915533,
          "fraction_top1_displaced": 0.19483025642516225,
          "handoff_rate": 0.6803414818915533,
          "margin_delta": 0.9050379896685647,
          "mean_first_top1_layer": 21.07016112584132,
          "mean_first_top20_layer": 15.83913638879986,
          "mean_first_top5_layer": 18.200984819789632,
          "mean_top20_entries": 5.158091144018105,
          "mean_top20_exits": 5.158091144018105,
          "repulsion_top10_delta": 0.09984860852617508,
          "support_target_delta": 1.0048865981947515,
          "teacher_rank_gain": null
        },
        "FUNCTION": {
          "count": 31607,
          "fraction_positive": 0.5882241275666783,
          "fraction_top1_displaced": 0.19453577712820533,
          "handoff_rate": 0.5882241275666783,
          "margin_delta": 0.8309309207512563,
          "mean_first_top1_layer": 20.987281298446547,