{
  "n_prompts": 1400,
  "intrinsic_dim": [
    9.187489902787442,
    10.009237584224236,
    9.222754914935036,
    8.950712137940824,
    9.21826041189059,
    8.955919175856312,
    7.3050372247812385,
    7.55018256014049,
    8.104909319952204,
    7.020891339070697,
    7.09182937825305,
    6.897771157055059,
    6.804727558136403,
    8.014569887257558,
    7.118412960618549,
    7.908111021056466,
    7.88668274592378,
    7.683115219757577,
    7.751016542346751,
    7.376468968721808,
    7.785495839257581,
    7.956035651514758,
    8.116826624900662,
    8.264406245314296,
    8.500229992376582,
    8.659355151569997,
    8.604543329395478,
    8.618170987209401,
    8.654960052654221,
    8.380210644599437,
    8.210602941072736,
    8.567129796365302,
    8.668188799470416,
    8.745508770460154
  ],
  "intrinsic_dim_ci_low": [
    8.448394425925796,
    9.276462612112955,
    8.376137713237163,
    7.91676196091688,
    8.378056861039266,
    8.333830696291038,
    6.755646868043436,
    6.7368125312629346,
    7.362064483460252,
    6.17987927634877,
    6.574109537328691,
    6.156928364126777,
    6.336803351381174,
    6.9786785926498425,
    6.5573038996586925,
    7.264704340542581,
    7.293447791253183,
    7.054705342038803,
    7.079779730239294,
    6.846258315736318,
    7.1740481509081055,
    7.414871543258672,
    7.547396895943988,
    7.698112763475181,
    7.893522136602848,
    8.02355991324355,
    8.01954430873007,
    7.957587505980938,
    7.998632289214985,
    7.712109026085777,
    7.738740722363507,
    8.206622242069015,
    8.138167469146294,
    8.350203659363455
  ],
  "intrinsic_dim_ci_high": [
    9.822886415365414,
    10.713615250041165,
    10.190403071904955,
    9.136121876746445,
    9.397695653489869,
    9.101899022632992,
    8.022511627431907,
    7.91659855749389,
    8.24812823606978,
    7.272820898452849,
    7.514657128631982,
    7.541169682199473,
    7.406925727993287,
    8.185419178955655,
    7.738820898035908,
    8.23540683574975,
    8.21166409271295,
    8.118725020172056,
    8.130054591404031,
    7.846926206713853,
    8.328336800872895,
    8.71183837424604,
    8.73843588191621,
    8.852471436058647,
    9.161698670292191,
    9.23017646273873,
    9.27952465054037,
    9.350142543738384,
    9.457389433397891,
    8.956488077974605,
    8.9536934772023,
    9.362095569878019,
    9.285298201432472,
    9.670878039520227
  ],
  "model": "gemma3_4b",
  "variant": "it",
  "n_layers": 34
}