{
  "residuals_npz": "/root/results/cross_model_runs/l8_eval_20260414_v2_gemma3_4b/gemma3_4b/it/L8_residuals.npz",
  "n_prompts_used": 1400,
  "metrics": {
    "participation_ratio": [
      2.972704077683612,
      4.545016968461883,
      3.019512662193541,
      2.1617687274367015,
      1.9038696531882686,
      1.864899530571871,
      1.692330854998753,
      1.3843013504024864,
      1.224288779100544,
      1.1444758432072355,
      1.1202826911142236,
      1.1660812247162635,
      1.2551605592961534,
      1.2963900127590873,
      1.2763774310765506,
      1.2264596404701622,
      1.6103738242273768,
      1.8308427000598972,
      2.055667454545626,
      2.5133385274096387,
      3.656767761314819,
      4.835020289362405,
      6.047677457745775,
      6.421620676967167,
      6.951383689629141,
      8.03639282256167,
      8.69286891065136,
      8.743381406179054,
      9.35132363014575,
      9.474005002230474,
      8.622134898338782,
      9.914568118527683,
      10.860363426079275,
      3.769932633981935
    ],
    "effective_rank": [
      5.151317442794159,
      10.081806278393248,
      5.940515105266273,
      4.344202254924036,
      3.8228604557690082,
      3.899011658028607,
      3.506395970039566,
      2.3789446148317293,
      1.855602430701869,
      1.5676914050217998,
      1.4798495870945423,
      1.6818796167369285,
      2.0531604856992463,
      2.1702875262301964,
      2.0794431886888955,
      1.9641514812165448,
      3.6428509772476305,
      4.942517684540843,
      5.939110152354383,
      8.355249058674584,
      13.574905873292492,
      18.96616785425598,
      24.048529138305238,
      26.684463105091595,
      29.285237984035586,
      32.565857400943415,
      37.59899567460283,
      39.18910237854659,
      42.72416017689737,
      45.623070248485476,
      45.56058102986436,
      52.505535532758984,
      56.982499058731506,
      21.43380904816664
    ],
    "pc1_ratio": [
      0.4904397069338731,
      0.35658884014230763,
      0.522443024153432,
      0.6613851150566162,
      0.7136075672504991,
      0.7230013851309588,
      0.7627924296615015,
      0.8475128388930759,
      0.9029679321058189,
      0.9344142432488399,
      0.9445531945086845,
      0.9257243151017217,
      0.891886143930874,
      0.8770955319128158,
      0.8839977628920916,
      0.9023919307341796,
      0.7847893010219157,
      0.7348376127464594,
      0.6909468144658886,
      0.6207130652199893,
      0.5018069456724302,
      0.4233694861201387,
      0.36507415196695986,
      0.3512121927775638,
      0.3305276018635803,
      0.29274759236277403,
      0.28110854954693515,
      0.28285612227069834,
      0.2691537916088337,
      0.27108426203095426,
      0.29805376387161536,
      0.27151923614479984,
      0.25584677520665583,
      0.5050227549157982
    ],
    "pc5_ratio": [
      0.914461150254457,
      0.8083589113342772,
      0.8939426669935352,
      0.9145556520162513,
      0.9198294947799592,
      0.9110257859801542,
      0.9121293965953227,
      0.9464487796605511,
      0.9631955699762963,
      0.9744934488203217,
      0.9788046503751618,
      0.9680139643995082,
      0.9525883626485158,
      0.9521909769717892,
      0.9575802107576569,
      0.956195051400798,
      0.9063657271988548,
      0.87082961742189,
      0.8553866115112838,
      0.8168106876709799,
      0.7597905451928597,
      0.7131144767790886,
      0.6786577498046398,
      0.663423831441485,
      0.6506977897260345,
      0.6318958479025429,
      0.6076838406521553,
      0.5987306352595914,
      0.5850353630595707,
      0.5762491702247491,
      0.5785293036188197,
      0.5552148535786672,
      0.5402242191179248,
      0.6768807102920553
    ],
    "pc10_ratio": [
      0.9451594405228408,
      0.8775109170190996,
      0.9373691422398633,
      0.9493723787345433,
      0.9524626003109818,
      0.9447848608990529,
      0.9436549835152888,
      0.9657297901403408,
      0.97463541131935,
      0.9818614981079197,
      0.984428231480471,
      0.9763016978739559,
      0.9656985672595796,
      0.9651223181569963,
      0.9680605783001992,
      0.9656709927983639,
      0.9277207695335892,
      0.897196027142798,
      0.8861895436393263,
      0.8555202270505528,
      0.8107920559667959,
      0.7747543564142294,
      0.7453909818098011,
      0.7296422340612808,
      0.7164018162852455,
      0.7047671052110296,
      0.6800538085222808,
      0.6735896650379652,
      0.6603131001009137,
      0.6488069217900567,
      0.6462951763787842,
      0.6262784310095658,
      0.6137913462221201,
      0.7299043691038212
    ]
  },
  "summary": {
    "late_start_layer": 27,
    "participation_ratio_last": 3.769932633981935,
    "participation_ratio_late_mean": 8.676529873640423,
    "effective_rank_last": 21.43380904816664,
    "effective_rank_late_mean": 43.43125106763585,
    "pc1_ratio_last": 0.5050227549157982,
    "pc1_ratio_late_mean": 0.30764810086419364,
    "pc5_ratio_last": 0.6768807102920553,
    "pc5_ratio_late_mean": 0.5872663221644826,
    "pc10_ratio_last": 0.7299043691038212,
    "pc10_ratio_late_mean": 0.6569970013776038
  }
}