{
  "model": "llama31_8b",
  "n_prompts": 200,
  "profiles": {
    "1.0": {
      "alpha": 1.0,
      "id_twonn": [
        2.3501095356295734,
        2.9619625977020236,
        3.5087100682009473,
        4.091624665013413,
        4.694553346969705,
        6.128773536909694,
        6.690128774031755,
        7.584609340931126,
        8.376287884450734,
        8.42222131829552,
        8.793728728011187,
        9.500725197832308,
        9.757730486919604,
        8.920462723604242,
        9.248078851123141,
        9.209530240197296,
        8.47510574056211,
        7.8649611385990825,
        7.903868491352033,
        7.485483934498783,
        7.693963925146938,
        7.718331627647903,
        7.241502353120273,
        7.535845607287825,
        6.934560565216094,
        7.3537171932105885,
        6.847117927015542,
        7.050102252494602,
        6.364068972368473,
        6.510357077670079,
        6.3968710243489575,
        6.180755456911086
      ],
      "n_tokens": 5000,
      "n_layers": 32
    },
    "0.0": {
      "alpha": 0.0,
      "id_twonn": [
        2.3981972012996184,
        3.5509206754027263,
        3.9771945017325527,
        4.677359240959487,
        5.607770135784356,
        6.395195038334265,
        7.092389811850389,
        8.612477100475232,
        9.057779702881419,
        9.232381174048442,
        9.786306071567065,
        10.155468995680323,
        10.323065751608965,
        9.704690030154516,
        10.3918112616487,
        9.36256506531075,
        9.066281850802078,
        8.207835872361533,
        8.010743822400046,
        8.403014656978922,
        8.459958723179424,
        8.132633348826404,
        7.999967820870834,
        8.246818844554014,
        8.013837282579376,
        8.063198303208788,
        7.288988573030121,
        7.716925996729995,
        7.460089035465543,
        7.722018305397175,
        7.210378362841137,
        7.734646808886849
      ],
      "n_tokens": 5000,
      "n_layers": 32
    },
    "-1.0": {
      "alpha": -1.0,
      "id_twonn": [
        2.5665367780197847,
        3.467896082264917,
        4.029805063297243,
        4.540347490741019,
        5.112037202290376,
        6.757636801380709,
        7.2651381792310294,
        8.203507651239928,
        9.607148008770341,
        9.67168942469508,
        9.627472343729764,
        10.056398785259928,
        10.68107981580433,
        10.056484729003786,
        9.94820299681657,
        9.375928693498304,
        9.407593608720461,
        8.371444777994673,
        8.175953159371314,
        8.24395901427177,
        8.66058758174138,
        8.020176854673313,
        7.670447758027803,
        7.376341660507706,
        7.870369012259954,
        7.37998678862411,
        7.346396675979081,
        7.945742952955161,
        7.622666112561625,
        7.930312191898017,
        7.567717386726627,
        7.504577909383478
      ],
      "n_tokens": 5000,
      "n_layers": 32
    }
  }
}