{
  "merged_jsonl": "results/exp18_midlate_token_handoff/full_runpod_20260423_095122/pure_flow/llama31_8b/pt/pure_flow_results.jsonl",
  "n_prompts": 600,
  "n_steps": 30385,
  "windows": {
    "early": {
      "by_token_category": {
        "CONTENT": {
          "count": 29118,
          "fraction_positive": 0.22254275705749021,
          "fraction_top1_displaced": 0.855051857957324,
          "handoff_rate": 0.22254275705749021,
          "margin_delta": 1.962364875048881,
          "mean_first_top1_layer": 23.900473933649288,
          "mean_first_top20_layer": 21.317741603132085,
          "mean_first_top5_layer": 22.239920324198092,
          "mean_top20_entries": 15.85927604917899,
          "mean_top20_exits": 15.85927604917899,
          "repulsion_top10_delta": -1.9426177929929007,
          "support_target_delta": 0.01974708205597514,
          "teacher_rank_gain": null
        },
        "DISCOURSE": {
          "count": 119,
          "fraction_positive": 0.7563025210084033,
          "fraction_top1_displaced": 0.809243697478992,
          "handoff_rate": 0.7563025210084033,
          "margin_delta": 1.6797010650206745,
          "mean_first_top1_layer": 21.285714285714285,
          "mean_first_top20_layer": 17.65546218487395,
          "mean_first_top5_layer": 18.647058823529413,
          "mean_top20_entries": 15.98067226890756,
          "mean_top20_exits": 15.98067226890756,
          "repulsion_top10_delta": -1.860089293916459,
          "support_target_delta": -0.18038822889578443,
          "teacher_rank_gain": null
        },
        "FORMAT": {
          "count": 7388,
          "fraction_positive": 0.1839469409853817,
          "fraction_top1_displaced": 0.8640768814293339,
          "handoff_rate": 0.1839469409853817,
          "margin_delta": 1.8367746487251426,
          "mean_first_top1_layer": 26.28126691932864,
          "mean_first_top20_layer": 21.660936654033566,
          "mean_first_top5_layer": 23.511640498105034,
          "mean_top20_entries": 15.908094206821863,
          "mean_top20_exits": 15.908094206821863,
          "repulsion_top10_delta": -1.9725512990443304,
          "support_target_delta": -0.13577665031918318,
          "teacher_rank_gain": null
        },
        "FUNCTION": {
          "count": 8353,
          "fraction_positive": 0.5541721537172274,
          "fraction_top1_displaced": 0.8524721656889546,
          "handoff_rate": 0.5541721537172274,
          "margin_delta": 1.8368692664697375,
          "mean_first_top1_layer": 21.55920028732192,
          "mean_first_top20_layer": 18.342272237519452,
          "mean_first_top5_layer": 19.628756135520174,
          "mean_top20_entries": 15.637435651861635,
          "mean_top20_exits": 15.637435651861635,
          "repulsion_top10_delta": -1.8503822470117113,
          "support_target_delta": -0.013512980541970109,
          "teacher_rank_gain": null
        },
        "FUNCTION_OTHER": {
          "count": 8438,
          "fraction_positive": 0.5551078454610097,
          "fraction_top1_displaced": 0.852429485660089,
          "handoff_rate": 0.5551078454610097,
          "margin_delta": 1.8394083496923557,
          "mean_first_top1_layer": 21.557241052382082,
          "mean_first_top20_layer": 18.34166864185826,
          "mean_first_top5_layer": 19.62680730030813,
          "mean_top20_entries": 15.637425930315265,
          "mean_top20_exits": 15.637425930315265,
          "repulsion_top10_delta": -1.850824505075002,
          "support_target_delta": -0.011416155382642939,
          "teacher_rank_gain": null
        },
        "OTHER": {
          "count": 85,
          "fraction_positive": 0.6470588235294118,
          "fraction_top1_displaced": 0.8482352941176465,
          "handoff_rate": 0.6470588235294118,
          "margin_delta": 2.088925551557366,
          "mean_first_top1_layer": 21.36470588235294,
          "mean_first_top20_layer": 18.28235294117647,
          "mean_first_top5_layer": 19.435294117647057,
          "mean_top20_entries": 15.636470588235296,
          "mean_top20_exits": 15.636470588235296,
          "repulsion_top10_delta": -1.8942854651063683,
          "support_target_delta": 0.19464008645099762,
          "teacher_rank_gain": null
        },
        "PUNCTUATION": {
          "count": 6783,
          "fraction_positive": 0.14772224679345422,
          "fraction_top1_displaced": 0.8632463511720448,
          "handoff_rate": 0.14772224679345422,
          "margin_delta": 1.8257257160701175,
          "mean_first_top1_layer": 26.661948990122365,
          "mean_first_top20_layer": 21.91154356479434,
          "mean_first_top5_layer": 23.837829868789623,
          "mean_top20_entries": 15.906486805248413,
          "mean_top20_exits": 15.906486805248413,
          "repulsion_top10_delta": -1.9759254090318343,
          "support_target_delta": -0.1501996929617109,
          "teacher_rank_gain": null
        },
        "STRUCTURAL": {
          "count": 486,
          "fraction_positive": 0.5493827160493827,
          "fraction_top1_displaced": 0.8890946502057605,
          "handoff_rate": 0.5493827160493827,
          "margin_delta": 2.0294426871199316,
          "mean_first_top1_layer": 22.191358024691358,
          "mean_first_top20_layer": 19.144032921810698,
          "mean_first_top5_layer": 20.150205761316872,
          "mean_top20_entries": 15.91275720164608,
          "mean_top20_exits": 15.91275720164608,
          "repulsion_top10_delta": -1.9529965471204331,
          "support_target_delta": 0.07644613999950055,
          "teacher_rank_gain": null
        }
      }
    },
    "late_reconciliation": {
      "by_token_category": {
        "CONTENT": {
          "count": 29118,
          "fraction_positive": 0.22254275705749021,
          "fraction_top1_displaced": 0.29142956775345596,
          "handoff_rate": 0.22254275705749021,
          "margin_delta": 1.638376471434809,
          "mean_first_top1_layer": 23.900473933649288,
          "mean_first_top20_layer": 21.317741603132085,
          "mean_first_top5_layer": 22.239920324198092,
          "mean_top20_entries": 7.109659898450434,
          "mean_top20_exits": 7.109659898450434,
          "repulsion_top10_delta": -0.1543962698570596,
          "support_target_delta": 1.4839802015777377,
          "teacher_rank_gain": null
        },
        "DISCOURSE": {
          "count": 119,
          "fraction_positive": 0.7563025210084033,
          "fraction_top1_displaced": 0.16612798965740133,
          "handoff_rate": 0.7563025210084033,
          "margin_delta": 0.9075435829907534,
          "mean_first_top1_layer": 21.285714285714285,
          "mean_first_top20_layer": 17.65546218487395,
          "mean_first_top5_layer": 18.647058823529413,
          "mean_top20_entries": 4.9457013574660635,
          "mean_top20_exits": 4.9457013574660635,
          "repulsion_top10_delta": -0.015772360261727146,
          "support_target_delta": 0.8917712227290261,
          "teacher_rank_gain": null
        },
        "FORMAT": {
          "count": 7388,
          "fraction_positive": 0.1839469409853817,
          "fraction_top1_displaced": 0.33801174461705286,
          "handoff_rate": 0.1839469409853817,
          "margin_delta": 1.582063660210497,
          "mean_first_top1_layer": 26.28126691932864,
          "mean_first_top20_layer": 21.660936654033566,
          "mean_first_top5_layer": 23.511640498105034,
          "mean_top20_entries": 7.800383157719384,
          "mean_top20_exits": 7.800383157719384,
          "repulsion_top10_delta": -0.1794570195374109,
          "support_target_delta": 1.4026066406730942,
          "teacher_rank_gain": null
        },
        "FUNCTION": {
          "count": 8353,
          "fraction_positive": 0.5541721537172274,
          "fraction_top1_displaced": 0.1918150088867325,
          "handoff_rate": 0.5541721537172274,
          "margin_delta": 1.2653044375423765,
          "mean_first_top1_layer": 21.55920028732192,