{
  "merged_jsonl": "results/exp18_midlate_token_handoff/full_runpod_20260423_095122/pure_flow/qwen3_4b/it/pure_flow_results.jsonl",
  "n_prompts": 600,
  "n_steps": 125160,
  "windows": {
    "early": {
      "by_token_category": {
        "CONTENT": {
          "count": 114168,
          "fraction_positive": 0.24080302711793147,
          "fraction_top1_displaced": 0.6112953159934981,
          "handoff_rate": 0.24080302711793147,
          "margin_delta": 1.443588594349147,
          "mean_first_top1_layer": 28.130124027748582,
          "mean_first_top20_layer": 23.185533599607595,
          "mean_first_top5_layer": 25.324329058930697,
          "mean_top20_entries": 11.199442926213784,
          "mean_top20_exits": 11.199442926213784,
          "repulsion_top10_delta": -1.4004482642828224,
          "support_target_delta": 0.04314033006636003,
          "teacher_rank_gain": null
        },
        "DISCOURSE": {
          "count": 393,
          "fraction_positive": 0.5572519083969466,
          "fraction_top1_displaced": 0.6335877862595397,
          "handoff_rate": 0.5572519083969466,
          "margin_delta": 1.294783867385455,
          "mean_first_top1_layer": 26.60050890585242,
          "mean_first_top20_layer": 19.704834605597963,
          "mean_first_top5_layer": 21.610687022900763,
          "mean_top20_entries": 11.51607679851955,
          "mean_top20_exits": 11.51607679851955,
          "repulsion_top10_delta": -1.2649304076939607,
          "support_target_delta": 0.02985345969149394,
          "teacher_rank_gain": null
        },
        "FORMAT": {
          "count": 38526,
          "fraction_positive": 0.34872553600166123,
          "fraction_top1_displaced": 0.6170543623431975,
          "handoff_rate": 0.34872553600166123,
          "margin_delta": 1.6146201717389035,
          "mean_first_top1_layer": 27.097778123864405,
          "mean_first_top20_layer": 21.895758708404713,
          "mean_first_top5_layer": 23.973135025696934,
          "mean_top20_entries": 11.347684916443692,
          "mean_top20_exits": 11.347684916443692,
          "repulsion_top10_delta": -1.5303709909646357,
          "support_target_delta": 0.0842491807742429,
          "teacher_rank_gain": null
        },
        "FUNCTION": {
          "count": 28292,
          "fraction_positive": 0.39466987134172204,
          "fraction_top1_displaced": 0.5871688752361537,
          "handoff_rate": 0.39466987134172204,
          "margin_delta": 1.555120498797365,
          "mean_first_top1_layer": 27.642725858900043,
          "mean_first_top20_layer": 22.00593807436731,
          "mean_first_top5_layer": 24.353951647108723,
          "mean_top20_entries": 10.702800663213456,
          "mean_top20_exits": 10.702800663213456,
          "repulsion_top10_delta": -1.4923160988302167,
          "support_target_delta": 0.06280439996713726,
          "teacher_rank_gain": null
        },
        "FUNCTION_OTHER": {
          "count": 29550,
          "fraction_positive": 0.3835871404399323,
          "fraction_top1_displaced": 0.5893924011690254,
          "handoff_rate": 0.3835871404399323,
          "margin_delta": 1.5649970826920836,
          "mean_first_top1_layer": 27.788358714043994,
          "mean_first_top20_layer": 22.21160744500846,
          "mean_first_top5_layer": 24.543147208121827,
          "mean_top20_entries": 10.756428241808914,
          "mean_top20_exits": 10.756428241808914,
          "repulsion_top10_delta": -1.5031728552931694,
          "support_target_delta": 0.06182422739890157,
          "teacher_rank_gain": null
        },
        "OTHER": {
          "count": 1258,
          "fraction_positive": 0.1343402225755167,
          "fraction_top1_displaced": 0.6393987570458194,
          "handoff_rate": 0.1343402225755167,
          "margin_delta": 1.787118157055558,
          "mean_first_top1_layer": 31.063593004769476,
          "mean_first_top20_layer": 26.83704292527822,
          "mean_first_top5_layer": 28.798092209856915,
          "mean_top20_entries": 11.962494580141636,
          "mean_top20_exits": 11.962494580141636,
          "repulsion_top10_delta": -1.7473376834726566,
          "support_target_delta": 0.039780473582902,
          "teacher_rank_gain": null
        },
        "PUNCTUATION": {
          "count": 25482,
          "fraction_positive": 0.34027941291892316,
          "fraction_top1_displaced": 0.5969454374210483,
          "handoff_rate": 0.34027941291892316,
          "margin_delta": 1.6717969148804557,
          "mean_first_top1_layer": 27.41287967977396,
          "mean_first_top20_layer": 22.265481516364492,
          "mean_first_top5_layer": 24.14920335923397,
          "mean_top20_entries": 11.169681272341982,
          "mean_top20_exits": 11.169681272341982,
          "repulsion_top10_delta": -1.5642533846815603,
          "support_target_delta": 0.10754353019889398,
          "teacher_rank_gain": null
        },
        "STRUCTURAL": {
          "count": 12651,
          "fraction_positive": 0.35926013753853453,
          "fraction_top1_displaced": 0.6570447179885803,
          "handoff_rate": 0.35926013753853453,
          "margin_delta": 1.5093887986361605,
          "mean_first_top1_layer": 26.478539245909413,
          "mean_first_top20_layer": 21.21911311358786,
          "mean_first_top5_layer": 23.69188206465892,
          "mean_top20_entries": 11.70099381292169,
          "mean_top20_exits": 11.70099381292169,
          "repulsion_top10_delta": -1.470369962787489,
          "support_target_delta": 0.03901883584866689,
          "teacher_rank_gain": null
        }
      }
    },
    "late_reconciliation": {
      "by_token_category": {
        "CONTENT": {
          "count": 114168,
          "fraction_positive": 0.24080302711793147,
          "fraction_top1_displaced": 0.3159554340971137,
          "handoff_rate": 0.24080302711793147,
          "margin_delta": 2.27099202213553,
          "mean_first_top1_layer": 28.130124027748582,
          "mean_first_top20_layer": 23.185533599607595,
          "mean_first_top5_layer": 25.324329058930697,
          "mean_top20_entries": 6.186142977266383,
          "mean_top20_exits": 6.186142977266383,
          "repulsion_top10_delta": 0.22071236701476518,
          "support_target_delta": 2.491704389150264,
          "teacher_rank_gain": null
        },
        "DISCOURSE": {
          "count": 393,
          "fraction_positive": 0.5572519083969466,
          "fraction_top1_displaced": 0.25536168665939657,
          "handoff_rate": 0.5572519083969466,
          "margin_delta": 1.6487713034566531,
          "mean_first_top1_layer": 26.60050890585242,
          "mean_first_top20_layer": 19.704834605597963,
          "mean_first_top5_layer": 21.610687022900763,
          "mean_top20_entries": 4.803525990548891,
          "mean_top20_exits": 4.803525990548891,
          "repulsion_top10_delta": 0.5771934509244699,
          "support_target_delta": 2.225964754381123,
          "teacher_rank_gain": null
        },
        "FORMAT": {
          "count": 38526,
          "fraction_positive": 0.34872553600166123,
          "fraction_top1_displaced": 0.27669254900215695,
          "handoff_rate": 0.34872553600166123,
          "margin_delta": 2.5121129810356044,
          "mean_first_top1_layer": 27.097778123864405,
          "mean_first_top20_layer": 21.895758708404713,
          "mean_first_top5_layer": 23.973135025696934,
          "mean_top20_entries": 6.118928960776036,
          "mean_top20_exits": 6.118928960776036,
          "repulsion_top10_delta": 0.29829305232390035,
          "support_target_delta": 2.8104060333595227,
          "teacher_rank_gain": null
        },
        "FUNCTION": {
          "count": 28292,
          "fraction_positive": 0.39466987134172204,
          "fraction_top1_displaced": 0.28938771182160666,
          "handoff_rate": 0.39466987134172204,
          "margin_delta": 1.9979995249239118,