{
  "n_prompts": 1400,
  "intrinsic_dim": [
    5.370530576523216,
    6.987486478035972,
    7.007551458483114,
    7.803781329496625,
    8.614984395612732,
    9.098325973806475,
    9.108328776982887,
    9.237568025450813,
    9.392467371290792,
    9.773894491991095,
    9.504964454780165,
    9.524331676293734,
    10.160163668715272,
    10.2811322968524,
    10.306562124976404,
    10.517536684288636,
    10.777031556309112,
    10.284503798841287,
    10.035844504889068,
    9.87017264089425,
    9.93066696376381,
    9.980521016999582,
    9.801421995576687,
    9.540079042384953,
    9.631716486251971,
    9.728904275486137,
    10.436615936267632
  ],
  "intrinsic_dim_ci_low": [
    4.5475204510378475,
    6.278180632475192,
    6.188337595473702,
    6.828204807515789,
    7.736232466018642,
    8.074583831705981,
    8.304318016934227,
    8.533542677792727,
    8.663561423167655,
    8.996013347022533,
    8.52120654754345,
    8.710464050485445,
    9.372324655205427,
    9.426388445114753,
    9.477298266895733,
    9.786010411845002,
    10.134147537087077,
    9.56931729241377,
    9.301636565516452,
    9.326961654952683,
    9.267758943661843,
    9.352279301980994,
    9.196615843963757,
    8.911286309804256,
    9.0037921312574,
    9.140557585949034,
    9.962008455813045
  ],
  "intrinsic_dim_ci_high": [
    6.385915017755927,
    8.081963247551668,
    8.095321352804248,
    9.051807218388046,
    9.431646502924202,
    9.842183274305327,
    10.091743480557568,
    10.103173697523307,
    10.38040249962233,
    10.873186900558332,
    10.478415401495441,
    11.00888602914611,
    11.56726878864602,
    11.576260114319242,
    11.39866929072639,
    11.909062487408567,
    11.406222349962206,
    10.964553617757185,
    10.71031320819525,
    10.881774879421672,
    10.861975311122848,
    10.750282775547463,
    10.641917299365977,
    10.402800473233498,
    10.628364197633907,
    10.411818652631275,
    11.542831059945977
  ],
  "model": "deepseek_v2_lite",
  "variant": "pt",
  "n_layers": 27
}