{
  "residuals_npz": "/root/results/cross_model_runs/l8_eval_20260414_v2_deepseek_v2_lite/deepseek_v2_lite/pt/L8_residuals.npz",
  "n_prompts_used": 1400,
  "metrics": {
    "participation_ratio": [
      2.9544045810091095,
      3.29769913415566,
      4.118781996836943,
      4.4658582531111195,
      5.609094879436932,
      6.361557474572744,
      8.941923118825803,
      9.565614777525754,
      11.165434558529425,
      12.031982801107082,
      12.508411246548173,
      12.81833345866778,
      12.40685511896593,
      14.556199866130122,
      16.39156695783541,
      16.810680368359236,
      19.379447885375843,
      17.338282947614175,
      18.820660832079305,
      23.62727421325638,
      24.926808790613702,
      26.14693963308763,
      25.854617934570555,
      26.709164651952534,
      28.2511464823526,
      24.257263032933803,
      7.434201885151706
    ],
    "effective_rank": [
      7.2972762645718845,
      10.762957665540746,
      13.186840440602607,
      15.328449633125597,
      21.366441253045366,
      25.218886970849347,
      38.88356733674219,
      43.70861244657195,
      50.27922604149705,
      54.7364294990882,
      56.04590490729035,
      56.91549106492905,
      59.55003838403361,
      72.0490071729757,
      80.12101646319033,
      82.36053254547997,
      93.97856377879518,
      86.65543710556042,
      90.88433032617274,
      120.98914944513244,
      128.04001001952926,
      132.27412603683774,
      130.80494072910204,
      133.37385529089883,
      144.83064933357926,
      128.98179761984085,
      44.75996903045602
    ],
    "pc1_ratio": [
      0.5655428389654443,
      0.5391996007453747,
      0.46336693164538845,
      0.43990810959229,
      0.3861865774385549,
      0.3554042702293025,
      0.28891335708063753,
      0.2821132222418106,
      0.25030013989891253,
      0.23455829359888766,
      0.21793701249876904,
      0.2168275069051411,
      0.22496959595343693,
      0.20233690180347327,
      0.18235572852440657,
      0.1817643155867813,
      0.15886620199249413,
      0.18390560958336297,
      0.1701712883060053,
      0.1469649584062349,
      0.14212495652702728,
      0.13562641163637468,
      0.13484188908757688,
      0.128901492848159,
      0.12939071953056863,
      0.1531269492322073,
      0.33725708310533636
    ],
    "pc5_ratio": [
      0.8122479588327333,
      0.7391060071256257,
      0.7345673487623695,
      0.7289272858101626,
      0.6772501352628023,
      0.6517752717791389,
      0.5778154805551995,
      0.5532521196187788,
      0.5310626263800838,
      0.5111972099902005,
      0.5075237798041902,
      0.5058392819431333,
      0.5061831815905533,
      0.47375822462773304,
      0.4549199702245736,
      0.4509218468945063,
      0.4257692610032872,
      0.4445680437562426,
      0.43276494865675313,
      0.387142278387785,
      0.3769481701548909,
      0.3692477736520054,
      0.3716299492973425,
      0.3654705878898956,
      0.35341905980986066,
      0.37138795920397016,
      0.568176720790055
    ],
    "pc10_ratio": [
      0.8881350248321142,
      0.8285364365059615,
      0.8155874519686664,
      0.8047376486431072,
      0.760670153111185,
      0.7394464810747079,
      0.6736469287485026,
      0.6519783241953865,
      0.630252275134776,
      0.613992225753045,
      0.611343887696481,
      0.6093263871641972,
      0.6004741439054064,
      0.5672633002659517,
      0.5477587478558694,
      0.5418679257379303,
      0.5157848626195756,
      0.5288492060596773,
      0.5182473354033983,
      0.4696311269785571,
      0.4590190166443361,
      0.451707217557701,
      0.45237516496149577,
      0.44742128891526156,
      0.4338331063161552,
      0.4557192134493668,
      0.6395944403010345
    ]
  },
  "summary": {
    "late_start_layer": 21,
    "participation_ratio_last": 7.434201885151706,
    "participation_ratio_late_mean": 23.108888936674802,
    "effective_rank_last": 44.75996903045602,
    "effective_rank_late_mean": 119.17088967345244,
    "pc1_ratio_last": 0.33725708310533636,
    "pc1_ratio_late_mean": 0.16985742424003714,
    "pc5_ratio_last": 0.568176720790055,
    "pc5_ratio_late_mean": 0.3998886751071882,
    "pc10_ratio_last": 0.6395944403010345,
    "pc10_ratio_late_mean": 0.4801084052501691
  }
}