{
  "benchmarks": {
    "structural_token_ratio": {
      "corrective direction": {
        "alphas": [
          -5.0,
          -3.0,
          -2.0,
          -1.0,
          -0.5,
          0.0,
          0.25,
          0.5,
          0.75,
          1.0,
          1.5,
          2.0,
          3.0,
          5.0
        ],
        "values": [
          0.07420124863328822,
          0.11532051125805395,
          0.08286607812255417,
          0.05820743228754906,
          0.05777577535148522,
          0.055490334978815524,
          0.05330885390088437,
          0.05207729132521362,
          0.05145884919977041,
          0.04936480542251297,
          0.04801714226800333,
          0.05197288581443609,
          0.3180104277770967,
          0.5825949971730923
        ]
      },
      "magnitude-matched random": {
        "alphas": [
          -5.0,
          -3.0,
          -2.0,
          -1.0,
          -0.5,
          0.0,
          0.25,
          0.5,
          0.75,
          1.0,
          1.5,
          2.0,
          3.0,
          5.0
        ],
        "values": [
          0.07377982149051159,
          0.021654175335528273,
          0.01797546532695609,
          0.03891819574068504,
          0.04172663705979697,
          0.044503526441605816,
          0.04631053308267732,
          0.04720412236184066,
          0.048067616878203774,
          0.04936480542251297,
          0.0504604521447974,
          0.05069619490898705,
          0.07336941336719803,
          0.20069042600423265
        ]
      },
      "multiseed": {
        "alphas": [
          -1.0,
          0.0,
          0.5,
          1.0,
          2.0
        ],
        "means": [
          0.07438748133308767,
          0.0496454502992046,
          0.049462407646734735,
          0.04936480542251297,
          0.050717921077946204
        ],
        "stds": [
          0.05142890930814037,
          0.00406069227221914,
          0.001589789710468303,
          0.0,
          0.0016805716331472576
        ],
        "n_seeds": 5
      }
    },
    "exp3_reasoning_em": {
      "corrective direction": {
        "alphas": [
          -5.0,
          -3.0,
          -2.0,
          -1.0,
          -0.5,
          0.0,
          0.25,
          0.5,
          0.75,
          1.0,
          1.5,
          2.0,
          3.0,
          5.0
        ],
        "values": [
          0.02,
          0.045,
          0.11,
          0.295,
          0.415,
          0.505,
          0.535,
          0.585,
          0.52,
          0.53,
          0.535,
          0.49,
          0.125,
          0.0
        ]
      },
      "magnitude-matched random": {
        "alphas": [
          -5.0,
          -3.0,
          -2.0,
          -1.0,
          -0.5,
          0.0,
          0.25,
          0.5,
          0.75,
          1.0,
          1.5,
          2.0,
          3.0,
          5.0
        ],
        "values": [
          0.0,
          0.0,
          0.01,
          0.12,
          0.365,
          0.485,
          0.5,
          0.52,
          0.515,
          0.53,
          0.55,
          0.535,
          0.25,
          0.08
        ]
      },
      "multiseed": {
        "alphas": [
          -1.0,
          0.0,
          0.5,
          1.0,
          2.0
        ],
        "means": [
          0.174,
          0.5279999999999999,
          0.534,
          0.53,
          0.5529999999999999
        ],
        "stds": [
          0.05781435807824904,
          0.047644516998286375,
          0.02902585054740001,
          0.0,
          0.0459075157245521
        ],
        "n_seeds": 5
      }
    },
    "exp3_alignment_behavior": {
      "corrective direction": {
        "alphas": [
          -5.0,
          -3.0,
          -2.0,
          -1.0,
          -0.5,
          0.0,
          0.25,
          0.5,
          0.75,
          1.0,
          1.5,
          2.0,
          3.0,
          5.0
        ],
        "values": [
          0.52,
          0.5066666666666667,
          0.52,
          0.62,
          0.5866666666666667,
          0.56,
          0.5733333333333334,
          0.5866666666666667,
          0.5733333333333334,
          0.58,
          0.5733333333333334,
          0.78,
          0.8266666666666667,
          0.92
        ]
      },
      "magnitude-matched random": {
        "alphas": [
          -5.0,
          -3.0,
          -2.0,
          -1.0,
          -0.5,
          0.0,
          0.25,
          0.5,
          0.75,
          1.0,
          1.5,
          2.0,
          3.0,
          5.0
        ],
        "values": [
          0.8066666666666666,
          0.7933333333333333,
          0.74,
          0.6933333333333334,
          0.7533333333333333,
          0.7466666666666667,
          0.6266666666666667,
          0.6266666666666667,
          0.6133333333333333,
          0.58,
          0.5333333333333333,
          0.52,
          0.5466666666666666,
          0.58
        ]
      },
      "multiseed": {
        "alphas": [
          -1.0,
          0.0,
          0.5,
          1.0,
          2.0
        ],
        "means": [
          0.62,
          0.6386666666666667,
          0.5626666666666666,
          0.58,
          0.6093333333333333
        ],
        "stds": [
          0.05185449728701348,
          0.06296383441662719,
          0.03608631627393164,
          0.0,
          0.05804213029247709
        ],
        "n_seeds": 5
      }
    }
  },
  "n_seeds": 5
}