{
  "methods": [
    "mlp_proj_remove",
    "mlp_additive",
    "residual_proj_remove",
    "attn_proj_remove"
  ],
  "method_labels": {
    "mlp_proj_remove": "MLP proj-remove (canonical)",
    "mlp_additive": "MLP additive",
    "residual_proj_remove": "Residual proj-remove",
    "attn_proj_remove": "Attn proj-remove"
  },
  "data": {
    "attn_proj_remove": {
      "exp3_alignment_behavior": {
        "alphas": [
          0.0,
          0.5,
          1.0,
          1.5,
          2.0
        ],
        "values": [
          0.5666666666666667,
          0.5733333333333334,
          0.58,
          0.58,
          0.5933333333333334
        ]
      },
      "exp3_reasoning_em": {
        "alphas": [
          0.0,
          0.5,
          1.0,
          1.5,
          2.0
        ],
        "values": [
          0.53,
          0.545,
          0.53,
          0.53,
          0.51
        ]
      },
      "format_compliance_v2": {
        "alphas": [
          0.0,
          0.5,
          1.0,
          1.5,
          2.0
        ],
        "values": [
          0.4945054945054945,
          0.4835164835164835,
          0.4835164835164835,
          0.4945054945054945,
          0.489010989010989
        ]
      },
      "mmlu_forced_choice": {
        "alphas": [
          0.0,
          0.5,
          1.0,
          1.5,
          2.0
        ],
        "values": [
          0.49666666666666665,
          0.5,
          0.5066666666666667,
          0.5066666666666667,
          0.51
        ]
      },
      "structural_token_ratio": {
        "alphas": [
          0.0,
          0.5,
          1.0,
          1.5,
          2.0
        ],
        "values": [
          0.04978777601813109,
          0.04958450888092791,
          0.04936480542251297,
          0.049155078311635216,
          0.04932919316839815
        ]
      }
    },
    "mlp_additive": {
      "exp3_alignment_behavior": {
        "alphas": [
          0.0,
          0.5,
          1.0,
          1.5,
          2.0
        ],
        "values": [
          0.58,
          0.58,
          0.58,
          0.58,
          0.58
        ]
      },
      "exp3_reasoning_em": {
        "alphas": [
          0.0,
          0.5,
          1.0,
          1.5,
          2.0
        ],
        "values": [
          0.53,
          0.53,
          0.53,
          0.53,
          0.53
        ]
      },
      "format_compliance_v2": {
        "alphas": [
          0.0,
          0.5,
          1.0,
          1.5,
          2.0
        ],
        "values": [
          0.4835164835164835,
          0.4835164835164835,
          0.4835164835164835,
          0.4835164835164835,
          0.4835164835164835
        ]
      },
      "mmlu_forced_choice": {
        "alphas": [
          0.0,
          0.5,
          1.0,
          1.5,
          2.0
        ],
        "values": [
          0.5066666666666667,
          0.5066666666666667,
          0.5066666666666667,
          0.5066666666666667,
          0.5066666666666667
        ]
      },
      "structural_token_ratio": {
        "alphas": [
          0.0,
          0.5,
          1.0,
          1.5,
          2.0
        ],
        "values": [
          0.04936480542251297,
          0.04936480542251297,
          0.04936480542251297,
          0.04936480542251297,
          0.04936480542251297
        ]
      }
    },
    "mlp_proj_remove": {
      "exp3_alignment_behavior": {
        "alphas": [
          0.0,
          0.5,
          1.0,
          1.5,
          2.0
        ],
        "values": [
          0.56,
          0.5866666666666667,
          0.58,
          0.5733333333333334,
          0.78
        ]
      },
      "exp3_reasoning_em": {
        "alphas": [
          0.0,
          0.5,
          1.0,
          1.5,
          2.0
        ],
        "values": [
          0.505,
          0.585,
          0.53,
          0.535,
          0.49
        ]
      },
      "format_compliance_v2": {
        "alphas": [
          0.0,
          0.5,
          1.0,
          1.5,
          2.0
        ],
        "values": [
          0.32967032967032966,
          0.41208791208791207,
          0.4835164835164835,
          0.4340659340659341,
          0.44505494505494503
        ]
      },
      "mmlu_forced_choice": {
        "alphas": [
          0.0,
          0.5,
          1.0,
          1.5,
          2.0
        ],
        "values": [
          0.49666666666666665,
          0.5133333333333333,
          0.5066666666666667,
          0.49666666666666665,
          0.5
        ]
      },
      "structural_token_ratio": {
        "alphas": [
          0.0,
          0.5,
          1.0,
          1.5,
          2.0
        ],
        "values": [
          0.055490334978815524,
          0.05207729132521362,
          0.04936480542251297,
          0.04801714226800333,
          0.05197288581443609
        ]
      }
    },
    "residual_proj_remove": {
      "exp3_alignment_behavior": {
        "alphas": [
          0.0,
          0.5,
          1.0,
          1.5,
          2.0
        ],
        "values": [
          0.5,
          0.5,
          0.58,
          0.5,
          0.5
        ]
      },
      "exp3_reasoning_em": {
        "alphas": [
          0.0,
          0.5,
          1.0,
          1.5,
          2.0
        ],
        "values": [
          0.0,
          0.0,
          0.53,
          0.015,
          0.0
        ]
      },
      "format_compliance_v2": {
        "alphas": [
          0.0,
          0.5,
          1.0,
          1.5,
          2.0
        ],
        "values": [
          0.21656050955414013,
          0.13714285714285715,
          0.4835164835164835,
          0.3092105263157895,
          0.3157894736842105
        ]
      },
      "mmlu_forced_choice": {
        "alphas": [
          0.0,
          0.5,
          1.0,
          1.5,
          2.0
        ],
        "values": [
          0.023333333333333334,
          0.20333333333333334,
          0.5066666666666667,
          0.04,
          0.0
        ]
      },
      "structural_token_ratio": {
        "alphas": [
          0.0,
          0.5,
          1.0,
          1.5,
          2.0
        ],
        "values": [
          0.028214285714285713,
          0.0061428153398520495,
          0.04936480542251297,
          0.0,
          0.0
        ]
      }
    }
  }
}